Charge,Hydrophobicity,Hydrophobic_Moment,Instability_Index,Isoelectric_Point,Aliphatic_Index,Hydrophilicity,AA_A,AA_C,AA_D,AA_E,AA_F,AA_G,AA_H,AA_I,AA_K,AA_L,AA_M,AA_N,AA_P,AA_Q,AA_R,AA_S,AA_T,AA_V,AA_W,AA_Y,Aromatic_Ratio,Positive_Charge_Ratio,Negative_Charge_Ratio
4.602095466827798,-0.4534827045690324,0.622560010009065,37.422608269512324,7.902740900804108,120.16706704827519,0.27617963305112986,0.0,0.05775019791403338,0.06661105224531427,0.0,0.08125373523850074,0.0,0.0,0.07740226995826649,0.11675513680747972,0.0,0.01569291199569101,0.0,0.01822902590428095,0.042809048718534415,0.0,0.0,0.007566278866251674,0.028486764946069103,0.016834960036116585,0.03187995258280937,0.0,0.1470890133357507,0.12216871595330295
2.6083356640760966,-0.5639529609895688,0.5814131453751067,21.781330739583296,9.200103535953714,78.48506593388582,0.36570480686710083,0.048007675883335925,0.06585498968960639,0.0667255984983551,0.038127790376600065,0.075431243946213,0.0,0.018193065127072035,0.12141693397216599,0.10443086099319229,0.07507481744843088,0.01762293124573231,0.0,0.04528555380587133,0.010035560647788867,0.2796389236041392,0.02517753939016521,0.012921034058088185,0.07219878299460411,0.10503836895676576,0.0,0.0,0.14252585537163978,0.03595420600863189
3.6284958718798084,-0.09163410541696437,0.3860263624824464,51.16077864097669,9.358230307674342,124.60635549383049,0.6003371842721582,0.05256326675165453,0.11873814501825161,0.032535675197977044,0.0,0.030643567140401083,0.07618660503530117,0.03647841438184514,0.0,0.0055996133650661195,0.14220281699585718,0.0,0.014299760588200988,0.0,0.05250565388387286,0.43424811655639695,0.0,0.042714008347014526,0.04062610982408641,0.03326192228693234,0.0,0.13191802568521704,0.22031343241228477,0.09368914860224631
0.8667493585706465,-0.3976389489616442,0.38906305898345656,42.398240091344015,10.112185870570565,103.26244596285305,0.3521889250755581,0.121235185707883,0.0,0.0,0.0068652497369072266,0.08634583248177029,0.010477327376192475,0.001926808672032411,0.039616224613252836,0.05499627209286054,0.005552152628559404,0.027846255824420015,0.04581419547550229,0.24628974561464284,0.0695159602914187,0.18273699494828127,0.0,0.0,0.03610480527971148,0.0,0.0,0.2273466093876525,0.2317096102430211,0.006709576055034708
9.029398538939132,0.0808703851164782,0.6304975678436913,25.570954370647772,7.60220326322176,98.2822862940534,-0.2035316262407899,0.0,0.0,0.08366377976151361,0.005410549400028202,0.0025481779099724156,0.07752633069320938,0.067064264170208,0.05561819096936026,0.26672092035767275,0.011534338818805542,0.0,0.06934262961761378,0.0,0.06898023816912016,0.1814652350760674,0.05901931429008934,0.0,0.0,0.0816177575807393,0.0,0.039179837033616174,0.31374064664244067,0.10396859450809148
5.603585727889947,0.5105612568746952,0.6403797598572369,40.53756987054049,10.200035286734286,31.160516126362324,0.37745920208154204,0.0,0.0,0.0,0.01803855935418248,0.013247135240452162,0.2765577014264379,0.05329564413346395,0.004815074469491969,0.0,0.2178396953420133,0.03516932857633383,0.0407204141009601,0.36743556539674377,0.07721954728830788,0.34813163449285056,0.0,0.054465504834195426,0.028843282752392077,0.013103573651388572,0.0,0.0,0.5124630220912495,0.06341163897712525
4.257613324342425,0.7590982465903684,0.6326955770236657,57.83573078578577,8.184748386481688,101.47059822823938,0.13564729077784288,0.0,0.0,0.04710463296599481,0.009717550187108404,0.11990459361531419,0.15724136584806386,0.024150481214686745,0.08461558402096947,0.2517901961221221,0.12614274144002807,0.03245858889824205,0.0,0.10977658005502797,0.03392816844691501,0.45533979112575773,0.04978932695767776,0.04642981506708671,0.00031423107299598935,0.09392506052168899,0.0,0.0,0.20755528835081,0.10506451318446217
9.061901080648981,-0.49853554358559693,0.88874928133993,19.105622429552724,8.611732959852562,96.1597191964033,0.3616489969184814,0.006509684208763869,0.03332000037972636,0.028874839282868735,0.015983497737820797,0.0,0.2906116429642638,0.0,0.03043205366643737,0.0,0.1650872630132078,0.0,0.0,0.0,0.02502622248410246,0.25686333127135197,0.02425285466841133,0.0,0.10434954863814752,0.15714981529227717,0.02172162111112492,0.13212988112634072,0.4546424889528016,0.14037161252140604
8.814511372350463,0.05683744287857795,0.18512616377746438,52.18206408772106,9.35310722559166,142.40322407202862,0.08657275054584726,0.1124094636323072,0.15828057274731708,0.02723123892445363,0.00536086391015788,0.1331391445937284,0.07834843824778635,0.040389389631903486,0.10095608678980175,0.17095486100914908,0.06377076182715799,0.022638510973952045,0.09319459470299801,0.1445549640525619,0.013380783209406407,0.07092636635534894,0.024888034785762975,0.027250090690591006,0.06046416101836304,0.11511270879840828,0.0,0.05100790968225907,0.5723603330128877,0.018907320598989925
5.890905038821156,0.7776492540540298,0.39180728080112054,23.63992824120963,9.008407430011694,94.00288989535497,0.11623093629932146,0.15683885623760133,0.05930127627412113,0.04020534359926345,0.0,0.1357753902500864,0.1668240930773719,0.0,0.050620993175328,0.20717681116465309,0.22227800948103438,0.04227935732281257,0.0,0.09401287372193595,0.01192621602721252,0.0,0.0,0.002586761527200058,0.05009843202755044,0.0,0.018471078328098748,0.04627559562924798,0.43789239159368515,0.0
1.7585882100073467,-0.43678977474094155,0.45331358281460343,56.38200161984352,8.917211956864772,171.94627708144156,0.6367934985439312,0.0,0.0,0.027889037932896994,0.0,0.09209129965682705,0.0,0.0,0.1142734364636023,0.11017351604540654,0.11240599396893683,0.008535808850435445,0.017364240238357313,0.2916803199094257,0.07032785156296391,0.05303607142509782,0.08736520432160386,0.11098514308685563,0.08104739658659607,0.02663134650315823,0.004307128376885211,0.19435219051451857,0.28316593776401405,0.0
5.685738360626931,0.13058071045924718,0.5293664280529766,50.83883033496222,9.667707621624956,50.067084687697715,-0.474657880916707,0.04850940846995712,0.018807453019200036,0.0,0.0,0.01744136746303018,0.05567707995315527,0.0011812437635300294,0.02481184417463158,0.024737312205889886,0.0457766157763856,0.0,0.050124952318283,0.0,0.048099880836024095,0.18100284976885325,0.0,0.0,0.09141763020876106,0.06265764444296619,0.05428655422015845,0.050593302345936564,0.04350341641685784,0.023587131492079375
11.214734396905726,-0.27615693464968927,0.7404301579714647,29.8058435428249,9.226301151085261,61.90312292372582,0.29784324900900305,0.0,0.12927359483643266,0.0,0.0078333125893954,0.025973394130574236,0.13737808040480418,0.0238997861257447,0.0,0.20756579947539835,0.14155270086431984,0.0,0.08242382609247649,0.0,0.0,0.2654582658445267,0.008579107831692634,0.005752938737279396,0.015741057980278306,0.06635697199838153,0.05336062656506502,0.09699664139412846,0.3640824418947183,0.014411312063944616
8.6140286695097,-0.36578444849942027,0.5066348024849681,47.3521853976153,9.291048423132263,65.32202166379055,0.3581467183308512,0.10580055582022212,0.02929057837619577,0.0,0.0,0.07422578355572484,0.07839364731713443,0.05487595650064411,0.06750185079427788,0.0,0.051933338373862645,0.010438754811241185,0.04426843410112226,0.12431136088195303,0.0,0.012492322233957354,0.059857125053462676,0.08704222523337991,0.13444012236495784,0.025392406667230232,0.03413335545473025,0.1976421727329758,0.2526945797002378,0.0
9.156414990669528,-0.6455984743814591,0.5227818391042298,27.480148180047276,9.994564802713272,68.13567287594833,-0.0769270423181736,0.08066637563200924,0.11081350256290254,0.0,0.01745439773201584,0.0,0.254234257869361,0.027101450373591615,0.06497122967393612,0.0,0.12252211046587716,0.03081514701705312,0.011165449181930583,0.33579183392524237,0.0,0.053035143404543836,0.0738135611341752,0.09763523348801294,0.09978952608873393,0.0315189226323431,0.006809633776016474,0.07392392488770529,0.40713033046133984,0.004131631963458407
12.904344887156217,-0.08025248257842652,0.6531822054024368,48.9494495473124,7.872342956188979,171.77153524131137,0.7331585057139847,0.017190771381667067,0.11508585209231623,0.014447135463575995,0.014761937008405267,0.02625160739456381,0.3175394334760317,0.0019008255695507174,0.07530680406486309,0.08508530564631206,0.06595475143923595,0.02236968851213405,0.018099887947063097,0.15516314015113597,0.023335788466271726,0.05895329443656015,0.018737837986660233,0.021950075762165018,0.08144458560112382,0.0,0.01998755933570602,0.06085597822947443,0.25944633702926073,0.10664462325173227
5.3960197518183195,-0.5202758185298566,0.9093848469959283,52.06514735581996,9.50506229080864,101.21897035217664,-0.3444822628451144,0.09635479091503169,0.1899979669013945,0.018814364428691867,0.03299120881965616,0.07977759306048608,0.312850159950091,0.0,0.06912806953896082,0.15898822193751044,0.0843295581993861,0.007850056951365984,0.015402131352937972,0.27125898899924417,0.06731352974579857,0.15013269542231908,0.0,0.004507003866692904,0.04090340626100458,0.008740962366535631,0.01819150415665363,0.2002645883242595,0.0,0.12487651926578161
11.42933681311095,-0.993698369740367,0.6337692253923901,23.391106646628074,9.507502201084858,71.39193912265605,0.14130397976897816,0.019578301813784754,0.052335411110679436,0.0,0.0115249918726019,0.07211877781123457,0.15575465867880706,0.012263680278136568,0.0,0.19084369929768713,0.18125803967042453,0.02869260300524053,0.04397950226165184,0.12532589002060548,0.0,0.45822125103072997,0.09429527132285853,0.0,0.09771304026002213,0.03909480159866259,0.05654427807289841,0.036843852551523906,0.39621562299018637,0.06824191429785773
5.405452861683259,0.12201515742775537,0.6327338737880117,13.574256478617755,9.063273371269297,66.29047148997498,-0.06745326316668959,0.09060600222396042,0.10646329879110442,0.01242645935810848,0.009340674978913754,0.14306674032324868,0.1225861449298436,0.0391802442645912,0.11416468090993645,0.01117980561925222,0.0841445482152867,0.0,0.05083400569034921,0.0,0.022471077308540862,0.04461018230121842,0.06265552976118774,0.0,0.05527175853934949,0.07509021965479969,0.0,0.16337057419632764,0.38949377196391555,0.000539950361123219
7.829089489340384,-0.6150961076104333,0.6215854726272312,50.45006406042701,10.005639046061182,41.04032759636694,0.09789923203548383,0.0789155493148001,0.0,0.07864580503695541,0.004779702950938703,0.054727961998064234,0.13344317930390154,0.0824239297401926,0.10792325336114819,0.26229072480576615,0.11100906214383373,0.006472006089476999,0.0,0.019439832364589044,0.0,0.07508421347836398,0.06873035888763271,0.0,0.012812607394070336,0.0,0.0,0.04612696085201634,0.36785529756152247,0.030329195711312068
9.61662069235598,-0.13575359384782953,0.7072073857161312,35.42574285711832,9.146737229165213,124.7821213910498,1.1211582735572057,0.053047270066272904,0.0,0.0012966557923869346,0.07475693530848235,0.0,0.0,0.0,0.12432088713926642,0.16233613361176996,0.01646487446434003,0.003269464834338167,0.0,0.25174664902822047,0.0,0.3532022459791526,0.04023921302683784,0.017920656486207828,0.0808871102506438,0.0,0.0,0.10430066569687398,0.33885372835805927,0.04139172452728831
1.8777473588285059,-0.33534022335193003,0.8362848635929718,26.28449630721665,9.929992508949049,142.02419866791286,1.2599922394527536,0.0,0.03757398847242001,0.03750099572730897,0.03407946532675281,0.12006319826164369,0.23360380758586008,0.011901756823420557,0.0,0.13868302072866934,0.0962632618282057,0.0,0.0,0.1051734486329012,0.0,0.10753251931949759,0.0,0.05306444191141847,0.0,0.0,0.06065062852265677,0.002381669896786634,0.040559441614298725,0.11834509977491733
5.422003619917702,-0.3781396576543678,0.4998447733577103,30.450769862075518,9.393165503698055,37.87243792627511,0.32521240720558425,0.07214592063943744,0.0,0.0219176240253571,0.03324141060925901,0.05952834113907106,0.0,0.045411232508523525,0.10081676753536475,0.0996989697308123,0.21172800713408896,0.005363659343626586,0.033545961709260164,0.0,0.001890920514764971,0.0409289425389482,0.0,0.10625578151537059,0.07294846398274513,0.076452081476902,0.0,0.12143801255789369,0.6069738240870097,0.059206931081552325
8.805882366645143,-0.1637424726156803,0.5776670310506892,31.52749900647354,8.912336105032077,130.74210528126628,0.43423343511014245,0.0,0.018076381304970877,0.054786857298869895,0.023535362780894065,0.0,0.1652520066805469,0.0,0.04204600144350695,0.1542030771944195,0.16636988673323752,0.01624353394081774,0.05722449164203143,0.0,0.030150900143652414,0.05295792126697038,0.07790090674005246,0.0,0.03859786111175578,0.05804837576604696,0.04589395879363769,0.043332937860081994,0.511512285469775,0.013876918456221334
6.712063247930257,-0.25321256034912437,0.6483758039320168,55.44559762481876,9.865828154471803,11.433014502709938,0.12003991712319612,0.14963986805402799,0.007430173257941562,0.0,0.0,0.009438275895496593,0.019308042083825777,0.00042157443220092704,0.05578464996830841,0.18246870572364277,0.09319381991373644,0.03950970028997723,0.0,0.17714077755552224,0.03671799636786368,0.054125281623564586,0.051441129572252234,0.099484382610356,0.0,0.0,0.045565874362096095,0.1206717851221493,0.0173091920438756,0.02901444754054733
-2.853787328173973,-0.776240240184218,0.42464779231515193,41.6473343728543,9.440280298613102,23.09036642942869,-0.16289421836860646,0.03788046054971858,0.0,0.03264583446617335,0.0,0.025540289925237516,0.0,0.004109830052111596,0.11910746018763804,0.1535658132791933,0.05568346104489102,0.032771339662461985,0.08836622656027213,0.14907735498966013,0.0,0.0,0.10924247384035128,0.0,0.044621118058775694,0.0,0.046459464041655525,0.1251321482069655,0.15632907521945122,0.17772187918350743
10.936005102733489,-0.07476890181718457,0.6443458305646836,37.6461628992686,8.13570280384594,93.96340221178755,0.47462352178645084,0.2063322213459886,0.03832438789764052,0.0,0.0,0.05047017485786523,0.2501664913376518,0.0,0.03913690166350346,0.2675502967827495,0.10416535797644308,0.0,0.050580250394539075,0.0,0.025138704864841818,0.2885639746718517,0.0,0.0,0.0025987020066930017,0.0,0.05598131261208308,0.07387352454723177,0.13210608707397348,0.03137016645545739
4.69018741857991,-0.9314717510420123,0.5874276460128458,28.00493761347068,9.885165902102164,30.68738724133786,-0.15634652802646004,0.05352434671260133,0.0,0.05223651420328125,0.039393154477172676,0.006529114365618441,0.11538893340980055,0.046126154428989416,0.005928895204642737,0.0855733967801172,0.13507019391538533,0.02483865029490378,0.0,0.12915834252160838,0.0,0.0,0.0,0.09887887970454765,0.02983874876013192,0.054594064324640486,0.0,0.011371703711443651,0.019365123876363688,0.11678304764208439
8.475889201588545,-0.36065411942104,0.7072140142507665,56.23131988210376,11.5,39.73173857450231,0.5434524581127693,0.048837152454453796,0.0,0.051183410906056825,0.0,0.140644656015798,0.0756677714873414,0.03090117064687228,0.013676215984102028,0.09712492805119168,0.04241020129543027,0.0,0.0,0.0002886333835251942,0.05975015056379497,0.016942823668064794,0.05415957081237624,0.055555670489950165,0.07258763992715107,0.07711389118275175,0.056646662562781336,0.2418187533013581,0.04584346233676195,0.03503565963647372
2.550698181810073,-0.4414594554595065,0.6117347924796802,30.52185184685645,8.40179824137752,93.6991829194585,-0.6069564326743399,0.046479880151478255,0.10716415159916062,0.0,0.04155703640871921,0.05378668199192552,0.10908004579030289,0.0012639392083267382,0.01992139832050168,0.0788426582385055,0.0,0.01969888835083615,0.0,0.0,0.0554843248716191,0.33037850798899393,0.0,0.05232314794583698,0.15276400732287526,0.0,0.07055957954725035,0.03421173900883235,0.3980925755344974,0.1451255449447619
6.931966882315124,-0.329073684146606,0.2262723377517249,52.940689104410886,8.043587443493035,101.84576574946087,0.8947881310026522,0.018293629110096563,0.08664905466419948,0.01665749853286245,0.0,0.02752978030566211,0.15457416010703762,0.02846729850849617,0.0016662428626536482,0.10049425218807574,0.0,0.0062400538333133885,0.0,0.08677037790182553,0.017157001646381665,0.0034246623955594413,0.09399184099330243,0.0,0.13873168342553757,0.0,0.02944268358886551,0.12507257123283919,0.3697905058517444,0.059756705441065004
5.527367069618175,0.08306329671763979,0.6435839923198408,39.00789444615311,9.172214666497307,192.12364265743363,-0.10076663808426123,0.0112904087468551,0.0,0.04068506912130955,0.045001950287330256,0.039714205666780425,0.2452318135389161,0.0,0.0,0.31298403004576,0.0,0.021689242253599333,0.0519385929306312,0.0,0.019368644083897504,0.21286311566137098,0.08614028740540383,0.006529640494751614,0.0785020396059533,0.04949202762173728,0.0,0.11455351730800097,0.503239447981516,0.0332055524215108
7.237913804002902,-0.6416842266359963,0.49444010973583885,23.26876778893628,11.374952776078219,51.083363111161816,0.1550807812225641,0.1383488376090707,0.03665969784333215,0.02438268471510935,0.03657404710212542,0.05570734383498188,0.21676425970086982,0.0,0.14685304984593356,0.3458994749566306,0.12488697397331427,0.00476611706474782,0.008395461691702258,0.1301156688282665,0.022310372755753954,0.16692157810411948,0.0,0.0,0.01867826106375113,0.005751625199813943,0.014665881743453906,0.04390569859962461,0.2472976358629988,0.0
-0.5790654388538323,-0.05910505438283453,0.8348636180356349,20.433285246138926,9.49015416786495,53.588811660487664,0.34896207023886683,0.0,0.06081454111767664,0.02974593292086728,0.006824940394072733,0.06387748994897346,0.2400352750536351,0.03203468348142765,0.06909824180164931,0.21025473674523018,0.12197541350700054,0.007152365067776728,0.05759212395919154,0.34511773549288044,0.0,0.25426358748219785,0.09593484520198309,0.036082266643491824,0.11409754013073539,0.0,0.011945880118243142,0.23711084802051136,0.36007501848279466,0.020378301048507765
5.121339114847107,-0.21350187147001962,0.47465023517448995,25.357157348707723,9.99027240569159,72.18666034643441,0.06269166723942818,0.10078249465743018,0.04505174451249995,0.0,0.0,0.053620745369257386,0.10601434940653406,0.007833116346824256,0.05357793769411532,0.12323852436087998,0.10351518353129989,0.0,0.05269942264082714,0.16747424234921376,0.0032565462652747457,0.059954532718352604,0.05665963771626836,0.003058626195010159,0.01758821617924631,0.0,0.0006156880145741749,0.12138304431888369,0.34761249159960095,0.0475471912007807
1.6803062643272808,-0.39694624332575446,0.5979465590072127,36.970530269898,9.686264384299431,66.91874196987791,1.5221988369100927,0.0,0.07074306179825637,0.04127937356126604,0.015122851297018096,0.05329490860646777,0.09336022989674504,0.0,0.0,0.2357748981404319,0.10964520292588795,0.0,0.0031102577457113034,0.11927732946133456,0.07595676940148254,0.181097915009677,0.034997753544378306,0.05093595287166528,0.12405080454000661,0.053449406852020306,0.032719553346560806,0.08019840490205477,0.012744257313716256,0.059658845647077935
5.089693835529386,-1.1593537611165337,0.22088513980019303,26.464603130936297,8.189547041120797,93.05347621556459,0.41116270053528126,0.008176966608470983,0.1065989966627521,0.10374792160875344,0.06168562231844111,0.0,0.16987055955685929,0.0,0.04607156867953034,0.012650960524864113,0.0,0.023673205584093124,0.0,0.0,0.07910705985098829,0.20703915296982417,0.044678907207016005,0.035354116963931856,0.09565502595299337,0.0767501932120939,0.006434743052408664,0.013916523725486685,0.35881465539296437,0.049916795086932225
8.006658565875236,0.17242341444992332,0.7567806693198952,44.09826683510583,8.021903753367257,116.69324896711115,0.08578981642559419,0.04916259553246828,0.0,0.06505878813201955,0.0035386294059183733,0.06680882349388399,0.23514251195433547,0.0,0.027784876659205447,0.12849864122841853,0.07557499667846766,0.003245258353161154,0.03441638491785646,0.04568506974671766,0.0275218586959404,0.0,0.12756673633543342,0.05816022562641926,0.0,0.05706244331450156,0.04472986996866711,0.14069184484837238,0.242549734149556,0.05191561869132962
-0.6752447579647383,0.4305487127682289,0.4851543281323648,38.73343363442888,9.899980329565075,12.799488253525055,-1.002784045328073,0.0,0.011716770885565837,0.10229274098563305,0.03251012365081827,0.08493220715991347,0.11918990600207935,0.0,0.03274505946231894,0.15399910820725934,0.16480920078689626,0.041251885566653296,0.044840835146441646,0.33176196050916,0.0,0.2361533212332032,0.0169621191465404,0.013774070368726101,0.0,0.0632722096924265,0.007186017989095973,0.14038836990689907,0.1693789409938236,0.07709614549452176
-0.8967064834428466,0.5842523054341471,0.41244062721410746,20.042720883562847,11.258281951076714,55.668299250433336,1.1930742408878938,0.07873606750881663,0.0957662719962151,0.03514812362619104,0.010866785932746035,0.03972396062757442,0.12977261146944932,0.056303538668102004,0.07657273080700597,0.0,0.2610159671447921,0.018078716082568037,0.0,0.2327165289927688,0.0,0.13468427278596107,0.048839827874657356,0.0,0.0,0.021434317312140082,0.0,0.05956259922373901,0.31114309142031477,0.0
5.507548323474472,-0.6825778599761723,0.5955660282247232,40.50197284177431,11.5,45.58912563062179,0.3018162449423821,0.038829797487541055,0.1554447148415032,0.0055628818044047915,0.053744857108785085,0.062194598419708966,0.08691090710922127,0.0,0.0,0.16405657642548,0.017387005163818817,0.0530600570266697,0.02384664421068622,0.16085279359653482,0.006093705931796072,0.17875881714828687,0.07748551948704505,0.022687600150318076,0.11689278884454146,0.0,0.0014134127936392057,0.17874701656742095,0.44842228224346403,0.032578789297952146
3.1424210198362044,-0.4330693954717977,0.6548228658738878,68.68553380795377,10.442309652235672,39.743852997395855,-0.031819969794253666,0.10433541599209789,0.046080436545417824,0.04975322166643531,0.02000670622166388,0.020976487478460523,0.14755408640512738,0.0,0.05456499389202103,0.041319642348179704,0.2085159243516235,0.0,0.022965165783910325,0.12534920166629365,0.0,0.07300080071377758,0.0759991384513832,0.05724604881764524,0.10035474097792332,0.0412949077580073,0.04726368979672275,0.14191821433583296,0.0,0.0
-0.14196754015548674,-0.8920854485601574,0.42303276439016757,47.91609856336679,9.553541100882352,59.745561274160416,-0.5634255667390115,0.0,0.0,0.04047247042774672,0.029160305299986866,0.0,0.13511864488115238,0.017542374286005535,0.12370980885447544,0.0,0.029259393067650012,0.013822187827906219,0.0,0.3250119937301991,0.014473052416609733,0.09501769198111523,0.008481029088752791,0.03252912532346065,0.051535887831804274,0.03612648364334041,0.0,0.12361802680371181,0.3337045584119124,0.09973377890556887
-2.166824198260999,-0.3778400146628432,0.8816635303127308,32.77119189733854,7.816412953579446,61.871814907417516,0.15895227742738938,0.09006253249050247,0.0,0.0,0.022652696196737286,0.042481306528872304,0.18532720834448518,0.009554297745785832,0.03640848992911523,0.06545512382704663,0.13854611576832748,0.007983194294037339,0.0,0.03027272052941804,0.04940345446227069,0.021422910874730666,0.0,0.0,0.08510686334291946,0.12689590812617746,0.07273882986709043,0.24137088723138667,0.381081142925188,0.010704007332173027
3.8276547438443806,-1.1669339924019075,0.5600564600833432,55.2922830662355,7.213130878882214,83.91816268658721,0.932207526685432,0.1023323939961451,0.01392845713126005,0.0022815347394028844,0.03891238013713341,0.08018152202173143,0.13035898629380047,0.0,0.0,0.04976446836551847,0.10295669231670708,0.0,0.0,0.21104862320061007,0.0,0.04555559603555569,0.039220128825853774,0.08829056340545541,0.05395234017781711,0.0,0.0,0.10610682013256949,0.16232309596327693,0.08117113024551018
-1.8581693310142322,-0.24562618176115908,0.6033758452898369,34.3559654508124,10.452043513888455,82.27170417300614,-0.06013472291764177,0.14633409998324237,0.06687907529728385,0.04634719371502717,0.06033888986470483,0.08116144802744316,0.1960766170346337,0.0,0.017162992364411656,0.015817527329380007,0.03526677953111974,0.0,0.029831667612076913,0.2659537976236137,0.05156978178563394,0.06214078420447487,0.0,0.05710241161237376,0.06093329921555598,0.0,0.0,0.1776365262389829,0.11481014521905716,0.1800521374025241
0.7528495207538297,-0.34157125635212215,0.6942747631317392,52.63284976849363,9.466442779622191,25.55553250226435,-0.007753777302454384,0.027139360038886805,0.04728441761856732,0.13060914426231748,0.012607547765132492,0.026063457144012918,0.14275939710954422,0.09796886100144149,0.0,0.00490382980802391,0.0,0.04152579551140907,0.062023549856944686,0.16651931149654803,0.044775173336294605,0.1221916171078514,0.15477242457147838,0.040131596186649035,0.0016436029733715926,0.011341846657846865,0.008892177308814466,0.1117735506081204,0.30741179524327333,0.08621510722051565
8.427201538605187,-0.16598763124100235,0.7356412230956366,39.477387019239025,6.0,195.40958775366715,0.33621326450889827,0.08539463112193699,0.08897768110393808,0.120479812884794,0.05558875832418399,0.12087799591742415,0.0,0.06555812600672316,0.1361691752235806,0.1047644929115848,0.16956939990847952,0.02015490895175053,0.0,0.0,0.004926696040336721,0.19996254496091784,0.0,0.07229413593702176,0.008890624080194434,0.06129602357297308,0.042229834181085994,0.26207612413886733,0.17838528750236166,0.06300415969864738
8.738568743259846,-0.35827119380222433,0.5648045423719908,51.32284271726925,9.513108865817856,56.175103323122244,0.49958073877030806,0.04194449290291047,0.04818674451304015,0.0,0.027781374988807638,0.019457267506286815,0.2565671878313433,0.025462047924651475,0.0560265653662439,0.06079346063929601,0.13620199142996336,0.01021907236004323,0.0377180564150296,0.0,0.0,0.28274897435254914,0.057065307207079405,0.03807944216899063,0.0,0.034060949434266075,0.0,0.002054608045142639,0.3432920433274113,0.058024109345288316
5.626560912512092,-0.2421514548592831,0.7265379936110815,32.44326473851209,10.016708713700144,88.37124411968409,0.3424969382124015,0.06960395186658762,0.028046734144457075,0.011327380653373484,0.0,0.0,0.12587924256632865,0.018835827343156343,0.0,0.02269313651949549,0.11187616961837876,0.010762439727375664,0.10083233459152578,0.0,0.025002649928615735,0.2989857123182562,0.06289549512013773,0.0443049037740673,0.19498485137249685,0.028370651758589625,0.05662468482053142,0.0,0.33561811241716544,0.025506830553199692
-0.4083490433359618,-0.5627946576531158,0.687045768929913,68.52308713301112,11.5,107.02208695910628,-0.21707259939142265,0.05564247723320912,0.034059283687572564,0.01345278113812937,0.007986149962161421,0.09168988483392343,0.013003099781797714,0.011023629160588293,0.13356378387720744,0.04948700918195723,0.18017044512881092,0.027263716814108677,0.0,0.002936003084232308,0.0,0.0,0.010729037822193595,0.0,0.06732316353868185,0.06179585955207692,0.0058892254715333416,0.11805080345676519,0.20755128530603215,0.0
3.859924460670446,-1.2282041722696035,0.5961093336594606,21.725331236769083,8.308156820732012,83.65660134571004,0.003742112400143466,0.2107619102283074,0.09046450057429226,0.06352604912042942,0.0,0.0,0.12557050378070755,0.0015592385078202209,0.03659618519758981,0.11878511278938407,0.10686465505591781,0.05953777146634123,0.0,0.20466382919897175,0.017479767806454827,0.09285846909855103,0.10497747349464373,0.0,0.0,0.11909780298286862,0.060755081580294766,0.13868422374524061,0.29336172113668646,0.02373362928593299
10.08535943343324,0.20141230677423005,0.9476364680236347,52.21906559555144,9.945376150369462,46.856270883810986,0.18773195567427184,0.09135188279100448,0.043767248264795035,0.07914309972649211,0.0507742750306679,0.049772113604948626,0.16114609564669935,0.0,0.052342932786401244,0.09959800002961168,0.014031744609455277,0.009964154396509764,0.12050331390335951,0.21001098212227054,0.045256046389668805,0.16045799667270805,0.02042371514238865,0.026019302203784355,0.0799094517251623,0.1282557585277787,0.009555041291007784,0.05199960607632458,0.3237604077796567,0.09065504747951744
3.2155382450270995,-0.1648759915155401,0.8519813479169946,78.53905570165506,6.066630097152483,75.14159774092346,-0.2404977593274032,0.0,0.0,0.0,0.054059331517112875,0.0,0.0918910627730505,0.045250473200937724,0.016532103061881,0.07220762379802101,0.0,0.013177209169268976,0.0,0.09248734752132495,0.02024710854078587,0.17554734431181193,0.04343247650743043,0.044548511069096686,0.06098645242740784,0.04646505195732324,0.0449629327701412,0.1359018160022879,0.22675982702049396,0.0
0.5028748095712636,-0.6023188431596351,0.4841679963218205,26.110727990511755,9.507337473017339,87.85547568867526,-0.17609836748785762,0.01303607570636614,0.0,0.08236296187199968,0.027228110835509155,0.11112992416503906,0.1961740108815132,0.003762312281954861,0.0,0.123891613896636,0.09044868736456829,0.014592798846467291,0.0,0.10654853459117965,0.03306054493472306,0.06855399244671538,0.028309286152486013,0.02206507033307513,0.0,0.08305850277952456,0.09216413467484644,0.08804857683883008,0.0,0.014104906320276021
6.654811104481905,0.3188921679610103,0.5191382011086142,10.241881494485476,8.88667737322006,138.8014463685409,0.4057860464108517,0.008110983911967545,0.019554725847761696,0.038062977571094836,0.02652318918934031,0.0425987847756253,0.0,0.026608472366398336,0.06797196551681023,0.06676455464512379,0.030076157514853333,0.023072574121933247,0.008698437266548665,0.06330783639665101,0.052722367808575074,0.0,0.030890069781673912,0.048312270792136965,0.1295294896415064,0.02502192657328027,0.03787374314678592,0.0,0.19766246030545054,0.07447130550460739
7.648439775251025,-0.21441119959814084,0.23457212335456945,61.8021539245903,8.794006279512667,51.460614452652706,0.48206083552949935,0.0,0.0,0.053408305758743405,0.0,0.02655711094622931,0.04440887167203669,0.0,0.03652593282816234,0.07050952785499195,0.006230397418991382,0.0,0.0,0.11149482135689474,0.036223696601900654,0.0,0.0036131269522610976,0.04705603255168594,0.056417719258055415,0.0,0.015527511025007046,0.0005637492390191123,0.26468664344018755,0.033311319061465866
3.2938240159343635,0.11436682103075352,0.6680971733735995,57.682925900245195,9.80807416287537,12.5473062996724,0.11528180945660711,0.02274930983221158,0.013903733231185975,0.01864689501391774,0.04454931332738158,0.014643902754671864,0.0289984331714178,0.0,0.08609636761904697,0.0,0.0,0.0,0.09991178268695584,0.0,0.03979316125727901,0.42287829102047636,0.16321865351008819,0.008922349673503957,0.14458012389316893,0.04251897302901089,0.0,0.0,0.13842998647004312,0.07950868718823188
0.5014642295253706,-0.36883770731814813,0.7497890132094603,50.42114678008275,11.5,87.90658451632017,-0.3051670708743821,0.19960002625792597,0.0289084916883981,0.054032122856435216,0.0,0.01235972462646567,0.04926798874233057,0.0,0.03573964013908209,0.3140358984145731,0.08889219843001406,0.007858906182896166,0.035941640616594696,0.20815730607558744,0.0,0.1340410380890712,0.10152287395430555,0.0,0.0,0.13716602899704378,0.02883678778262485,0.10835708572942099,0.060760080916327786,0.07663091347465131
13.038559551318928,-0.2917456827033175,0.7593821355948656,51.16940102220032,11.5,97.48493288154059,0.7814779640461547,0.05906517354281853,0.01747546358553481,0.0,0.006880730477172633,0.04250854951481385,0.2233165281802918,0.010141513689574794,0.0,0.23068927846753667,0.07365454420404138,0.0,0.0,0.3072851208203913,0.059894518658357515,0.08094274809448639,0.05796609955053404,0.040500950396863473,0.009089132165439655,0.10771591236760111,0.06934051283881691,0.09097736468921674,0.22606561726423155,0.0
13.318006875436904,-1.1282123850764876,0.5588445017577585,43.35759011187178,9.143265446238914,39.51561000464052,1.188161615907958,0.0681538576943724,0.16098133244429247,0.048260150633935066,0.0545069868845143,0.04630014264990726,0.14125299710834455,0.0,0.046326490165301305,0.0,0.18416508748160854,0.0,0.08612538565982095,0.22042665980175213,0.0,0.0,0.03453977925325002,0.02682461250559762,0.08885189226692083,0.04267449553568166,0.0,0.0,0.3865126298670509,0.06382172369528136
0.018112582513656328,-0.21371382472324252,0.83484023006827,42.43589178922733,10.201200520124374,31.894143991361595,0.4844946625870469,0.05972805403238289,0.0,0.034252566300687466,0.0,0.07408049597233327,0.18179088783447828,0.06948575064796594,0.08164674974234225,0.24339935394361661,0.007681183847806916,0.0025797692445410523,0.06613962919378032,0.11483486968431222,0.10358839080062548,0.3249363518493672,0.16523089019423165,0.088672398918219,0.0,0.0022237978510905344,0.0,0.001027964337277712,0.14979951699541796,0.0
7.520833074490147,-0.9935022242590263,0.43666838815327746,25.319915611449886,11.5,135.82925758488128,0.13099129428741943,0.0989929012988117,0.0,0.0,0.036275611652701295,0.1362238400935445,0.04653866407073103,0.0,0.1260897028802287,0.1112228852414389,0.11127052126549196,0.012520113459700864,0.03802592523736799,0.09004071085137061,0.04045169107735819,0.10490364653893397,0.06851687545969713,0.09900782421226414,0.18435854446021155,0.06539050765980034,0.04239146471898349,0.020900845789669352,0.31561721344652127,0.13315517534937008
5.9513103345359575,-0.8666578216636773,0.5841688141980366,52.359008589632836,10.276945490776763,50.487018321788796,0.5399392590926048,0.010210458175176636,0.020670295317759643,0.04958583805790539,0.0,0.004035536853256222,0.14561006450708408,0.0,0.11472139898778967,0.05151797811511335,0.0852254237940926,0.015441132350661642,0.0054610648359436215,0.203665256617698,0.0,0.07452214070432081,0.040226493039825915,0.07145660555653063,0.03433408082378178,0.0,0.03204121560408917,0.09831003971588582,0.017128560409493232,0.028745126237113824
11.079363898074867,0.7080170284675189,0.7720479632380366,30.789622929807265,9.694616615844131,73.34790573757363,0.30861342746852954,0.11174819583283954,0.006939038196486877,0.0662011120099276,0.04280916916960943,0.0,0.18604477708439526,0.05310962872433138,0.07130199262974579,0.15028088449340413,0.09782215592146516,0.0342098676511724,0.02711720004661111,0.2227261819340764,0.0,0.12575197122560802,0.0013296389345483703,0.09808068034895173,0.01388265712471485,0.0,0.07918061392138712,0.03379434221596452,0.16176193139559347,0.001957661382347403
3.849214405338676,-0.3943677572002425,0.9890008442747433,25.743269440027788,10.074363331137777,85.04057204124449,-0.297846526607073,0.12730540618707434,0.019564426029275224,0.0,0.03566528616683082,0.02037005116748645,0.06555724572933312,0.012347725058752392,0.01619017207594116,0.18359807613137966,0.06471083180184231,0.0,0.07150121409596699,0.19768957699926815,0.0,0.07146177273748543,0.038560586316151335,0.0065503297054001,0.1089607224817829,0.13204575948389452,0.055526487010128085,0.060948842231293834,0.21747918501725338,0.02756863528607912
8.388473084742266,-0.5541360182813747,0.6175820599160855,35.3950763599263,9.618058809319354,88.02072241329284,-0.7548043139231949,0.05023696180052448,0.0772650066145854,0.033694275975227186,0.03632321510072967,0.1027930115981881,0.1879755650584096,0.05688997810577566,0.04232560169568429,0.17849027134357387,0.1172638099619502,0.024397590076177422,0.0009748501519780926,0.18950283455228373,0.04362584002262075,0.0,0.0,0.035234521263150895,0.05974660312046618,0.13625752692361948,0.05365907862699562,0.1601042183750436,0.37811548415625157,0.0
-5.759919294510147,0.1274166822721881,0.999443018696963,60.88201670539901,10.046656226736602,120.28075403909779,0.48040195923218343,0.0696269102895263,0.016826635688099268,0.011095445819463347,0.03075030716382994,0.08475527813926637,0.11688066368082936,0.0,0.03717970950612333,0.0,0.1024499576468772,0.0,0.03268429497002644,0.010650420811881375,0.0,0.25436000617057625,0.09563952850416216,0.01363805418994493,0.07262836476587134,0.0,0.0458485653646174,0.08941198980465813,0.062377007855322714,0.1352176887907561
2.9664836617436037,0.0007337031709968578,0.8432842988635085,29.97439060025467,9.08051007538218,88.12560566974636,0.2515917025579502,0.09528359826837982,0.01829843790837852,0.05906681699614219,0.020214982413923343,0.07403778535825153,0.2005569159061488,0.08008859995015592,0.05997118792172122,0.17009952781641988,0.06777005427493468,0.0,0.044123166329972055,0.10716201379271291,0.02836843534471977,0.45687712746847786,0.0,0.0017931703735095741,0.04236689547742469,0.02873158609420181,0.029278496290879474,0.23910264082004012,0.3531755121946628,0.04823892215331778
4.828141746380662,0.24818865622110348,0.4352671189924524,41.55775931215382,9.8856099422353,138.8506895799136,1.13986123244372,0.0,0.0016822554154367515,0.043170809680374914,0.0,0.016283977446474415,0.01088864962966929,0.0,0.02281330598212373,0.0,0.09963108829581219,0.031505324790544076,0.0,0.16206718753906466,0.04694869804143848,0.2366199060224707,0.0,0.0,0.0,0.048330668486414735,0.011777440852402891,0.07742347751008603,0.31899613722774084,0.009314605261307982
9.830427927695341,-0.004400615410063979,0.5353738662291433,54.93986988362087,9.039301948486047,91.16860340310562,0.09258147448380145,0.15244834779316283,0.02987923706947311,0.07067423295514988,0.01948912545007316,0.0,0.0,0.04936579622964854,0.08088021223526755,0.08136843655168077,0.18414551395405693,0.01706272101721984,0.005271393528867442,0.19022278789437963,0.0,0.3118998500611483,0.08450781658990525,0.024230418754144317,0.10455181166627561,0.0,0.006487674844769675,0.008804366135364394,0.3736074824691164,0.07156130918745482
-0.8772121441047931,-0.44183677934921506,0.5428529257631101,65.4430829948329,9.920020419986693,42.37505839825922,0.20495442539609338,0.005733410191509809,0.01785153087858312,0.0,0.0,0.0,0.08445715200863667,0.003913654557818724,0.0,0.24551685797473616,0.12044099861252841,0.0,0.003646784583345955,0.13090956438369622,0.012653417112337993,0.2606105521441453,0.0,0.009942701775725739,0.11852050075158832,0.03559467088849287,0.0,0.12364086051507,0.07802816623799977,0.09177394889770518
5.095680923846859,-0.32602386110102866,0.4967437251572611,36.76654078796801,10.528034168732704,130.1232209573023,0.0669796483362716,0.03862435218220764,0.0,0.0,0.008995409434299188,0.11651964247557736,0.02943836528722415,0.014264995721932612,0.08692894742465104,0.2667420726994628,0.11793883814394818,0.0,0.08745573975324156,0.1334662578368633,0.03797207807226677,0.06345939511585953,0.14404441917682373,0.0121743682832231,0.11722103686248173,0.013428547939749945,0.06728233871747646,0.0959798646857182,0.12865100395450255,0.0
4.294646132318367,-0.2117571604882714,0.8038990851103154,42.85903657897252,9.005850572782421,37.20115342068235,0.34350085528123375,0.07120883837460028,0.0,0.036248308729291315,0.025637905981988427,0.15863563883991164,0.07585009180047365,0.004144667701515871,0.06464326872662475,0.12003649576774669,0.1566523080079738,0.0159378450382221,0.06867649541677645,0.061921820091034814,0.0,0.31126900146456504,0.014202175716441421,0.028078277900413257,0.028351043387099827,0.00022137087620152304,0.015486832914442047,0.054682570113799435,0.42581169508992994,0.09034467690297071
5.054436981662387,-0.31971774749929016,1.0931788657955166,50.19474390309681,9.823848789594273,92.57464745395798,0.6673016576067571,0.09974367987030888,0.006232447795296407,0.05672047228246324,0.04388873474793081,0.043067589490347995,0.0,0.009792288592550215,0.17825252183418358,0.21502664538554878,0.11701277980531517,0.013201446871300638,0.017016588003517054,0.16834843989426043,0.0,0.11221171942090111,0.01604159009624485,0.04395224935142214,0.029116090379353903,0.033801510786919925,0.04030057862600146,0.0,0.28555899854065997,0.14075184349221942
0.5994486664327496,0.5465900445027767,0.6219947457122983,27.396895018760212,10.614262448791932,123.63414441420917,-0.10695103596840361,0.09477245061254794,0.009425092284178697,0.0,0.005806636959435325,0.09111826810144866,0.06276212204578004,0.0,0.08569747710810896,0.03979514369270669,0.04651421668283588,0.032474371830984616,0.03183164016859096,0.0,0.00897408533253098,0.0,0.0348659963145607,0.0,0.006709888126394066,0.06105995216666176,0.0,0.05201601744590371,0.3372411852734301,0.1789918033678893
9.077934862791045,0.22083127270243524,0.8509719016691035,40.714511115301825,8.69142128981173,54.72481576790157,0.8026380753119061,0.0,0.07149925309867759,0.003757850586966944,0.0,0.0,0.10264695004576546,0.02473417997636857,0.05772236128304725,0.044580333687207,0.0335297611535896,0.05181327618260939,0.0,0.0,0.009665345930852321,0.0,0.06384298528323007,0.07712241668271677,0.007805333981678597,0.06423509995235228,0.0,0.019891000138615375,0.5245398568725368,0.023761830700946254
4.966211219753708,0.3711294427738121,0.7056858466735538,32.72886771969625,8.610864212246119,95.20767424633358,0.504478688450913,0.09561018515266083,0.06300069396657411,0.006084209287112657,0.010283114182645966,0.007069669113813307,0.06547372173680034,0.04072571048554455,0.02983370787507073,0.0,0.1629785372639641,0.009521074421780911,0.0812101924651016,0.0,0.0,0.0,0.08003415571506829,0.0783987293927051,0.03713026365228275,0.019695268444468367,0.06826644447638028,0.1401600680195277,0.16190627944821998,0.08084937332016769
5.69505408228428,-0.35425911955975387,0.4151419352649446,0.0,9.911115335097085,48.04032388180249,-0.020238679986566255,0.0,0.014765051387106685,0.041517976474301395,0.046768899806507,0.09438237644492042,0.268938876603935,0.07095986230500138,0.07105703123534977,0.07506999078549602,0.22844799248555525,0.014125771819625977,0.02960428628480441,0.1565771968562313,0.017286683138601343,0.0,0.08974877939919812,0.01441952003492718,0.11294305875085439,0.061664738098787225,0.0036634730039606152,0.16848347618112308,0.3452979625000823,0.0
5.0977811771143084,0.3671907471290513,0.6613251258469556,57.081418794279855,9.596922800875483,134.27579238408345,0.36019180253872185,0.07265177528840222,0.0,0.0,0.030357218317471485,0.08415515993415466,0.1079529782816363,0.04973508545291058,0.0,0.1584656171701593,0.01699876045670104,0.0024147544114967723,0.03949487767829637,0.1534298581964491,0.0,0.04552794071082729,0.06567878900703765,0.011793139719981114,0.09179290451346826,0.04442498244462263,0.05261714884391928,0.0,0.36025458130895643,0.040012810603730395
4.245420735274087,0.367204537951199,0.5964302678044463,29.263236149019193,8.302138036851476,52.825024397735746,-0.30651365164810185,0.05887042100199124,0.09674113794369318,0.0,0.0,0.07245418483949712,0.04277713299701369,0.0,0.06404131755915793,0.07760358856493038,0.05478593107832698,0.04521950000644215,0.0,0.21592179402171957,0.03783877307608786,0.3020146708461057,0.0,0.051990437360619715,0.08843529247589307,0.0,0.04124892113140084,0.011046041709261684,0.38768536921017527,0.06922521405522995
-2.717272889085458,-0.35803593668418554,0.21910373028987934,33.962049382464315,11.5,0.0,0.42718703066804575,0.03323184042313858,0.08849487426584333,0.13245040651560258,0.0175188334901474,0.0,0.04466963708549316,0.024277066014328837,0.0,0.0434053534633068,0.02227202156214865,0.0,0.0526740245012615,0.2772017880498026,0.0,0.0676272775122223,0.0,0.041338814538930256,0.0,0.0,0.0,0.21315424568663732,0.12256825178355962,0.031375342971084796
-0.6175896642088219,-0.43168700628476014,0.9240618895705274,34.17829031748702,10.654898842472376,125.91917262641786,0.8467863091983433,0.18243084919340954,0.0,0.0,0.06630574791090402,0.07245184869351794,0.12156192267428198,0.025447518365523017,0.021379414475857485,0.06421118202622304,0.01587763828591396,0.015788838453319746,0.0,0.028247930131395524,0.0,0.0,0.09644350462482068,0.0,0.07308305264481615,0.0,0.04637986113090549,0.06952876654091115,0.41903793824055013,0.12913672501017057
0.7468798677887332,1.0221620741383146,0.7717786417884325,43.738059617872786,7.982329573546814,69.90216246161258,1.3696403689974803,0.17814272237569256,0.067924433284763,0.0,0.0612236884787692,0.0,0.040699547776668364,0.023705714658483566,0.06250153517848676,0.0,0.17741968523469365,0.044641639614222836,0.018689202607551123,0.2422182619105332,0.0,0.1476894557330556,0.05683987664220487,0.09296298935996951,0.07666583743908605,0.0,0.059550081381201415,0.06184735311990084,0.3553007926255465,0.06450209019571083
1.6594643360457946,-0.03515831887167023,0.5117653939929381,53.58888191676387,9.072099160638395,7.272000807454376,-0.6411893722495922,0.08306067581020943,0.0,0.0215067485070021,0.0,0.06861461849556261,0.0966885932935124,0.05665696298135309,0.09361109014088462,0.18412610673138613,0.09468089281248691,0.009484763221307856,0.1040048642049388,0.3571851160914186,0.04581279669152116,0.31202780961487714,0.0,0.10847167706785248,0.001558099550422208,0.0,0.109564567777931,0.0,0.470825820443056,0.0
-0.713619881113118,-0.3274659882434493,0.4719357663470455,56.57579346192609,7.954418213840281,73.02197316313126,0.05920607352902549,0.12276870790717712,0.15704360936589634,0.016292067253749258,0.0,0.06446182179970895,0.18483079190679713,0.016761307198066042,0.003378543725876315,0.0,0.19474127655567214,0.024613408158415135,0.0479082440282667,0.18096707556250996,0.012348695017068758,0.2679263647357272,0.05689211483042237,0.006621721844599984,0.0,0.015495107876242788,0.02895117631606898,0.0,0.3193850490353945,0.15463471339950377
9.593813931281794,-0.27092949509534,0.6001019662666419,10.922441048735095,7.355368814281825,39.352915476950464,0.25925790539000015,0.04903062359262969,0.021015981726818164,0.023527577562182666,0.03657599599952219,0.04626023548024877,0.041052302469418475,0.0,0.0,0.2287289339726178,0.07878396667073925,0.0,0.0621339316076684,0.0648381995013792,0.040503215344533744,0.12562488002502292,0.06651923102422486,0.0,0.04680186920467909,0.14267907712636616,0.07492945091525,0.06540656090414151,0.14923518977407296,0.06753801176735301
0.11052482644198669,0.18253354710721192,0.596094230557266,41.581936988082475,11.5,93.48039302001186,0.3627374150204646,0.06613458144855507,0.03177157963766467,0.06042856951693852,0.0,0.11130590539744217,0.10218335324137501,0.00149865568891956,0.11100410427466487,0.14910656438132025,0.006656776497498837,0.03264390136056132,0.024518814011727237,0.0582899846167709,0.05194797797220273,0.09880768354304498,0.0795237508555519,0.07678735990834791,0.05274723852228841,0.0,0.019323696835461573,0.07064373161208995,0.4537501418068713,0.04921854268588631
2.396820702270979,-0.07034809110096285,0.7401104327422059,32.18829333063798,9.599126442488894,50.89275921503972,0.8275620060423908,0.021816813441088746,0.043902104769522,0.0,0.0008239100388104832,0.05218217113429498,0.0,0.03720103505385364,0.13449616596841354,0.17682043865366376,0.045955069211796255,0.0,0.0,0.2031385891959785,0.0,0.028477603486059003,0.06913813399599175,0.089852516838964,0.04448318874367194,0.09380917673500885,0.016272327865102243,0.08330985942845978,0.4223785753725876,0.0
9.840138465759273,-0.00519627013800722,0.28077442160246,50.67234624378884,10.482347782486684,103.13001131109914,0.14435025324304934,0.06412544168132649,0.0029002744429154625,0.07595192524535521,0.010261071654916385,0.0,0.07039039921253376,0.033750267652937954,0.16563645668276059,0.15854687241622223,0.0,0.011444010068793573,0.01883863354662465,0.04248511596259988,0.0335484544626543,0.3850893875187228,0.011934289995341907,0.10040077999214501,0.1175417450641845,0.006074292300496456,0.009541599120852885,0.0,0.2923085007177584,0.0
9.150407042557825,-0.5552832785752726,0.5890845394672264,57.45515668191295,7.257215581199751,84.36306776259701,0.6453774810741884,0.02021466823416209,0.021102535287571562,0.11427822963705392,0.0,0.04845517506445343,0.08160692577281815,0.007464567072915422,0.026416880038729197,0.05283605123126408,0.22138688123192385,0.03656470804454051,0.04986365439602823,0.021049130840529798,0.0029247306609896453,0.20665865997114322,0.020786493188085106,0.0,0.0452427190261675,0.10788307257773955,0.010686456391843999,0.020841652310534205,0.25818760019460296,0.05511928714526802
9.00272669838061,0.02726984167628793,0.5555112793694805,28.583235030066458,8.71466510308857,115.43247266248235,-0.8178144932206826,0.15174266047449508,0.116270402073308,0.03095386651856077,0.025520099657954827,0.06274420717261897,0.040154689621105244,0.0,0.050133467643775284,0.18485982833907383,0.0,0.0,0.0,0.20932386242167766,0.022775604186455467,0.2666083200106868,0.0032382555056956613,0.0430973747877433,0.04071324542185007,0.10132065838383118,0.021531535408416985,0.2168034304599626,0.5546630315036736,0.0
1.284643729133709,-0.6667223441359348,0.7827605173882902,40.292396644022915,8.913260107373794,123.58072500443492,-0.08419865627437495,0.08387013541807423,0.02437129943334474,0.04487016806258281,0.00712603617087809,0.0551226104257181,0.2940644772172125,0.02045762649896574,0.0,0.0,0.013638155148186823,0.0,0.0,0.24045107001449711,0.00895365357532111,0.0,0.019420028307152663,0.006366394350454687,0.07458473723854175,0.006672030893822213,0.004254141771027677,0.033358005768854775,0.222600919484925,0.05749713345073014
9.17816413954419,-0.22175811685035837,0.6970622590043346,42.42898691743061,8.05902548197562,135.5144612517711,0.7182644487914919,0.0,0.06723990599716534,0.0,0.009945397233723303,0.1773671424028399,0.06796204601028544,0.014856024963500646,0.07033278143923731,0.22714844806530454,0.047413522847835524,0.0,0.024718261498100684,0.09699625569782847,0.0,0.08042110260174785,0.034056667403847316,0.0,0.06754585461862868,0.05746787016340963,0.029406287680219117,0.06951198701767518,0.16741513730552074,0.1003590251872154
1.8987713039860346,-0.6810341368428048,0.24988958281032125,45.21027625410551,9.344394611719865,26.390423088533637,0.21772494748032034,0.08312302858762491,0.061222021425831386,0.1534240285829285,0.004916975999183237,0.07361928313457805,0.11400980464319338,0.0,0.0,0.09447739277582763,0.1558244666027408,0.0,0.032025533110187895,0.2610557392508066,0.0,0.0,0.026076446520651782,0.04879581935700629,0.06186746287081432,0.07246853997400877,0.05036289540466053,0.09428337390805373,0.5217537428617811,0.009377597632918788
4.800642729246926,-0.24615448887347557,0.5769423312235062,31.64854670618759,8.02908276041875,51.11150480034232,0.5033277413238575,0.15291874323333376,0.10666274571127102,0.08818898090159262,0.017929509295849053,0.03990656293728497,0.26122875378151855,0.014636995514601597,0.028810665225255903,0.0685110544124137,0.19060585573972252,0.028916560709610926,0.0,0.0668762631725871,0.0005712180797629168,0.21574101932355183,0.0583652544586168,0.005910370377658399,0.015354021112901156,0.0,0.03333573550773974,0.08780720361117822,0.2965282685131391,0.03869215755267527
4.546211499439097,-0.07883648448488198,0.7035795134465971,16.167080589516264,8.848985223199106,111.63070928906136,-0.06303255456505302,0.10225699269630877,0.05970046989801632,0.09426177474050507,0.030720119127682348,0.0,0.09987529323744367,0.0,0.0,0.0,0.24411469610246822,0.0497142749689657,0.07599092019049389,0.0,0.021758965479421116,0.3565439717118402,0.051078952578022176,0.010111878755320939,0.13053745646196416,0.0,0.0,0.0460715728598634,0.3540924550049202,0.0337866847225671
6.7876250597090015,0.12646142818026423,0.8143186461499229,30.94003761342326,8.074833060259564,133.82265542428595,0.2640905016178051,0.04248093170925501,0.055214669659577054,0.0025832840701071787,0.0,0.0,0.08371130801118848,0.0,0.09698024574718211,0.11825040460527057,0.16902595558474434,0.04869475322014634,0.05988513197232202,0.17663149873854062,0.046824754988273765,0.00489564779683116,0.08963537797383286,0.11229424824378063,0.07759945007320625,0.0,0.08935507474470264,0.03797783197629352,0.34957834150608263,0.004492943696643589
15.580948688449833,0.21089960260220064,0.2143254865526551,50.04630583719295,9.314034491777727,166.24481919198638,0.17882564909092613,0.06295335070441906,0.044638791079882056,0.0,0.01947192970233891,0.09343809877074671,0.2768370919761822,0.05164635163000307,0.04607376719131232,0.18850014967382206,0.1855696595571344,0.02116628748560578,0.035196391552120065,0.026607904575841945,0.02722259160163864,0.09553066697762415,0.0,0.010135692544132133,0.0028600622740130935,0.05379991527696824,0.0,0.05616525930267977,0.19267806687045042,0.017161380804044796
1.1782074367311992,-0.8303254673348534,0.2792720471060102,39.302396309049364,8.522222619361425,88.8320219529451,0.39798141530619924,0.010042204544761485,0.044479828187678386,0.023674377231957804,0.06619484320953267,0.026227806819227713,0.26941513937597233,0.039916724510392076,0.0,0.16624072192937484,0.059967476772231604,0.01704419290876012,0.04750230331422593,0.24212722779919793,0.027550288903086768,0.14821324116818912,0.06129947273258267,0.0,0.06155983594649117,0.24161370274085447,0.0430894627635699,0.027140771380672543,0.14568712851308802,0.0
-0.41439568882033484,-0.42397785342085403,0.5526659542290697,39.70291291225152,7.125779717393193,99.38331369558125,-0.10293983453104122,0.029773740954981323,0.05974184117121667,0.04523610990256598,0.011368814956471532,0.02249196206501057,0.06631554164504526,0.0312599912779568,0.03514750453419355,0.05318212371752711,0.08640104296465625,0.0,0.03462505359971162,0.14273093833356787,0.010342785676500332,0.08587738141956436,0.0,0.0,0.0,0.043065668486372444,0.03331066207492317,0.0,0.010049337176267159,0.013835670396065314
9.831749142854317,0.6479065320134908,0.449351653821506,37.266540039449985,8.474613907527628,32.867469623107226,-0.3338297979064042,0.08760554826227022,0.0,0.0,0.06705069676644121,0.01700872629828815,0.025954708216364586,0.022959592719118398,0.00339270594648948,0.2097911370251117,0.21335384179917471,0.02870480721911708,0.07212013451593739,0.0,0.0,0.3147564636940219,0.006691561847285886,0.05122439569535327,0.022105678171797555,0.008188883861639035,0.06083457211387579,0.09942710138282783,0.2295594428144785,0.0
8.11660563001729,-0.5776156309401317,0.5782265776722924,56.79586369877288,8.412907351745682,21.75924930760373,0.4512485741257506,0.0,0.13463580429721594,0.0,0.0,0.09555565259629442,0.0,0.0,0.1159734487448249,0.0,0.0,0.0,0.02666068328052428,0.14500341609011763,0.0,0.24399984334112879,0.0006811720147780406,0.0,0.075776904374494,0.02731256222974643,0.008005967173523908,0.06537655148135108,0.22917028864205952,0.14160636103409885
3.364703025347797,-0.3576375225474264,0.38394869874635873,35.77962419489959,11.5,19.754720108164143,0.25622049357809334,0.0,0.0,0.0,0.03552058513955986,0.10964288058651522,0.04645620468228006,0.06914883857260622,0.055099894728929455,0.07833212745118746,0.07683054483903647,0.04623516687707002,0.0929040024059105,0.04042954424050209,0.02567114127768837,0.3283645129575553,0.011088054109696405,0.031072136763464736,0.029881635477638644,0.06472604872594007,0.042824640629144435,0.010801003580878765,0.14604281876091452,0.05717786138496957
5.472374438893141,-0.0004815904466798637,0.6121795713708741,71.17099292127372,9.913043799019148,114.27155590660958,0.1258821584023846,0.0,0.0,0.02785183992118867,0.050931056421023156,0.0,0.16129212584955563,0.048706749057012166,0.05258417564734946,0.027947873518281693,0.2716588617741376,0.017894841507251073,0.016411794495992324,0.007491697555340973,0.0,0.27315068532313963,0.09541005676083661,0.0,0.04413276898993392,0.017315893794717433,0.035201304624073684,0.043803776791811924,0.1662199532217768,0.11504167750252148
4.547917538801664,0.9626320912466924,0.8968675880129449,67.95115617044792,7.848367432872014,102.29695640268204,0.3453140769455927,0.17211606182022968,0.095701705873355,0.11551011678052288,0.010020518560259132,0.09613762088862488,0.040050064502673975,0.0,0.13736677615470383,0.00013424915746641786,0.11649532432856832,0.0,0.050610719464130274,0.013060706069770847,0.02617625588017124,0.0,0.07410856096556956,0.0,0.12076182600047386,0.029663376229437426,0.046375884988745814,0.07784980143497246,0.2542938750871038,0.0
1.0787984300886881,0.17528837203334835,0.17119737378627942,32.577743621908624,10.722468889630182,79.89750464098422,0.3838610896337808,0.0,0.026511700251131524,0.0,0.040204640921035706,0.12191683572208398,0.02192177374590701,0.08299194536347919,0.0,0.05896778251309982,0.016286929686715246,0.0,0.037601805806156643,0.0,0.013397807449057152,0.0,0.0,0.030891672271860935,0.027091120827967618,0.009544908676942642,0.06253338856217001,0.3010042000471965,0.21930102159365553,0.0022649813809220085
-3.534648911929513,0.4586945877039297,0.7266114489966008,46.18865639611138,8.923117413791964,66.93441064329842,0.07511016713711535,0.0684150682440842,0.0,0.03301988229881091,0.030691551736176475,0.0,0.0545923875993389,0.0,0.17010314251068898,0.2685371647770487,0.06279772597550355,0.0,0.0,0.17698905558552447,0.0,0.0,0.008775517257730216,0.03707625304477052,0.02690814116557211,0.06789754935007461,0.0,0.0,0.22206886727557532,0.0
6.414497775110075,0.13129767809157256,0.9429533478042347,54.974664836128355,11.5,27.551106019561445,0.2648454041443833,0.043643865411825356,0.030213359738275793,0.03438833626776094,0.00962601607109077,0.051963706368466436,0.0,0.030334888652693064,0.07871024500619309,0.0791394722912625,0.159142138098551,0.0,0.023227949231052366,0.27927944182970615,0.004285144478740899,0.41637790383328666,0.15430104535806183,0.042993132789122944,0.06513702414822202,0.054781402124476346,0.07459760934408807,0.0,0.046762552341203995,0.009545024736149849
-1.1160077368144128,-0.20406969265939098,0.4709334921628352,52.63003353269871,11.126608108718855,92.12326309818182,-0.38954471640480526,0.031675713622193825,0.0,0.12041093885201087,0.02564139438257234,0.02621646231419768,0.11224821664939404,0.0,0.05595070900425998,0.07372435890464102,0.06861865837080387,0.0,0.0,0.23748561517443217,0.04096768570930851,0.16030766785783415,0.0,0.0,0.050878226032154035,0.06467144668996756,0.04655659820998558,0.1055450483561095,0.23528163436223398,0.0807271881146647
6.657417732649121,-1.1257899097411683,0.5672193952888677,39.176961790859444,9.260402570244013,150.7070508195864,-0.08293992761082136,0.05240222383929416,0.08172480207625452,0.046230414687153484,0.061070480802871675,0.0,0.0382032957032939,0.02593107298466385,0.0,0.0,0.15827445461860595,0.018584329743856695,0.04845313687194225,0.0,0.0,0.1477438436266533,0.04090192854657906,0.04828262855277725,0.010605746063892849,0.0,0.015178638454108636,0.18003745225643758,0.3228064732610908,0.08194433768201151
1.2998460632337854,0.685139338905014,0.5476974948270746,5.039392298107941,8.164810307151036,111.27436552467708,0.3121710851772909,0.06796811497556698,0.04405868229298111,0.04031461762887913,0.0,0.0696088923294563,0.1106393740030252,0.005560185434402013,0.07383334522426829,0.15560730018024266,0.0,0.0,0.07849304126385787,0.18454417595037423,0.03129833518039601,0.28019219972015164,0.0,0.06862000465890294,0.10312836117120514,0.048004673907977025,0.0,0.0,0.20480771883973864,0.004588265078609391
3.0183395101763937,-1.0215421591323213,0.5367101261398238,32.75877837482013,9.354391629759728,0.0,0.6892338075114077,0.01550250953961721,0.15035285492630837,0.03732172200185278,0.052556939279770606,0.056637122283593765,0.016987627552836906,0.03757959496594406,0.04285559835138142,0.08732716351106935,0.1695976227117552,0.0,0.0,0.1755172049849037,0.05780131705928576,0.3672154666663674,0.0032631649850078104,0.04597909394150806,0.07950158911988792,0.06636898233790721,0.05545607771889787,0.1484618600737647,0.1895424512512196,0.0
5.008556093438962,0.10100370289755173,0.6584367172092029,13.545852491512282,8.858967917914875,108.41015857983577,0.5778408285747297,0.11175701800854879,0.0767829758969584,0.11351684825754936,0.0,0.0327885660455616,0.0,0.023149438505802256,0.1152424299451609,0.08540970067167089,0.03401484448200314,0.027469696185928892,0.0,0.3314258607549356,0.03082166730519108,0.2734245047150776,0.0,0.048867755437743444,0.09549010907101485,0.06279578618296706,0.003971450165279269,0.07977145502337527,0.22882030013951687,0.09503178562462615
-5.267977036115815,0.3550834484722951,0.4041772502659394,41.829630534537166,11.5,76.76610606869323,-0.2613201909704117,0.023861904959026937,0.0,0.12282227677400714,0.041032995808954545,0.05326178025502844,0.09335747873045917,0.07550620391412416,0.05858283970523886,0.34454352353923634,0.13727036775255314,0.02335137008766325,0.016056473874819288,0.3158076464914936,0.038798644673264444,0.41302658384503244,0.026520957811165154,0.0,0.05681624917110348,0.03188961723802095,0.022661898417212778,0.14430437258014778,0.43769848038903214,0.12150713731200374
0.3006421391798124,-0.7281888391289267,0.24733185064795005,55.89686720612133,7.289121274381898,51.12476086290157,-0.0223049282113858,0.045780524633712516,0.02652832362683244,0.0,0.0353534547518073,0.0,0.2266124919990161,0.0,0.10599621474790094,0.0762033973184541,0.1709077547216281,0.0,0.004474115139135881,0.21306902007526202,0.09313340001780737,0.21830015365161837,0.047895734241498386,0.07771203873642742,0.08073950796928522,0.10342240658521522,0.0600442576322108,0.14671335013218106,0.10926230984978844,0.07330581452009335
10.345094250044134,0.05032737740470311,0.7994959450197041,48.63025403038286,10.102301215418997,78.77739988297506,0.01747147810984989,0.05986405852378495,0.03239718942344029,0.0,0.04175558652455938,0.0,0.0675009221376575,0.0,0.036910136000716465,0.3554675911924774,0.0,0.014256928218162993,0.05828842906524824,0.0,0.03809365769295252,0.07476689466083337,0.09034113090514483,0.032528780557611776,0.17191335437835958,0.008581047095453332,0.004225709382760359,0.053933839798067346,0.17915754710651272,0.08600289513353371
11.024269525562067,-0.273659103787231,0.7551418375754845,40.60811842907277,8.970998847515235,57.09750093913958,0.3318618073137237,0.08015286707612937,0.0,0.0,0.0714421813255503,0.1307585533627319,0.09220642389519837,0.04701219700677878,0.07183033443768658,0.0,0.04807052085088501,0.0,0.03094086492759672,0.16205537611902412,0.0,0.2770928360571622,0.04064812654163307,0.0223228189996959,0.15488149758944209,0.0,0.023471339303367054,0.0,0.3853787781674878,0.06235334727102165
4.897302524411079,0.04417046354444926,0.6914854531173352,46.65822208136508,8.553242384817924,45.67432163384992,-0.2128126446130605,0.0,0.09804208533512332,0.08837008551827123,0.0,0.019565043800596666,0.10454809748605653,0.044395953062606575,0.10740294350063251,0.2705550309144086,0.1171501576109576,0.03446975994682872,0.025989229173700147,0.16228966527086083,0.007550820346529057,0.36766881307918,0.07048110909799438,0.020545823424935057,0.0006638019878297263,0.0,0.0,0.0,0.3552876011343328,0.027892791376854603
9.549505969626361,0.31707974199229316,0.49972551556495604,37.98153529387354,8.103128268133332,73.40258005365932,-0.07122022618518381,0.0,0.002277390654813527,0.1218536883324624,0.04501862243032305,0.08381280054293935,0.10556875053790546,0.0032977001100751562,0.09634155144030077,0.2868003333284531,0.1909066563854817,0.0,0.0,0.2808270998125552,0.04411026882243399,0.1261606549283773,0.018963801626734375,0.014490690386264804,0.1163408325871079,0.08175260864482092,0.0387962642884963,0.2622843468672656,0.3647891636244099,0.0
6.448749735325999,-0.38103545236895187,0.2633038380697936,64.56317342103354,11.091944211510631,54.98982148589876,0.024334180034773056,0.02950127973137729,0.11737301438560044,0.0,0.07001164369265661,0.0023012760688395986,0.24276519771841384,0.006371035398999088,0.06319807581923097,0.12476702630390979,0.07449777978137367,0.0,0.080386493640028,0.011539261104801357,0.026669265545743094,0.0,0.0,0.047216940892637636,0.013695818311722091,0.04620814862046107,0.05697699049911043,0.0,0.20113310131847367,0.0
9.093367924338253,-0.3323391820249682,0.603337779093703,63.52516527758911,10.47525592351538,160.20079508174518,0.33711068555842655,0.006842142708937814,0.0,0.117981707503598,0.005442406188723025,0.0,0.027229064347163268,0.0,0.0659496601549542,0.054295938424122975,0.07765278920917866,0.0,0.028153374998257808,0.184559892455619,0.009809921808757094,0.4448186126075656,0.03364357021224221,0.04700006187864346,0.0983228774538531,0.0,0.01666126713819888,0.23049283184472458,0.283956323516748,0.01611271425254064
4.799007925384804,-1.1804179467996498,0.6171293978077597,33.129121134286294,6.0,80.52845493640399,0.9987144506903333,0.06383006168638332,0.0,0.05036675712402029,0.0,0.10644575011043453,0.18166680170087876,0.02983241038088779,0.015974111215416545,0.0933269429949284,0.18081477225207992,0.0,0.08434362506013161,0.05229270607377941,0.0,0.0,0.10279838234299504,0.08555437297713252,0.006597580451328751,0.06782158625731052,0.0,0.04214297791030023,0.33526838059017766,0.0845187597926422
9.015325083642153,-0.4887249008393307,0.25538866792673204,29.110313573532387,10.082499692904486,77.96087321956612,-0.24675953621744062,0.07714649725442227,0.12834815849102277,0.04766623908830657,0.03359517437195789,0.0811049786141762,0.1798040659574196,0.019142956860977688,0.11985615346929146,0.07080414531823057,0.09928780908709449,0.0,0.0,0.1564389261565969,0.06790604527848906,0.16776806855633353,0.0,0.0,0.010321179657562476,0.12159246934143877,0.03725246633331428,0.003179182626184218,0.38721082902431275,0.007054242249816496
-1.729294055241013,-0.4260526845835133,0.3325971733794248,12.771825964606219,10.189241803194141,143.5157845697104,0.3923014565212117,0.0,0.0,0.07526090279660541,0.0,0.0,0.0,0.0,0.07200117066120965,0.08131360975863293,0.1331664134970145,0.012015012699569848,0.04967471482008264,0.15510273093647534,0.0006469889103802411,0.2915345759139093,0.045443498069312284,0.0,0.025929491217080144,0.02829757444307067,0.03293706000543843,0.01613779309110408,0.31066500208796943,0.11517580484237022
3.178375050604726,-0.6045942058624929,0.5251633861836504,53.53317890178981,8.173248053809331,82.19662716499232,0.2717434994996471,0.07819747079374358,0.004580771296886207,0.0,0.0,0.06131537400572916,0.04559081052736704,0.015874495051179747,0.042781081706185525,0.13873690317218934,0.025195554951193702,0.06731194142882718,0.05718243156232982,0.054468605098893445,0.04761393017756263,0.1194085798803216,0.0,0.026910572773781723,0.15578052628887953,0.0679390857059661,0.048422659050845786,0.023388161657039594,0.42014310423023526,0.0
7.789204507792562,-0.4152463586843644,0.7108430973332143,60.958351380824745,11.5,59.829950443204126,0.5898388794864942,0.1273173084011851,0.08701053417027685,0.015271136258657675,0.0,0.055727349490354246,0.0,0.05912770582056197,0.024294571241340837,0.14943803227463687,0.13747385717152266,0.003165113494354687,0.0,0.271356094195546,0.0,0.008728086153720588,0.0,0.05119354561317495,0.055784153442163954,0.0,0.021118397685045195,0.20501777254229753,0.34977146213820176,0.08435410328007016
5.132705375210938,-0.5763369737752526,0.35081271322615487,0.5227984875507872,9.470550983232172,115.49740478892554,0.5298235835548547,0.07871668329580327,0.15344971772039476,0.07680429234755547,0.0,0.0,0.14804844784908452,0.031440069644774554,0.04454110896871408,0.08932005395295353,0.001449243076017806,0.0,0.0,0.19285050194182524,0.027472885523388318,0.24073527037480386,0.0494922073959837,0.0,0.017798657567666312,0.011781596567178225,0.022307762518075133,0.03117099659416788,0.3002315940744353,0.0655320661960605
15.370239320327865,-0.0058374564335423595,0.620791985488336,24.42916751827604,9.300122933594627,37.71495815654794,-0.5537337955028397,0.02822533671708327,0.01436783083007103,0.04633406038532646,0.07152400041320255,0.11735229440925973,0.2088110205127588,0.008527013701350145,0.054305701575638174,0.0791653173208076,0.06394451871135506,0.0268017896740598,0.05039572950866566,0.020145476561301043,0.005474665952326579,0.2614137103876197,0.10641000082721738,0.022770054072080347,0.014037568043575685,0.07074705640149093,0.04217385087967984,0.16093572501075024,0.1895905932868056,0.0
5.326963830033584,-0.6058436068967605,0.5563687271381165,32.41355412347005,11.058758930480963,122.00799254983791,0.23785969466999793,0.0,0.1289858166624152,0.038701337475974915,0.05879570630692758,0.08990251237132967,0.03907692048816058,0.007073956458795253,0.20588036334351031,0.08636914764698264,0.032594569439082566,0.00039684763386238324,0.021355794496055996,0.0,0.008093211233812214,0.0,0.06475526130423735,0.0,0.1300163941838217,0.027187202213706865,0.0,0.11906792363473495,0.2970381019298386,0.036494880380632894
5.3331415231381545,-0.5040553324128039,0.49669184210451106,36.4153598405872,9.806732063536224,117.32360748930267,0.45250849956001526,0.15855483642647142,0.09789829055124905,0.016536710988659276,0.0075545666187598354,0.004395341247332048,0.0,0.05084207901429788,0.17231764929518817,0.08227330506596404,0.08687599409251054,0.0,0.0027871816468497818,0.14336200904791369,0.04929591482956776,0.0,0.044788203604725525,0.05414456785455195,0.09729488111482942,0.08020188793716443,0.009745642540547175,0.09286782986525466,0.34895333204781703,0.06101496394862518
5.712949784839967,0.11848059792765209,0.2799031458488043,47.95184483028447,10.23827082891265,136.49738668138423,0.07102628393917243,0.0644096832100235,0.0691495664940277,0.017158045933988876,0.07573651151149392,0.1038437191223143,0.042985709328571105,0.05698675259368438,0.0,0.19933904408955322,0.182036285313941,0.015708398385741066,0.030631084684883993,0.0,0.0386252077506552,0.12127385440158081,0.07436283981357612,0.0,0.03425030801574831,0.0,0.008386438791640046,0.0347774351394569,0.2657797800525693,0.18871137461008966
3.2843616600234746,0.16410348449771112,0.2407989901314328,35.55123524153531,7.240096983242746,77.41333086208112,0.5149765528343693,0.02128544870289152,0.08577969806779792,0.0,0.05787951766133143,0.0,0.22934229961502758,0.054285553419186075,0.0,0.1981935383468622,0.0,0.0,0.05280500067528765,0.0,0.05790328916454161,0.1952536273693009,0.0,0.055196145371196687,0.07739266792220659,0.06577813019912043,0.029844177342325116,0.14264608186092947,0.4606067384598491,0.03248588542100605
4.548576274377258,-0.6435508898062864,0.4897093132984044,55.971411794774355,9.576267003405542,41.40730931560359,0.5086247052600974,0.07851762693903194,0.006218437424299238,0.02093373705624729,0.003146877889718019,0.08175760368978138,0.20260163300688552,0.04645872271047624,0.08212875353951586,0.0517021911592252,0.057198796215429254,0.0,0.03803350119825959,0.14724847670847008,0.011044482712190279,0.0,0.05565986108758285,0.024738823647065374,0.0,0.1017619360591702,0.06713597026181059,0.12184923486677965,0.33520147044933574,0.0
6.448709350001579,-0.7612470828972481,0.3149559307531174,17.460340965206004,8.704179614620811,102.03047224574526,0.6643263316180732,0.03244424452990181,0.038859841849885,0.0,0.0480092410301044,0.15267638084266913,0.04665407469303656,0.03445251680274729,0.0,0.06659300900376655,0.0,0.009760879446461477,0.028514794405160804,0.1322751527184728,0.0,0.0,0.02844991122998135,0.07112520548236692,0.0651524588330926,0.01891434620585033,0.02509252735540947,0.13155906957451372,0.45417163602492383,0.06141080031610023
5.852405132381604,-0.12945176565790245,0.5156115041733789,38.25930309397121,10.842023859914434,132.30692557325648,0.42016779158235495,0.020585496601821657,0.05059343368538258,0.03376769262198931,0.0487959553542813,0.11788767242613765,0.05103239291459264,0.03945047738559233,0.1269033443111935,0.12859455422308566,0.05215635147667163,0.042649784527221984,0.008282322308841555,0.14208936560842994,0.0,0.0,0.004740132551748988,0.0,0.02762876228821376,0.0297180512926785,0.04158077237944596,0.2947443168914829,0.42138051978436364,0.06771215645698411
11.797953084868604,-0.9798939002269974,0.6524611739220378,41.92344743779242,9.515288248448016,147.41799145226994,-0.09880632344035717,0.0646249027019125,0.0508357759671308,0.041862731667784286,0.0,0.016463729972688988,0.0,0.013621093593262818,0.16583182141848496,0.26579711563339176,0.0,0.02592593028309506,0.03500734666658146,0.1626743983400296,0.0,0.2464630750865559,0.04290043026012542,0.07246632602285662,0.10605116737071885,0.03650494446423096,0.03245696055611241,0.021975099010758947,0.11955740044107707,0.11698597435251729
1.2678609386702648,-0.15898546127338842,0.7864868781725192,32.48801528481275,10.261249708355454,114.6535919746264,0.7291947087516892,0.0013453321432658136,0.0,0.0,0.036452388708324505,0.025945316175681445,0.22546951321213363,0.055761234610821955,0.00960534164467474,0.24269598733995207,0.16440063103053204,0.007605418225918355,0.062094746530160665,0.026252461874942012,0.05527754665156723,0.0,0.05923052383362887,0.0,0.052231041046262916,0.08288850132521386,0.03045115637306915,0.004177661255430801,0.292825320882549,0.0
13.3624693108737,0.5030301973652481,0.680633738067908,55.281654822242245,9.306214187684844,0.0,0.45828941027662173,0.20891747143037737,0.0,0.040055361285572105,0.017456322888238212,0.0,0.15075751406331533,0.0,0.041242152670428994,0.1644035361834731,0.028873039462057416,0.0,0.056858673624536546,0.2677939127917195,0.08620986009975855,0.0,0.010462594876090307,0.08682459290774355,0.07816169711708912,0.04309784757113681,0.0,0.028622344051700076,0.41595027349081576,0.20413348704177176
7.261322833760579,0.4028863619144001,0.6026047198387399,51.52438422655276,11.066209394153143,28.078679581598593,0.9229573582515866,0.0,0.0,0.14406530915527407,0.0,0.0213374328458307,0.0,0.004243736046979632,0.06270044969340495,0.0,0.012974717057262511,0.031675781156634816,0.0,0.0,0.0,0.3978767094100558,0.07575243138814841,0.02300961538303459,0.09940492350019656,0.005566303905498452,0.026481058412576447,0.09213504691127833,0.5391270651574531,0.0953704796641816
10.744638267839639,0.010464241961277126,0.48507922865479053,36.568155367409055,9.93303798438775,64.3497981562418,-0.05809067683831215,0.0,0.07055302034032715,0.028249599717438977,0.002598604110823438,0.08292541975281892,0.0,0.018675533525671507,0.004992513650652862,0.017457217042488538,0.0,0.038864742011156486,0.04141897199990385,0.15475744158170718,0.0,0.0026924447392674966,0.09805177401116441,0.0,0.09219302044552252,0.14525627386883988,0.046688667592105465,0.16600008996729587,0.3831093838405684,0.0
-1.4276792942312664,-0.7631503003070259,0.6650088159555525,28.246882167476194,7.778383270125248,161.66902906876248,-0.17174610416018515,0.0,0.0,0.04098845783917998,0.030824634152849112,0.1094048600446687,0.10233189344121427,0.0,0.11243729083888718,0.059221517980995765,0.16465817561273283,0.053243043585518804,0.07435298794936467,0.07778660645837802,0.009347102066267106,0.44112387406535836,0.01903138366429972,0.04778542431605039,0.17375902086319747,0.11177210409734381,0.03835474098040774,0.0,0.1283971476100613,0.006669361646954926
4.64812077526588,0.08174733263014583,0.683937109568031,13.79048442335533,9.66972434539649,74.78426698224737,0.08729057060165848,0.0,0.07239641101685296,0.0,0.03220057288245737,0.03935814437474209,0.0,0.019258963709350436,0.12805479811054607,0.06414259354560693,0.21920056813661665,0.01477231752042401,0.008698405037899967,0.13003824861458027,0.06369958072128157,0.2552064702967769,0.0,0.0,0.10527060083861803,0.13255397451429055,0.05840153447589304,0.0,0.3033247203044326,0.1336313450271281
11.255344264223433,0.42916036246855516,0.6930239951458342,29.701997488643713,10.518706851967416,27.673971777419723,0.4511377940969676,0.04466754774451657,0.05180240876864549,0.0,0.008174597152035433,0.17635027961021305,0.0025409102161849523,0.0,0.0,0.13371079184851034,0.07451400353740059,0.0,0.03374349232937036,0.0,0.019147671364849746,0.12023729887589252,0.1198424159120658,0.04088990202350598,0.03621561700695057,0.09622386858775923,0.0,0.1196234968129064,0.3439081283846828,0.0
14.092192367945092,0.21556354799476507,0.6110957669535676,31.007969658867147,8.132367654126815,118.56274365629133,-0.11255259994995942,0.0750366532552025,0.0,0.0979268204077935,0.03162686412894662,0.05603072074441312,0.0,0.0,0.07709628548450022,0.0,0.15016552121587107,0.0,0.038235608513798355,0.0,0.0884540797762728,0.10944580805774175,0.11375666793315703,0.0,0.04237066201396704,0.014774806329472595,0.05520270087559572,0.0,0.35043606840176733,0.15534234856150694
4.063261661416114,0.17833124759342345,0.5253352967548554,45.805633056082065,10.01724377422444,70.58793802457681,0.7862335038144543,0.047106561149842394,0.04536845110527454,0.0,0.0,0.08843737137593712,0.14043208027035933,0.022428751099958393,0.0,0.2429153988804006,0.022468180120764694,0.0,0.023643317627685807,0.15211737314135554,0.0,0.1159321189133766,0.054073063305942706,0.0,0.07487349032331142,0.017166492245714298,0.0,0.09701257850889755,0.18430856466870935,0.0
1.0376916219679835,0.4024341590614623,0.534808133356787,19.426050516291962,10.512196448619445,122.63710487311089,0.5239849689265916,0.02447112342635898,0.0,0.04346239653977494,0.0,0.0,0.014716116051695455,0.018704147803215637,0.0007064635437044955,0.08927946185073238,0.010344774741770577,0.01610861435930387,0.04096897338507159,0.09408207323672414,0.005694429102197297,0.0,0.019921803480034566,0.05319722846634113,0.08995408830302767,0.0,0.035102980356608804,0.07247786045981863,0.36449664806997545,0.011803809763574598
8.783347593171236,-0.5968993940902771,0.6836863869469297,56.111016868071935,10.677087298628562,116.41919600045749,1.0296552048795484,0.12213511107076933,0.07934920502084633,0.02811239982305231,0.044087267214740766,0.1442208390170616,0.1307456779098926,0.04023558042908336,0.05880488864972987,0.15503912938070552,0.12104880618668548,0.0,0.0,0.0,0.05134744294985547,0.2784346630195029,0.037828111716643874,0.0,0.06908129665158977,0.0,0.023882082814210344,0.002325748693598556,0.16093200291149462,0.1615195849339025
0.06053160761848986,-0.6712205771070903,0.7856291900681904,30.303056338873674,8.69075640368598,105.58728615235263,-0.19216193146359145,0.0155733066800164,0.14625919173247626,0.0,0.0,0.06047826142020203,0.08630714847067977,0.062066327439402616,0.1032649577857962,0.14212510860592933,0.010429426664422314,0.0,0.0,0.15057172520600495,0.07070491685021306,0.3134564399282672,0.16036780013522106,0.0,0.0984722177906538,0.0,0.010846732078913644,0.07372889881621757,0.1354205501441768,0.019881986788377336
11.462849135187827,0.18162994427378765,0.39335888211883907,41.6159009864211,11.5,52.522319612872636,-0.36696800846873345,0.009116085513472781,0.044012391794535324,0.048167777281708624,0.06336146924400513,0.08717112834087154,0.15849741828131675,0.0,0.0,0.08439627350960777,0.05802636867434499,0.007950204487387794,0.0,0.22215130876862105,0.0,0.018965911338719582,0.09576158225591357,0.015018220517775639,0.0,0.019004499613143745,0.03369852317311511,0.0,0.2209712966879457,0.023164466391594377
8.703955976683156,-0.3128826370723679,0.6539674735086504,27.571863451597835,8.032824146738088,89.21686159394162,0.2486351243617968,0.013846303939374298,0.10008757371778287,0.03409498764075827,0.02846614167591449,0.04751950038556805,0.19251453433649313,0.0,0.010591373067158912,0.06189355802250409,0.1656212634009418,0.008208096551791296,0.019331334956364885,0.36274632369343357,0.05948907136746577,0.02597414709093579,0.0,0.07740473040658327,0.04064260106203971,0.0,0.004537694874692957,0.1586261974307715,0.4242074930907642,0.07833634826525818
-0.8632780728314691,-0.38918662856102326,0.5876354206909928,48.36524829043296,10.420141171700731,84.4866630683618,0.4780921883531375,0.020940311585955364,0.029687755636764405,0.02394654490242208,0.007728443746013445,0.116304601743805,0.0,0.036297989976806326,0.060900661541506036,0.1042791814537096,0.05295029522473575,0.01928967701594307,0.016446566081360196,0.11252046789953882,0.017506594547961513,0.18415151716677175,0.06509182956008108,0.0016460647323065826,0.0,0.0,0.04605740564122356,0.0,0.27407481652538895,0.01023277142395302
11.432093744816225,-0.3505352115593887,0.599436322974495,5.51452901364928,8.578373524048748,54.39838614537395,0.5086266773672489,0.09539161236683094,0.045270053587434564,0.09739355543022896,0.005036599801296577,0.03297291994025188,0.193813933580074,0.030803173061736234,0.12021514097904237,0.06888132218488752,0.16865100504571406,0.007580965116495018,0.06998255135853312,0.0,0.012656164984493986,0.28594475482542336,0.0,0.0,0.0,0.02315445200982776,0.0,0.09619910302246279,0.34716798899398704,0.0
-2.1281066741854042,-0.32694559628840536,0.6713185412981756,37.84436730816775,8.922997213981809,94.46172172164488,0.16636147434995907,0.0,0.026806042039894628,0.0316614542774848,0.01718038109725736,0.06189129958504572,0.06559734832383624,0.03198885816369847,0.11923662690811665,0.05355578773996399,0.05474211152761762,0.0,0.03489008187292539,0.3288479426148376,0.05823516287570853,0.24816665851043468,0.03890188443422215,0.022076717695438466,0.0,0.09661161412774952,0.028898096691938453,0.09865732928487342,0.3251624142948215,0.0
7.388328030714726,-0.4968436818149549,0.275415440215453,43.49799174167086,9.240468625283775,118.26360241584942,0.034957157504966974,0.08788530982542975,0.04637479626477327,0.0,0.051353162434927144,0.0,0.07137618892682032,0.037274628658570584,0.051342063037286695,0.12852907175094339,0.05999985734908548,0.0,0.04236720292189742,0.1779954362544286,0.02771378812702107,0.0,0.08131571367671662,0.0678035719012388,0.05265629887554643,0.0,0.06481706901096046,0.052459076009321426,0.11393776378694731,0.06262250289157625
10.085373983993748,-0.5815191436413744,0.9794765506899061,41.54653543504052,9.696550494226006,70.67972642469974,0.08000674086281917,0.10347542060751516,0.03563488230307264,0.0,0.03728532098889485,0.049111235219567194,0.07914863643328966,0.013233772819100797,0.08922756909126618,0.0116720996987532,0.13677870750080529,0.021113934818104703,0.047934502551300474,0.0,0.0,0.1911881984772168,0.015832921911991316,0.04865638645069874,0.0,0.018412161549448948,0.0,0.10207656985571494,0.1640022919332662,0.07511208156358679
4.27546609347757,0.2742485811170716,0.427365757502151,26.98322767086553,9.522657708889575,133.72550079746205,-0.12249214677875414,0.05749308156339316,0.04862700632624574,0.0,0.023904849013565627,0.13324897179732045,0.24317273875683182,0.0,0.09956744949629384,0.039655764034884536,0.09251398431333677,0.024653995305830713,0.03342817850519924,0.0,0.021037525553100362,0.3221337254644425,0.00861876889468657,0.0,0.021833149879342716,0.08057129405076036,0.015604127968152299,0.12138992796873599,0.12796438752986694,0.0
3.943668300181015,0.04509269541426397,0.9014705734531019,32.94006613017646,9.459614163715178,36.04723607114401,0.1384348083923345,0.05200395258037578,0.032464082859521744,0.0,0.02864498845474535,0.0,0.21053354144925154,0.019311644555391114,0.02330102052547254,0.2334677893350134,0.21055429586025934,0.0364987899614875,0.0,0.16235562026396133,0.0,0.06872771185313699,0.0,0.030879672096949154,0.0,0.05081105260970099,0.013785937520896728,0.1113126958174057,0.43793930691324023,0.06993440181111044
4.489783281333082,-0.745689861782931,0.6501967745437373,49.88338752982323,10.302515968130384,96.4200060116811,0.4670288997646316,0.0,0.057827909533698894,0.03534523503560556,0.027112695010341845,0.045369626239620695,0.0,0.02932454132222529,0.11672185822777886,0.1949796240199315,0.0,0.012586756370385931,0.0,0.02260675255117317,0.0659023836103868,0.2362841464732927,0.04197010123945063,0.015163491111258687,0.03095837715848067,0.0,0.0,0.10208608774030027,0.17517893412692176,0.0
5.089165119283157,-0.34770805095435003,0.632781709407177,54.239785295983104,10.032160937960379,60.97847427132121,0.247978963473392,0.0797128206931301,0.0,0.07169213111125905,0.012620825063396558,0.052308100036959966,0.04496084557381626,0.004071778259116553,0.11790532780026822,0.16749697808777553,0.0,0.026663713389300715,0.07478722543473147,0.0,0.021112635869907637,0.35762595357959526,0.0,0.09661712468589047,0.08474424903415606,0.12600830135011276,0.0,0.09302316811581751,0.38598030575760955,0.014295248531788266
8.246192974807157,-0.3978477429673076,0.8150073559407526,41.410985055146284,11.222816331411797,10.101193739961033,0.6186426628990522,0.129380660332728,0.15166654992214174,0.0,0.0,0.0900910908486577,0.05769676038885782,0.01797211758722371,0.061731759509695505,0.12260175413238592,0.09838658955717429,0.04411141001061486,0.04267360041687564,0.12446397325174394,0.05102331691846322,0.31243251189522847,0.0,0.06828509374769925,0.11091884577641534,0.06380026897978847,0.013344337540512428,0.10133218323748214,0.31748229085336954,0.0
4.902983959765086,0.1693144953350479,0.7110694023468715,63.42633937296402,7.018611967753381,125.68437249511933,0.37175273269035836,0.05129089994523929,0.0373500960091955,0.07303373671270165,0.03997891492685603,0.03931187232192132,0.23753490577468592,0.0,0.10670011511743537,0.0,0.08476363330757294,0.0035919762264253986,0.0,0.040840013423122504,0.0,0.0,0.08235289575120373,0.09086166122631711,0.0,0.06060794949164033,0.008902014967683156,0.19779940920166028,0.5838161728208124,0.07306058136504037
3.934823005336855,0.6903304155579832,0.6779101898527033,60.72782395346198,7.3326363883826735,57.31075517227353,0.004050820479568562,0.10889389794515505,0.0,0.0908913230109237,0.0,0.07613268587391418,0.1393243121220449,0.033427563248128206,0.06017613953411164,0.1515976861360233,0.1718454268807988,0.045460883440314584,0.0,0.0842007158714536,0.03540896411505743,0.3681071377164547,0.09351051674696129,0.0,0.0,0.03431554043212944,0.014892297901038347,0.1277530517916796,0.2309844197831558,0.09851475706599369
2.1893489927845433,-0.17130365904974398,0.9120108349302978,31.972984533744217,9.713318856277189,100.25097699803743,0.08228456237633736,0.029457941088807574,0.1364172611604895,0.09973535451566633,0.0,0.014910943071745036,0.0,0.03814181746741364,0.0555156953547168,0.049266955615091375,0.17794390725022413,0.0,0.010394113017210955,0.36242932798380584,0.0,0.1534397231325542,0.0,0.0,0.001487036568235879,0.08925788535583958,0.02483333674142965,0.18864641905384255,0.288619730360564,0.0
7.884062330757027,-0.5961444706365396,0.5202454925880727,16.731487339622667,8.445026304063656,42.51696305974571,0.29965782579145994,0.1630464704455712,0.044126412588325545,0.0942489827052728,0.06486803984863923,0.023811253836735005,0.23082845101303304,0.03582575571434332,0.13273889031203495,0.0,0.1775402337213039,0.0,0.0182608327897088,0.06891004345984095,0.01830349047553091,0.1646165928498414,0.015690880013522576,0.0,0.08733291668551453,0.0,0.05108859305169034,0.02124901721179756,0.1287758851559146,0.09780835460468176
7.6017964577709805,-0.394918509092284,0.8816522144714165,33.14899307332818,10.204349897564137,117.85234396729982,0.6473952108584611,0.037886810013415595,0.07830282138429402,0.031139330208974046,0.044474025660533476,0.02023846222769879,0.18194861206060503,0.0,0.04021749161489084,0.14888406150904376,0.11982815945525932,0.03662556931882033,0.064728029526713,0.0030975048110385706,0.02666318313282282,0.32625837916035133,0.10143336565828236,0.050030426935840505,0.11673495650505608,0.0457079558830643,0.0,0.10965900478656787,0.33827294856651074,0.08894939075887442
7.552208435320015,-0.2694587180127486,0.5422220471925914,27.210838984035412,11.5,103.91599279210335,0.09422587201802413,0.11259080715993323,0.18338791128207285,0.004172066696349095,0.03460811612830129,0.07758817051672104,0.11122062427105442,0.043441564545276326,0.03430919345706339,0.22822032522530478,0.11745697777347928,0.0,0.06442662652649295,0.033084291129034715,0.0,0.5925166391442319,0.16812046833609198,0.03859192640784216,0.06610061953669766,0.0885819799440612,0.026818497912873905,0.09799421051866185,0.40477255140670676,0.11556048503249791
4.492562884556657,-0.0037963867614720093,0.8171344175600052,52.99950198790485,9.672966929930082,128.98192960978,0.5856974101490288,0.03633903303765845,0.03761334033699734,0.03788682532947876,0.03520671309051064,0.057803931788191126,0.05759376920857441,0.01721958689570769,0.14466445867871974,0.2256217221045142,0.12044985196955495,0.0,0.012173284315090703,0.0,0.07151156756589765,0.0,0.04134646654920171,0.0076999451494791545,0.03898078509984092,0.024295498758927114,0.032306989954615326,0.02140462467571111,0.2019731064542432,0.0
7.727821240035656,0.1370724345927114,0.5113439681095207,32.94491774939135,8.729303298735347,108.0925974206724,-0.12165473448160391,0.05490455804836207,0.11139022641341287,0.0600287158796978,0.014345080678326126,0.12562006662813976,0.0,0.0,0.010395207506513168,0.14195484619485454,0.1320228074412201,0.015561175854921944,0.0,0.37166355823822456,0.03234424830597023,0.3616997140949021,0.06493316384601593,0.04267638332076966,0.09363334247314162,0.07588361094218427,0.0,0.0,0.10280828004499062,0.0
8.221578172132203,0.6389243194264961,0.9592689170263068,62.897840168817986,8.212544486097874,142.6339711870055,0.9983018499110826,0.05445354182163925,0.07194251972190954,0.0,0.06816602909851546,0.0,0.09535206628994189,0.02604651353033805,0.17100075740089068,0.023750004367541586,0.08780632651004754,0.0,0.0,0.13921218017271764,0.03289838280378652,0.19246436809260456,0.011262279084112745,0.05538167816257985,0.1163212702088037,0.10004200040198162,0.05432967938112934,0.0,0.13212998109422935,0.01749017279651746
5.792918815344962,-0.23905113769154354,0.7595298441129043,34.74624501663522,10.283391874718449,38.06036054862924,-0.5368162074777246,0.1228132707202817,0.009623923103829438,0.07229276989060963,0.019903187673666823,0.0032856144436700374,0.08987390919898813,0.024245734321135054,0.0,0.00910394066758817,0.1577082709332398,0.0,0.03689034003238762,0.11210288215753524,0.05156323402081768,0.13044676651966353,0.07328035304997363,0.0,0.0,0.04333362180228293,0.048391921649906064,0.12996366208517351,0.14774462104034405,0.04190869738037117
8.827855752625734,0.021549747550930393,0.3465925548847898,50.625736930747834,9.640090292194019,103.28848310269873,0.04302899205936758,0.0,0.0,0.004118206107470088,0.0,0.00641821890049675,0.0,0.0405174847789249,0.13042349128832367,0.06615173692935411,0.1901876007274558,0.0,0.012645212559374697,0.22549775063723856,0.02689242577088107,0.08154333800893607,0.0,0.0,0.056788300587374656,0.026588059075599888,0.019240239336329342,0.0,0.32205480098297806,0.06470451780305041
14.913033208151788,-0.321533401703432,0.6518432856060411,57.80953652111252,11.038733440077806,32.35911499773551,-0.12018211381244959,0.05375927743106387,0.13034871463875217,0.03715595756041006,0.03480912419179296,0.05877878717414854,0.10268255279272435,0.05224094958407598,0.033833735726689323,0.02372384342225417,0.04590346087917361,0.0,0.07127408922138942,0.06816854289168696,0.05378354959464332,0.11553779004306725,0.046811287717595663,0.0,0.03508422725515359,0.0069149198092878575,0.005151831351942769,0.09987758242738932,0.028841611189207472,0.0944314152577403
7.687385806252381,-0.6618058897978435,0.6799993835571733,39.97238752177839,8.280364096155978,100.62509059404003,0.051990745177919406,0.14638947692045365,0.12333238010935099,0.021444485628726088,0.017983119967245772,0.0015591594560649402,0.10984380612544037,0.0,0.015544319772304298,0.03762840114820992,0.18027054898269484,0.0003893855806248476,0.01572685287564614,0.21338436336175123,0.0728186853309929,0.05468078603829038,0.11977406390754766,0.06674059798072253,0.026968232930707905,0.022451483226660136,0.05502493051202365,0.1381130676669866,0.15527588189010205,0.08661283618977975
1.4297060128709407,-0.5071171630396326,0.39799574156214174,18.374777008550826,9.160256013059971,28.943265947379288,-0.13177047158548516,0.171781704446096,0.046677088938955856,0.06002846860003673,0.03727412300124536,0.02544167490449055,0.20701898090827944,0.02966645665792121,0.002119650370469024,0.10680269994179903,0.05491396375359145,0.0,0.03396759105447073,0.16424870269853756,0.003800596909870748,0.1572982506779923,0.0041150885415773,0.060105863903409246,0.12185246996616275,0.023988667418974378,0.03031494749864927,0.08068888017991423,0.1522811364091315,0.1539697263684953
-1.0011380647695027,-0.4593401173033801,0.569075971093498,50.44064888502225,9.876051787662957,173.3129674249575,0.6889933956761565,0.04579288030952535,0.02526030954135201,0.0,0.02594423509756327,0.1035085120213532,0.03778256223633801,0.00020082517536940472,0.07536561882520731,0.0,0.0,0.0,0.050701207581304,0.2508213420968119,0.03273319161731188,0.45644492794067393,0.11690499285197845,0.0,0.04888647339990145,0.011540940015277888,0.04416854384497977,0.0,0.39902863571919084,0.0
9.5282616713881,-0.725094540703388,0.7005477031784931,33.46817883218279,8.90442413913019,98.74088788901264,0.190623447731068,0.09421241395576013,0.05919785854371214,0.0,0.0531612694299981,0.12780554989861,0.1251551267972805,0.006459081081493338,0.0,0.22640972081084437,0.06849566437671506,0.035665467891477676,0.0,0.22210833400501442,0.022946227182149673,0.16316277931724657,0.0,0.08303236099256477,0.08922464780498801,0.11289720672035557,0.0,0.2048996466320845,0.20715586446776424,0.0
7.8687759873778305,-0.30490973110955333,0.7465620412342722,30.561375834584545,9.835375424582379,108.08649352521465,0.23131218066896136,0.06534748407291348,0.06773449093305026,0.0,0.0,0.01890662636557478,0.35277746498823215,0.0,0.12141955705186833,0.09011746652868974,0.059615140859642944,0.02408394763703855,0.009124243336352995,0.0,0.06415093705104609,0.24752346933495634,0.0,0.0,0.0,0.0017081969363606266,0.03519589811944699,0.039131715023525256,0.3460708147132977,0.0652502686433612
3.0871223424519245,-0.14763594679995862,0.900245256210833,32.674089577115545,9.27137538641231,89.37459799448546,-0.2487429011057251,0.011511501416000977,0.026581131638103453,0.10895642299531053,0.0,0.08165883901736905,0.004502204387747122,0.0,0.0,0.22252460815525898,0.13855669070083723,0.0,0.08573769440268172,0.0,0.011934088694114664,0.15984288390003365,0.018444996070636592,0.0972348748344322,0.040529161740107324,0.04660509030621872,0.0,0.15329997258720146,0.0,0.061130709056000154
8.228568886204744,-0.07246206939878644,1.2292001498142247,53.476786648093764,10.241089388997459,110.42105274288409,-0.14704402151361995,0.004925606016302236,0.0,0.0,0.07105476224762403,0.0,0.29314787560014205,0.025340176594949266,0.04718289595890138,0.3082630578350783,0.0,0.0,0.0,0.06374645972230927,0.053431621139542224,0.26265601548782624,0.04291181485476525,0.0,0.15374197597072692,0.03667179735752594,0.0,0.115701623928852,0.15243949693554898,0.04116131108107057
8.516366716538291,0.20443768455068484,0.4089491555908213,35.97625456364183,7.375444826655184,74.31868879284167,0.7779579592742288,0.11836178684652277,0.00095027064415696,0.0,0.0,0.040059390572992695,0.03565699165783963,0.0,0.09153732301453552,0.07712648292165654,0.06317235384125999,0.0,0.013326889396304234,0.1665169035523093,0.012267540174481544,0.07811485394124418,0.054999811737428184,0.06057986361001105,0.0797568273887348,0.0,0.04217430369077108,0.11426983011874275,0.21562389575825827,0.11879404965385348
-0.04196182443570162,-0.15419264372243618,0.6319115035360686,55.626363229859265,9.198821231978872,87.90038546493037,0.1614707726761203,0.07570281318793068,0.03276021572106108,0.036900197370880836,0.0313802544660488,0.0,0.0,0.005354084327891067,0.1087081890935894,0.0,0.14760539814548332,0.0,0.12240320115578965,0.17248168389283275,0.03514671772491319,0.19112981738971221,0.10176891663097866,0.0,0.07531638673485985,0.0,0.01059577665328816,0.21011803331462803,0.4459878971658737,0.031978298661749574
4.917747449532603,-0.26457360687765136,0.7880569106884425,39.89081700752413,9.458989658230099,62.21096814438263,0.5258797191923916,0.0,0.009900475116173837,0.0,0.0,0.11255635084713864,0.0625542758109985,0.03358823494779664,0.0,0.23081873626880273,0.12054982836429366,0.0,0.02583556998335763,0.26446284699312844,0.03936055643622412,0.0,0.0,0.05533543868332881,0.07593165270692123,0.0,0.0,0.31039939261656824,0.21055618477772417,0.10291861387219622
2.2662600254436227,-0.3815077392259826,0.7052490084908418,43.04447692128897,6.925013987857877,149.8118004280579,1.1908524581237747,0.07115826297447278,0.03770258651096309,0.0,0.0,0.0,0.1352912089592986,0.0329345880489099,0.10519403918217976,0.10556311815654502,0.17057527820802124,0.007198536883450752,0.05332246112878042,0.0,0.03300047867736938,0.16899655314954984,0.011586412077899903,0.0013179206018761186,0.037538931578267876,0.04450706535007351,0.04424912243892638,0.14001692423875445,0.34172759774990047,0.023726966879881663
3.2581381807843677,-0.6518461928733126,0.6843440545149354,51.79407909199561,10.528618708836445,20.50573556288996,0.7996360036613811,0.15786641485581424,0.06092902646810838,0.0,0.052910467830932784,0.10780721027242715,0.1575714149974759,0.018169725430385045,0.0,0.14703545889849684,0.06628062802659668,0.03363453562322656,0.0,0.0,0.03130476660788291,0.22208154738997976,0.03731984199558397,0.03399631175103525,0.06185086294348867,0.05689048208600233,0.035179385265253764,0.0,0.4555002282647018,0.04153608531095287
2.281340869222637,0.22632920791084415,0.8582847315707348,19.782562401554237,9.44797458317959,47.800918053591914,0.6212870937836132,0.02593567841241548,0.10764016214301952,0.0,0.0,0.09085738129698018,0.02860907267907927,0.0,0.1098018972067305,0.0,0.04390029267080452,0.0,0.06816145909925952,0.30018442360633824,0.03938454534397477,0.27520061692269765,0.059060915888078755,0.046656219265264365,0.0956863807625019,0.0006309329177949553,0.012251660466642276,0.08165349562337439,0.37189601175664744,0.04271763170611883
4.420743830114338,-0.6350121005059282,0.5478053134260389,54.12182515607943,9.41920146426462,49.26421879675617,-0.1348387530468249,0.14732144576338158,0.004333170016097676,0.07822188083204477,0.0,0.06675695245833176,0.07571173290963794,0.054988628812579446,0.11735300648566048,0.29631334204622667,0.17377285981966425,0.020484832927812682,0.0,0.12928953507278593,0.03062877000626551,0.29679016988202905,0.10841607313492524,0.07958033103848966,0.04828940713566905,0.07107239329115339,0.025355659418723166,0.025145664945852624,0.015615132224581663,0.04549060196599341
0.3230169613645595,-0.035042071880577175,1.0136425928921597,32.678925881502764,7.87139203045634,102.18129705326942,-0.007523003130568889,0.06128230256692312,0.006443220701071121,0.04389432008399818,0.0,0.06339886881955037,0.0797114982595685,0.0016022664808386117,0.13621904325336195,0.22717717683233307,0.020511174382910127,0.0003302656961323702,0.07560814340646235,0.4152370184318374,0.06452788285692489,0.09627055725490395,0.05192188923051168,0.012722371308855611,0.0,0.08992616554244368,0.0,0.11576386874144651,0.2333180910764598,0.03206829673022507
0.4201460295877757,0.02694813271195151,0.5971350812418899,15.94948717081687,8.99183623215859,99.26833703679208,0.13103487509316936,0.09946902141392372,0.11460772619228979,0.03248279467402014,0.06360396312836561,0.0,0.0,0.011856319580800481,0.0,0.017085674442261764,0.017967056175435356,0.0,0.0,0.1707626816701331,0.005480242327800144,0.05826655865282136,0.02375782061958593,0.005316572499517568,0.08053437368231434,0.060903141969570126,0.05769020690890063,0.13542317858991249,0.37710516719603576,0.018751671792434775
11.395143630193218,-0.05504353009021812,0.47282446233949665,14.823275228872944,11.148926984088282,28.991043616125722,0.06254995576722047,0.09004177069426791,0.08201125513832383,0.061773031123517286,0.0,0.033780314492676586,0.0,0.05527100354258058,0.03974296527248225,0.02021554294304781,0.0,0.007144138777111269,0.0,0.19330717515311216,0.0,0.0,0.0,0.059398335224375244,0.1532238249656191,0.11462307798102152,0.04928544732863473,0.04211166134208921,0.2905950330673299,0.0
10.758181145324748,-0.22512593696940741,0.7168529033937608,33.07263543247022,10.216250129172968,43.12089112807369,0.5487038568940463,0.0,0.12895520238450048,0.010978382154172201,0.010530600505304032,0.05687856169862977,0.12443725916255854,0.01320107926453991,0.0835973115259551,0.016732894171068977,0.14700608833891826,0.009132087278213661,0.0,0.04077565015339919,0.0498076419758728,0.48756414614833243,0.006159695287590708,0.08101044151549791,0.005909387287125638,0.07153709209905981,0.003959114353965837,0.07411862923736859,0.4678309898758759,0.034349191287325165
6.737262189445028,-0.8864025655085687,0.5033104823676626,48.49233202899305,9.314544547435478,74.20233520101105,0.5925643140604191,0.15725383604051882,0.12559766094553862,0.01713575868732085,0.02694072414109935,0.13004384206833342,0.0,0.054094963731870296,0.14345957000738044,0.2516960211188892,0.0,0.0,0.0,0.16984905403739933,0.0,0.30175265451852606,0.10493509721350575,0.0933220192449177,0.09437708025816492,0.0,0.010285432962138201,0.052966514282237906,0.24618382712745604,0.0
-4.190598085956048,-0.16887052601370417,1.0002677643864175,24.610241932100834,9.523035966198858,88.65888397709229,0.5767665305331703,0.04984651060035522,0.05222244624656579,0.035196403072765114,0.051784328363801015,0.03316418916179791,0.18571137620458267,0.007543471833912376,0.0014191864675724558,0.0,0.18080409223819266,0.0,0.0403060524742905,0.358379134345112,0.0,0.009814967392547114,0.025045109981024827,0.01586313258690692,0.02390274017357946,0.0,0.0389031086999884,0.03819808204008549,0.38631492276072865,0.001078988325162282
8.066267463248636,0.11791658687106349,0.529213629555704,51.02756564035909,11.5,139.9394139753624,0.3989666053298536,0.0,0.03736917852401658,0.0,0.07771282927953709,0.01030363707099866,0.21962360257008484,0.061697852672352005,0.0,0.0,0.06154312346708033,0.0,0.0,0.21508494403861517,0.043447549800301084,0.0,0.0,0.04678215977805454,0.05453139452786739,0.0,0.013625746632474803,0.09055621492912383,0.16808559758987243,0.0
5.322910066172555,-0.2517074065689636,0.44834189617150955,40.54110165861259,8.887910281160451,124.38744663979415,-0.054048036952922096,0.015133486216160556,0.020186859424788005,0.0,0.014444336842953813,0.028137762303218163,0.04932834932783396,0.05200077903701594,0.11735493613157,0.01724743340059219,0.09166039900396597,0.039614243976601765,0.0,0.09934092056143615,0.038249394538020745,0.0,0.02790176003195724,0.06520900968280899,0.0,0.025638147116817167,0.06736420532855117,0.1160135964455124,0.3383679975416002,0.09464986045650739
2.026856172624286,-0.08067123245773267,0.44426537015359824,34.523982631741774,7.318147669188212,72.74357913631775,0.22493967943353227,0.18627416778239642,0.06893088552397433,0.0,0.0019267844186457092,0.2269624939853298,0.06120253433960955,0.07104802515166929,0.07265428810527895,0.0718131251383833,0.19132690850099893,0.0,0.0726288860538999,0.39322301567880186,0.04300145146182976,0.2161734367548026,0.11454531684950249,0.05097807372287835,0.06639020749519992,0.0952000693448558,0.008473362350274504,0.01889626426590224,0.40783658208016016,0.09211879337375646
3.072598865401795,-0.18425556307371324,0.37469321424911406,62.13019097101531,9.701230540380436,35.75445387095965,0.2863145656084486,0.038368598311412545,0.12188919151898728,0.04827191812361663,0.04873001883825202,0.044325955814326454,0.0,0.054256547195183955,0.0332845625847667,0.1754782253285511,0.11121178870779715,0.013339419189138255,0.0,0.12388242276934518,0.0,0.14888795253839096,0.05442282388997911,0.13042668768987795,0.10499533896988364,0.0,0.01509719974899057,0.059662405808750076,0.2685984226902438,0.13584662240139853
9.305407208141833,-0.14317855432807539,1.0384472742215667,52.969857083256265,9.87357455679425,20.666135963306047,0.46937934427342126,0.14549910860574092,0.012113168653337964,0.08996229953782735,0.0,0.00988707922342981,0.01616862536304041,0.07723841932730527,0.040317836197944636,0.26158726129630283,0.027455724484726364,0.0,0.010585370323251225,0.153819931581506,0.0,0.07136288767862367,0.043049026942548016,0.0017681698983872535,0.05432113617352084,0.0,0.006957489002138316,0.1347192821603507,0.14398277860059655,0.01000101832863445
7.473166067499113,0.23368758464373218,0.5842242922435565,36.26610638812397,10.272279405065243,98.43100849879058,-0.014399233557263608,0.0,0.06488782518816348,0.0,0.0,0.0,0.030550864079656313,0.058432821069889174,0.09499037694867687,0.1273618625629707,0.0,0.021643315773672078,0.006176170722727036,0.14061180923915048,0.002548117132485459,0.3672360838526644,0.06349834166592933,0.0,0.08256964013277414,0.03449449362971893,0.015972919693022947,0.05819191782668802,0.24650951060329174,0.029247920658183102
-1.7502105361928884,0.032389063886251346,0.8699748827111277,26.39529904877393,7.875832195214059,51.62816113892801,1.0207571079404292,0.12580664962645075,0.05225253504536576,0.0689086542028749,0.012945620753847017,0.0,0.0,0.04272434493482702,0.08032865286022223,0.0,0.16619550812161915,0.0,0.03932949218458244,0.20714116557225326,0.05936634088692806,0.5459784285040711,0.059567685257144974,0.052984554421994644,0.010410758588129572,0.10476266351392863,0.0,0.12077582449535207,0.0,0.0
0.28173230894378953,0.2023462473416946,0.65858726530295,50.297618057160946,9.301474947861399,99.25543369392557,0.3106971161696781,0.0,0.06737691387054198,0.011020678570555964,0.0,0.053382647380421346,0.02684509108741806,0.0445518595874126,0.03151173724276934,0.30234974204914483,0.03164695853987088,0.01594114159123078,0.07217201113595753,0.21290077618945363,0.08968948274180134,0.31357782356285396,0.045662686069478965,0.05656748034371678,0.05189018203070051,0.02601485724919935,0.07094129751192522,0.14472378745161688,0.31849971415167355,0.02705412838581469
0.5813944223298462,-0.5922944202850045,0.389392088285144,0.0,10.886932411876911,44.12524921962837,0.5766279072758946,0.0,0.030909620032434377,0.09882632927035041,0.0,0.08457547170647418,0.013606131666729457,0.11028099288760679,0.024259072967480567,0.026233134648207965,0.21515770677573476,0.024359172869176212,0.03768271157765657,0.004743903804103972,0.0468336482532223,0.029631995823542465,0.03283662588363766,0.013861186673755004,0.0,0.0,0.0,0.029944407846698398,0.1972273852674119,0.0
5.286657787133011,0.1794073476253833,0.6488816559689357,54.47844598151333,9.64700062551979,59.04373660496595,0.8370479633657324,0.0,0.0,0.017729991881321586,0.0,0.016337574145042118,0.109212291507041,0.060223475060860704,0.06375370592906057,0.2168621169166507,0.06639504325016131,0.05290791166332995,0.0,0.24035001006902085,0.03726326604843755,0.0,0.05244536928689094,0.029421332493169,0.07574328485889734,0.0034742076009418622,0.055858771125656,0.12265283128597686,0.07901836807577184,0.03758026876666266
6.155953159441516,-0.1178388625719398,0.8211852216560116,40.64205082188012,7.506905029926235,75.50263546774939,0.20719812386233427,0.17751825281687003,0.0,0.04787212080997297,0.05855424649108587,0.07467235102545713,0.1525999554705892,0.052650578023598224,0.09015832447925481,0.04927401185478036,0.0,0.010290451276274959,0.04281412801657354,0.19811390307086704,0.09456854758995659,0.014269522755032599,0.0,0.06900593944123748,0.06463852494441152,0.01831412803237116,0.0,0.16455619020381385,0.14146810897694082,0.01440228424441686
4.565701718697105,-0.042597460473409704,0.7478124021422918,49.684147037481196,9.780483712271483,74.8139596335364,0.15315862499006921,0.14929615064849264,0.0,0.07795698721249515,0.008439371378341248,0.08197674636491555,0.017280213141824166,0.0,0.04023280801414434,0.11511201238384268,0.11519750770684971,0.013160121713746161,0.027244101007621032,0.2393150725314211,0.0,0.07321033723461991,0.0,0.0560963679249446,0.09007655438840949,0.04126622723254132,0.03523602103152826,0.0,0.01609025677807535,0.046357894889842315
8.078592669488547,-0.07628357197086647,0.8569968454332209,38.24760340706266,8.23657216533349,42.93749179978338,0.3421935331515221,0.1530235183282573,0.06926280665812377,0.0,0.02514771544734455,0.10970673811255818,0.007255728545711743,0.0,0.1285606082585865,0.03640328302402507,0.15201924795058813,0.0,0.01648443173556039,0.006297055682222413,0.0,0.11939791546819581,0.008244712435756325,0.010256591302074038,0.07761017215321134,0.0,0.016951773940764758,0.02537251599060361,0.26473772502731285,0.1085342123096707
4.74726953439917,-0.1364010920290496,0.602845491488122,21.14597273211903,10.15798067335176,55.02574618497379,-0.14637119299002688,0.11097447881469867,0.0353861515339444,0.04083014021817649,0.00401934997926698,0.0627324372760053,0.17119250703561179,0.053396293614057344,0.060014102154564805,0.1887921751312463,0.04567089322328098,0.010989893121893295,0.07303187883360518,0.15650894873916144,0.0,0.0,0.06379587289506655,0.035793022773383656,0.0699507110625179,0.0,0.062323185103701,0.08694589155650925,0.4517450187051134,0.02620723837000044
4.257413165474663,-1.1553673106079212,0.8648361267553872,55.15749118800558,11.015765388033298,28.27754399333576,-0.44269905168509427,0.0,0.03269706752133675,0.0,0.013285770292984627,0.0,0.09541885546660155,0.010117500413773408,0.06357475424144539,0.011148493375986543,0.23050521202111823,0.010411569580995298,0.08751969877427394,0.07034631793250087,0.0,0.244328178557022,0.008401379784376013,0.043529654141414464,0.0,0.058975166948996675,0.0,0.06509414905198804,0.1397115616376098,0.0403742787705143
4.042063980489563,-0.03255458055733157,0.6070502194934778,27.2945393764747,10.541056470447772,122.32093442833313,0.8434660199727247,0.08643529004849705,0.0,0.027064689150636874,0.024397990115657457,0.007938154870134169,0.12630987802711158,0.0,0.0,0.09898011682696402,0.12468202974194126,0.01608622297233178,0.01864343956228235,0.07429359680908866,0.0,0.07953777581539717,0.011016273204365504,0.01390656012249142,0.0,0.0,0.0,0.10341535795080421,0.31409215749185726,0.0008636780837354627
9.756573453534887,0.051344662916752826,0.6011354560672731,32.207259467028905,8.014512500064644,124.90842765884742,0.060803530376275144,0.0660939852198127,0.08349228190676614,0.07468475619522628,0.0,0.0,0.0,0.035511491028142064,0.08900318554645958,0.1381092735615066,0.1361246272886084,0.019164420632122658,0.03420957003694839,0.23212841829174202,0.047270811647010344,0.12895451378127765,0.15429803559356875,0.04007682937765316,0.005428935385357464,0.0,0.05263087268164962,0.0,0.2654189709193547,0.0
8.891321509023781,-0.2261009349472999,0.6574608416231515,16.585122020802466,9.643483646960034,113.02334729123734,0.34603519489691453,0.15985286046852037,0.0,0.08022882730455358,0.004496940783758473,0.06956827735559967,0.14454663238189333,0.037885961860658984,0.07282680907747217,0.0,0.06374337733528465,0.0018731119514262895,0.04469359932571064,0.0,0.027345525670820707,0.2873479802703911,0.008765204814788454,0.038238825671022894,0.04708541408450144,0.07278845632602421,0.0053792696575372285,0.0,0.010590107901938761,0.06479596665370699
0.23378886807480903,-0.05377360795968247,0.5363908191976681,36.853119208139105,8.906378991686118,45.8642542747961,0.8583684821904786,0.07091326102712135,0.0,0.009669796324154194,0.003235761022427397,0.022523652521105275,0.0,0.0,0.0,0.28127446921442256,0.16818025543048082,0.016127210400570482,0.068319209926112,0.0,0.06878749095277724,0.06531673639143103,0.06201736363831592,0.000538504241577413,0.0,0.0962844011697317,0.026320367995993646,0.14443533294772803,0.2188071185606067,0.12277753885637357
8.879441791177353,0.12833464604401007,0.4334519079643415,48.94885497306525,11.110829804234125,70.0818462386136,0.26341254259989566,0.03790347345865272,0.0,0.08785874134702445,0.013566689284986895,0.14521980318503572,0.04044398790787403,0.010225427555407198,0.020148210198794876,0.02265393657055026,0.1392537941663971,0.030215575492414715,0.046147455771200094,0.38689416275685595,0.040115121739001426,0.0,0.09909467109823056,0.02789943598376807,0.0,0.0,0.0,0.0,0.2604362459103375,0.03496230973111776
11.769678073289828,-0.16059039267671832,0.6757736251695001,41.72563380985269,9.323870147631732,106.00509662556004,0.1294115689717084,0.1658124891241684,0.0,0.0,0.0,0.009632833879340833,0.0538516639156884,0.0,0.08616671091093944,0.09335225843233962,0.11003202034792461,0.006249439010454542,0.014274923085135898,0.17151953526610403,0.07589877897973556,0.012425368638364465,0.03070963491822724,0.05234365805717648,0.06849258577041471,0.0708328778716733,0.0,0.0,0.5793545957910028,0.02311850032526227
4.1170357285728825,0.09854703019540567,0.6448190264090747,38.42588853356493,9.89881011641609,95.77025106528848,0.7835162566375465,0.045082003799009306,0.05141111770038799,0.09972264217449824,0.034675093239895816,0.0,0.0,0.0,0.04162806158981315,0.059094465014598044,0.07236851777215464,0.0,0.08990122830969478,0.054670571605122925,0.014980645120220059,0.23361710784160242,0.0,0.0,0.0,0.0,0.09745800241634858,0.04107645641855624,0.035747983728594585,0.0
7.846690900605212,-0.21400898686821138,0.5523775827647738,55.049663671287554,9.419863194410043,122.76557711737784,0.45037641435198694,0.07273201867611637,0.03330353056256496,0.07206627258662378,0.003983277943538335,0.08547014391427707,0.07156620504798626,0.09301707125130952,0.02112996034831196,0.012096666238096479,0.30327253216962785,0.003094314255037438,0.0,0.1312235685306143,4.4697719693041066e-05,0.0,0.0,0.030096030969778864,0.02494459959869515,0.008728882689651699,0.044164858185124826,0.21128405455924276,0.21179616122957406,0.10657795490515415
-1.4913692002580703,-0.6514277965188766,0.5597651471333526,41.653841944939266,9.674897657454084,96.43311749814673,0.031112217553613764,0.043640680659081575,0.05843827965207224,0.12381788475122303,0.06352305379440062,0.06979672726740471,0.0,0.01057931190456186,0.117507067819925,0.1586349904431978,0.06983396737358838,0.0,0.04974015885466683,0.3861703926203344,0.06323421280569543,0.17841917886158815,0.0,0.0,0.00976946051162568,0.0,0.027916293339279072,0.0168343381500647,0.17861200019393303,0.0
8.656000489096204,-0.15909142487773828,0.8141697141153648,56.76711473802904,10.118201045953127,18.741771407479547,-0.7724309122906007,0.014010294467675266,0.0,0.10025414841394928,0.0,0.019202638633725008,0.20587217796053847,0.0213800371255823,0.051770424117617855,0.0,0.06429877299821479,0.0,0.012156970943445965,0.06199382079886766,0.0,0.3488152059311504,0.0054611689527252275,0.029133502737466083,0.24980211221909118,0.015445753510574452,0.045889474562786546,0.018513452880379158,0.3550673692233929,0.007712285452800172
-0.2719641822575305,0.5159929277747091,0.35283047338833046,35.359747949415144,10.103082781518195,11.355170761292683,-0.197960879487747,0.0648921963312744,0.0911583176175803,0.07292532161731972,0.018054251577559622,0.007335841226396404,0.23964521368234012,0.046917248630184566,0.02107969435800599,0.0,0.058834250177010425,0.006643406516409633,0.08333571704423867,0.0612335859200103,0.006327851349749992,0.0,0.06842595320892556,0.04786544752560079,0.0,0.08550520192773134,0.04829647161784902,0.15974775660164225,0.20301607914301784,0.07096340179775931
5.5659976576316375,0.279891656126774,0.5884143911514368,0.0,10.97859103317823,87.04632988578882,0.2821415605109562,0.009351773333305662,0.06264562941960342,0.050440474356720874,0.04602021461845265,0.057124797705406856,0.0,0.0,0.16895060747906113,0.0,0.04881743921095267,0.035263031119736735,0.005930379957899412,0.15684294137275456,0.0,0.0,0.08692860328714833,0.056492274326533726,0.062300530828163544,0.05152391175614566,0.0,0.028588704620466775,0.293564432257669,0.05792447455759314
4.215957184637527,-0.3744636411184179,0.8048675717042036,37.11029021097857,8.932818358402342,171.9979990232452,-0.0066066108758729425,0.0,0.04195043215704504,0.011144332335671919,0.014830223366555643,0.045863120945342194,0.16104096713114163,0.013974568448900566,0.12175495240674286,0.10820070185232251,0.2797503562167507,0.020628712661115947,0.0,0.027360418811396697,0.07313590353629422,0.18578537773201836,0.06744081949794375,0.027093400422482174,0.0,0.0,0.07470547078761611,0.06384684096714818,0.2151645122511351,0.0
8.582725615706874,0.0903619472719191,0.48954912757277486,51.18567555387307,9.261110558386912,38.86413739210803,0.0676666624832708,0.022486734922198534,0.0,0.10608522925804485,0.04625118394321248,0.060649197872741936,0.07395472471611947,0.0,0.0961506041514628,0.0845314864097878,0.05473385613284053,0.00838861696359302,0.05797294330540081,0.13471540335835294,0.02451337807212916,0.0,0.07960701661094302,0.025774234080267182,0.01153417899052589,0.06241764939237672,0.0,0.0,0.2169955842293167,0.040124718690148074
6.1786591023839135,0.16205733882240625,0.4290177453437368,44.14097575892384,10.671764635943411,185.64214554650718,0.08784871867531763,0.0,0.0,0.06807681729504779,0.0,0.053320032670380685,0.1211821957005281,0.0,0.03134559654951402,0.06820172930582498,0.25072659689246296,0.036746633177845246,0.02623928340738184,0.17975565254157602,0.06632310436292957,0.23921316979558274,0.04095695246164395,0.02036826253891303,0.12455176124734152,0.07529242085185052,0.037719967675917065,0.09483295314312339,0.18255999809032114,0.0
-1.5087780085803972,0.08094242339315927,0.5888109243904488,51.24279091955282,9.16390209375676,46.24586847197249,-0.5790352736813359,0.12800882348963105,0.026398527462236615,0.019922386713947957,0.030193554642378898,0.0,0.12125729662605489,0.0,0.059028830065445674,0.10011763637122863,0.16280221817245089,0.013061620819014814,0.0,0.2929364144062721,0.027020366817953813,0.0,0.0,0.035085973859354656,0.06167283441024859,0.0,0.02171192895520607,0.1591145641858719,0.0,0.0
6.563648957766432,-0.33101283037102014,0.5475523051029667,26.25046135557192,11.040564454639362,69.16172152050198,0.42539275169661606,0.13288874580473853,0.03602963810593621,0.0639408323232069,0.004149341807712245,0.03734444673086418,0.07903516021812568,0.020429702826826955,0.0,0.09063575650530517,0.23394415118606687,0.0,0.0344085486489021,0.0,0.0,0.0029141208194953527,0.0,0.07553551087002305,0.09205919533703927,0.0,0.05357650840610535,0.2130077034103306,0.2772314958395646,0.10286929506523476
6.1110257565535635,-0.656272814069852,0.5593287907075756,59.72123864039659,10.07160256245366,111.15512103393598,0.43184885398108597,0.013531403804418626,0.011349845486804285,0.04800817597025578,0.0257791454455392,0.07542388567057998,0.19668908546845226,0.011174703146226985,0.013732528349246126,0.18400355459224835,0.16582366104204485,0.00824578602415747,0.021496210167543425,0.0,0.03486073857733338,0.078309248883408,0.0,0.07367245475332254,0.0,0.12869260213790862,0.06420438649939456,0.1557509147148931,0.31382274318471176,0.09533299376788384
-1.5007044194194616,-0.9327040847791522,0.509548524257398,27.31359463860504,6.001847579418893,74.58621182463698,0.3495508440484233,0.24861038559773008,0.020827349774574205,0.01535256107214963,0.031443571004784183,0.0,0.11650547510198622,0.02230714350823773,0.10746143684088552,0.14786495821820123,0.05381939898224175,0.018019452813008645,0.015380234638268337,0.0,0.060702173138439675,0.0,0.035637648627677355,0.0,0.03346416943730009,0.009573310817791385,0.026883970354555146,0.1333633690838466,0.12392214548809885,0.18559234626232252
11.34682098778487,0.6252957394361611,0.7545722474495661,53.01937499434643,8.284440189496731,33.72990690348105,-0.06124582929084993,0.0,0.10866583288536319,0.022230151493948833,0.0716235413050897,0.06300341010951216,0.1002192132281133,0.022724821946356374,0.05332177580956969,0.013529741708691478,0.09768512302249309,0.03286612121855682,0.029350225085629598,0.09949169507752365,0.07907273714912351,0.2655557193060102,0.030916995213821047,0.031327287157867215,0.03548395648303463,0.0,0.04743281922045408,0.07819103316654494,0.4164689209215443,0.0
3.7181524586880395,0.0440748147602284,1.055785477646027,27.55324843042592,10.169052842142657,169.58626246859694,0.16744707790918117,0.13239278426368256,0.03505082511191387,0.10391886039394113,0.0,0.00795033816680367,0.0,0.0,0.07529379778637871,0.24320271747719885,0.05442575430562596,0.03061026958870941,0.0,0.07478128317534037,0.02466298653398154,0.17982422433957737,0.05797233822299664,0.05149278716694459,0.0944471940713225,0.0,0.05093308571688682,0.003450999058732654,0.36010912081373914,0.00018459511531262324
1.8173323894750948,-0.15725657934334009,0.7574989469114946,16.11194338196348,9.468380035520504,53.670346704830436,0.10487008442120226,0.005885827380164438,0.0497157712151549,0.0,0.05371481777170431,0.0,0.0,0.06841667699334435,0.04122458508333838,0.0,0.06111410523644366,0.0005260292203223098,0.0,0.156248151909081,0.0,0.2409001288584524,0.0,0.10795155767175814,0.018842268598568274,0.03294964892020914,0.0,0.09031256560066186,0.236621226039403,0.0
3.175558898085866,0.2685145319593994,0.3908213887574482,31.60928421320429,7.414468402473509,94.01130627307802,0.4859500485748824,0.024791986683745118,0.0,0.07520044812264073,0.0,0.056213206742485,0.0,0.009568573752420515,0.0722657417415629,0.007029957293116312,0.1186139235676157,0.01585468814498517,0.017272068939156365,0.22711449855235283,0.029683200740891064,0.11085899189316883,0.036855920897657796,0.0,0.03331716411761072,0.03141248728418726,0.007954608026770152,0.10361676505336298,0.17851647396242165,0.0
11.142554172165113,-0.5702845435509757,0.6544167557516163,37.67759077035927,10.432252689365814,99.93656011236428,0.5938270161699457,0.012155511454607179,0.03685639485931165,0.09400979953972757,0.04274172897345896,0.02454227488608054,0.23009966934035647,0.0,0.03629736095987111,0.026651837987089644,0.11085580116030042,0.045111057721003,0.000565174809337498,0.20254955386954882,0.0,0.0,0.16457494296089903,0.08697855890393592,0.08400100510337671,0.08541630331248526,0.001350917319147462,0.02466609315519846,0.36659264870924063,0.009418365993198195
6.446171928478836,-0.1486445400684217,0.828792839316972,29.27232543944349,8.2568524406951,121.84449033687741,0.3487532387615798,0.16756937127378227,0.09947060651686707,0.0,0.0,0.11325047267282662,0.0,0.011880796614647719,0.029449811629965822,0.08319525073964971,0.1524805141903472,0.0020884751202598527,0.018394374021239314,0.11365252779373254,0.04263735988852513,0.0,0.018669589284406755,0.04688655695097192,0.07090597615735536,0.043640304208451636,0.006236059895005806,0.061711323417619104,0.28634428433315157,0.026676508811503078
6.86292882885053,-0.5377281756782745,0.8762606789011644,73.30315336677901,11.355087691204659,32.48705314581483,0.399205949092438,0.13999770658576877,0.0,0.051342162588344335,0.0,0.07763536253177297,0.17660463476409566,0.0,0.0,0.10039749350690802,0.23945020092903735,0.031546045890758184,0.030101297879142355,0.1588654531270923,0.012623862479962823,0.2765401387806897,0.0,0.0,0.14568799161606583,0.0024621778376831514,0.0,0.26703736017506147,0.26566331502094037,0.0
3.869373766841764,-0.0368824730343639,0.763660664616125,43.05947947494647,9.62385185728974,68.49302049192244,0.4049484582293642,0.05676599983923619,0.022503164804379798,0.0,0.0,0.010731386900540589,0.2260069024797104,0.0,0.0,0.15061492592766143,0.0,0.015143913703707684,0.037331894065161846,0.0,0.0,0.06488965129242993,0.025041366306380812,0.0,0.0014829955907200085,0.04697657982818243,0.0,0.11717926111109189,0.042327153302144094,0.02017410343075704
3.131995540668156,-1.047281507641225,0.7002243844348917,41.52788484756039,8.858992257012714,22.176275970624843,0.13117484195841841,0.12790038557735703,0.0,0.09679978460626691,0.07104246497868505,0.05780020843670257,0.027149992572702362,0.0,0.19280517209209322,0.12164948669060323,0.10379629019018673,0.03328423553202764,0.016542270817463057,0.0,0.019856907447249616,0.0,0.06386353340024312,0.009573238365338462,0.1000604440449579,0.028696339187116043,0.012169143161603557,0.0,0.10171794458978095,0.10355616163083833
5.885672129897026,-0.6167266915274469,0.7271341102128905,50.08301178513518,9.94100756415309,103.05351255914373,0.3437192260934089,0.15247736528820768,0.12438631848577489,0.11481229860355119,0.021432559626013346,0.03507257227825016,0.029537468300156904,0.035685075252582237,0.06329928919154555,0.05727093611032115,0.0,0.0,0.04449107602762087,0.23343530677313867,0.0,0.0,0.06042495008539587,0.038090172965518046,0.02468948767498357,0.037003459028164966,0.0015836326274446116,0.115388197856063,0.17634473337443796,0.0667664641505032
6.368858343105655,-0.5738633099416943,0.4397554989276945,25.37274193877918,7.464474479129042,116.70495901573773,0.7608299232823451,0.0070988869945388874,0.025157230238962245,0.029489678706151216,0.0026485182904669915,0.12616000313462383,0.08434775936528335,0.029502113386447378,0.06532097153268412,0.27066574134318916,0.11055680256043324,0.0028846240552757793,0.0090530528736999,0.07429732900204303,0.025501817188988918,0.1563693734400049,0.061729927620916836,0.043518377926009585,0.013878813155654667,0.06960287207241098,0.0,0.11044500825444184,0.3865869924650655,0.025891772497700423
8.727947118674686,-0.6070244173538282,0.642335252502191,52.4982257230527,10.062603048092196,75.69363161422845,0.06746804443025359,0.08691045478230194,0.0,0.02120606016188629,0.044127827570033376,0.0,0.014788325651981904,0.05101319503690861,0.02626530116236111,0.18465736893460594,0.13938793163523783,0.038679879575606646,0.025862847976857842,0.01949064083472779,0.0,0.15667018385614798,0.012075681800247384,0.06285161723163195,0.0,0.039292263961236015,0.049944110441027714,0.0,0.35394611454256586,0.08353704630539349
4.439264000843697,-0.05084233701951882,0.7541225263667577,47.391471121968564,8.57575972161478,132.75206119579045,0.8549364491008373,0.03546848543308101,0.09793497747436414,0.0024555820231679133,0.04919149934415565,0.12764667505994087,0.14456186905946564,0.0,0.15646931581368814,0.10567157100582632,0.14191644553828314,0.0,0.0,0.18192773469328655,0.023458508982096324,0.08380919793094538,0.0663912454849442,0.020058242798201488,0.07535156832292639,0.11173008455740223,0.006313359076194479,0.0,0.16306669063230406,0.0
-2.4747049220133697,0.4008928055373093,0.6750021273178126,13.149493184890975,8.05312816470207,110.03260109331637,-0.4877790009833356,0.027468747896282675,0.027169796464583652,0.03199941314518237,0.039408952532974655,0.08119771155998359,0.022634379125254622,0.025248113277929515,0.019044439293745385,0.0,0.09117290724044765,0.0,0.0,0.0,0.04149689057709638,0.29868716698703546,0.0626048865281702,0.0,0.04034434445461908,0.01977651630341633,0.0,0.14670391902722102,0.13411024200494798,0.007114866038510054
10.713575182025519,-0.5449471844927369,0.7317247196742946,42.36574327306139,9.682473771904746,100.81924930936665,0.21649311886257647,0.0,0.0,0.10792150755502891,0.05631752326556957,0.026604337324221787,0.106728306347341,0.022132612268235357,0.18368614694428237,0.20803251879943546,0.023890294451500982,0.0,0.09615238827153405,0.024880118355950886,0.0033407839053218036,0.0,0.0666744898528992,0.018718804325154416,0.03406469008900344,0.02546756195474344,0.006659630813465578,0.0,0.1545323933168559,0.012367551399805169
-6.349056816684246,0.3086079714142813,0.35819039860413215,30.92521479884679,9.774160554727645,198.5152647926539,0.8503720259708074,0.0,0.014332482629215468,0.0,0.0244521438046,0.0,0.012107637129558757,0.06308347670103832,0.15486807461681976,0.12603552559570846,0.0,0.0057952995763142215,0.020243436526429185,0.06382460845515316,0.02093247456687345,0.06244784418444062,0.0,0.059969332995702784,0.07294307185418719,0.0,0.04247243774803183,0.20316030855073142,0.208849825255095,0.07793134985758364
4.85328718567086,-0.7393198756519388,0.7551333317602802,27.12004061584135,7.717098920896824,155.7900978453682,0.049135198597670904,0.1115156849914198,0.024008295949934387,0.06534309857357737,0.030525531291152118,0.0,0.15254105860241435,0.012485910929629354,0.03321138539082972,0.11202233288542733,0.20223638084522277,0.02210374741020115,0.0022454522454119774,0.0,0.04450218390372873,0.436853098380784,0.0,0.14325614920485155,0.045548366964116224,0.04616387115250073,0.03200259749611365,0.06518632683168868,0.27038930543878315,0.020326274850938866
9.495753961402018,0.09833289025188152,0.2752706515192864,22.74358777900763,7.63242622966846,30.802734963526248,-0.3489564896669751,0.028699341916002284,0.0,0.0,0.035192832775225544,0.042345167209356306,0.06965965088017295,0.0,0.03358682926587962,0.17728165751939534,0.0905052482664657,0.02588726620071309,0.09076863665761917,0.075928040837833,0.03977414951751121,0.15766858573180506,0.04368401428109417,0.06643342223792473,0.14761503627556785,0.0596267484383019,0.0,0.0,0.3056060372146944,0.09784124454679383
6.427918083330995,-0.7139802494290426,0.920141912780102,41.74553366277685,8.5378220892508,70.81242096912756,1.3260379144702636,0.022152300857265786,0.08191499820756111,0.01706978137513352,0.006070806209799117,0.04371767041261794,0.014578064814090866,0.00829562441889835,0.07581860549396041,0.0,0.08818998035731246,0.013218548925825933,0.04918659623049947,0.011359675390373664,0.07636398037955544,0.0,0.0,0.0,0.06987463873109445,0.09863102574336872,0.049341270134436274,0.029418153987535944,0.37024095833951043,0.04785184549704952
3.659620015419644,-0.44621586768918153,0.36809737434201517,12.446400941074323,10.068007845381954,64.12030093491448,0.1842037583726896,0.1420068745597416,0.06798335726193289,0.0,0.016302251212640995,0.09290569622720864,0.0,0.022317707490917972,0.030334567647750006,0.2592392135531762,0.09122077865017526,0.015917432459835144,0.11069101192824803,0.2484941448755859,0.060296829731575116,0.031265806291326595,0.0,0.02562766982016162,0.00880650213873449,0.04895238148478458,0.023089753157005663,0.21354599653589462,0.0009665192789318766,0.0
4.956438869887196,-0.24440855398664854,0.671409698466101,41.126942335540676,10.176653130127711,111.87113207801144,-0.12328286168939018,0.06898284416494577,0.12763224296172215,0.041929958010218024,0.014287596071221943,0.05767801953711269,0.12340921645825886,0.0,0.05510594174882903,0.0888889180657928,0.1311718888166896,0.0,0.08033828083545233,0.06478899016320816,0.0641402009190451,0.16504470362016374,0.0736274463827518,0.059370002132869575,0.055228848769238933,0.007924749997644281,0.0009266136194123163,0.22724407071970665,0.26312755334987814,0.05087294570189815
-2.5146185618923305,-0.28940082834010905,0.25875525866731536,43.23164856514442,10.247740657647217,64.27201712152385,0.43971313239668064,0.09506034153553233,0.0,0.041154935034181016,0.04435120843285478,0.03936861875053826,0.1539401369779032,0.018099132157402754,0.05058924650711255,0.1202310338284029,0.14359584129976447,0.021615410116677777,0.0,0.1935314771226247,0.0,0.15208716743242526,0.11647244458981983,0.082958771082841,0.11106517270657348,0.0006368611833895352,0.013389143579227124,0.242395346112447,0.2645088766554508,0.05346692604299565
7.345010719870131,-0.16523744130631132,0.9082059582937945,44.55963095983703,9.340669474946317,108.82529051298572,0.04375408278638901,0.12290920728736512,0.0,0.09990154544223323,0.0421435303036299,0.0911793706713375,0.07694505801897321,0.051303176677132134,0.08574355040288135,0.24371722395249673,0.08773659604276096,0.0,0.06961393115722767,0.07498465263512284,0.0,0.1037422290549363,0.09317661660988119,0.015130231928562133,0.08421766694805202,0.10300673552403375,0.05964028118205459,0.053232343722164344,0.35987768423677396,0.03434414668067304
0.5024105501426837,-0.16586378277325564,0.8377792078200861,48.91336911536978,9.102502139071527,66.74454728364084,0.37922047334091513,0.04802539390966904,0.054780863909344855,0.09739812604417203,0.0430000982076231,0.06568932272150907,0.02316658532019078,0.0,0.12237725418743509,0.043014011725475434,0.06790763333730479,0.024224559416752323,0.01834792661160914,0.1329130550237931,0.0032839637754401053,0.08829463050090243,0.0052044385564422105,0.09678589428781147,0.08150084217404681,0.021128005248234005,0.030327191282927525,0.25299493089132896,0.26617512523097503,0.0
3.02663383899531,-0.1614808997069945,0.8588961443418892,54.450293560936906,10.780320022298241,53.49363360281987,0.5719263538705784,0.0,0.14206957677897566,0.0,0.0449897558048226,0.016044924134589546,0.0,0.013373022848616255,0.02631775392184365,0.18304830964350924,0.0,0.010474991707947195,0.0,0.23701454963028934,0.0,0.3232361614734034,0.12026940262138813,0.028839341869757156,0.06410187870082165,0.007621810445316034,0.05572911004542771,0.055722954594990895,0.20292846078762014,0.1287555518434941
11.214265388737259,0.45369446466368135,0.24684656055266135,33.23244075406302,8.404633076636117,83.33092235079125,-0.49228863026348857,0.070049404758151,0.0667935569437842,0.06045884481952565,0.05036284104334364,0.0,0.17990199882513253,0.044257781498219725,0.06181313563995866,0.11662126261905327,0.18042765426616894,0.0,0.0549345892949402,0.228978540601676,0.049473329010753866,0.07077791815269024,0.018048908316564288,0.05094646008105835,0.09172162611846939,0.011230412864921947,0.0,0.0,0.19987969342327094,0.04909226693507486
2.9369429243693776,-0.7248306214373349,0.7307360067929396,37.975344057715326,9.200561691821827,160.2303349432858,0.027653344588016132,0.07396116128284363,0.1127169219940592,0.08312058210030317,0.03513509973073983,0.06663617852831216,0.0,0.07614116080778871,0.07347146609477248,0.201160245833846,0.19921341995479713,0.023371198269776936,0.05417085521387915,0.21648873262929733,0.03484544706468258,0.0,0.019632869543888872,0.0,0.06711996913915666,0.014346601992007924,0.019724427267599404,0.0,0.5336722049305462,0.04233818792383846
3.716118850713527,0.5588562712059127,0.4619061081602796,36.12621594557173,10.42394401518125,133.45430734797654,0.9955096997146953,0.12582948813885578,0.0,0.0,0.0329795491902427,0.0,0.06139493749356011,0.0177404014715618,0.01865064187441895,0.0,0.0,0.0,0.0254445115656181,0.0,0.08796576331284857,0.07310591319201606,0.0730214332563433,0.004893410429865783,0.04286705967940272,0.07701441871655837,0.05847118073076688,0.0,0.32809764755859694,0.0
-0.3935923508679249,-0.3849597089679334,0.6147046255575835,67.59276587066887,11.5,36.02627097791474,-0.5421971188765572,0.030568439490513674,0.0,0.0,0.007975615926988665,0.02334392915145904,0.19788075768503843,0.0336636423026022,0.05966561789187832,0.018248839681363052,0.09414342936709129,0.03521463681709806,0.007818457575926696,0.0,0.006948542089896415,0.03946306701485382,0.013900209046620864,0.059972660245730725,0.052675521905651855,0.0,0.0,0.20240976015124507,0.42722953153101406,0.023325343783693088
4.7026160115631015,0.11611040425942531,0.2686902751801652,42.5093290490753,11.316194324600918,138.0062558328408,-0.13316823329602345,0.05428587018718796,0.005973593743042703,0.020865379746150704,0.05185499493808029,0.11787018196620747,0.08355973446436846,0.10716599658273493,0.0,0.0,0.014292210598880917,0.03128002047712598,0.0,0.0007217759842967492,0.04516251610529323,0.23387356868262732,0.06540997915043067,0.08003206308653772,0.0,0.03983806245350076,0.002569136607814212,0.08114634709109071,0.5331345601883481,0.07801678820263316
3.486301042992437,0.7771651983298811,0.4623095794557669,22.950783813009313,10.980490455668882,113.86818674674885,0.0891152927074303,0.0,0.0,0.053040020059459764,0.030685265355909375,0.0,0.10452771716582285,0.037891106403242086,0.0,0.2752180593124758,0.18210447798474214,0.0,0.04113181241293205,0.06010248789286243,0.010285959369363641,0.3240271896893847,0.028882136267232864,0.012643796441212628,0.05656111924546331,0.0030998424362268517,0.012580036595600048,0.20882301906440204,0.024958342014800516,0.16490460261627818
8.22341190038043,-0.1630860694995096,0.31194364929430596,23.237144590264425,11.5,130.39857296015657,-0.7173264909448999,0.17022791912142138,0.07195436271227765,0.027738458898330563,0.013732964139755336,0.08090301593993657,0.0,0.018376982911421726,0.06745939692016151,0.07511980703356963,0.0924407590488591,0.022266547140805264,0.03427061449670943,0.0,0.019551865200955806,0.3428164190911295,0.0767111013815453,0.0766937434884275,0.0,0.07858573670651252,0.03849933956607028,0.2924589283838789,0.3448876352548505,0.03196584384923802
6.015049274706541,-0.5365862108586577,0.6454653643935891,53.96755718490176,8.29565408453309,101.5965513447723,-0.36232320652657024,0.14140173424334943,0.10840675440726974,0.041839452942327125,0.0,0.0,0.0,0.0,0.0066725978076199455,0.016980119785349704,0.20634089330358407,0.0,0.06972891483601988,0.22631504239061523,0.008374570427782908,0.01401978606336346,0.008423083352566654,0.0,0.05334271733247758,0.0,0.04244055107933023,0.1422685742462439,0.09210894045408605,0.014389816671262556
6.599843558260487,-0.9123216352002894,0.5432145630309563,38.28897937186729,10.365467541446503,38.25976376856934,-0.19635326067850278,0.07222227464415913,0.08566274439672678,0.0,0.0,0.037499419690147494,0.13368045891184233,0.05194936141245457,0.0660204117762525,0.11674554776004134,0.21167434559628812,0.02538711335636271,0.0,0.0,0.0,0.06836577512353123,0.04063533359932338,0.007091013550908999,0.05863491573628011,0.1398033057221867,0.05521593989489574,0.11393586264746597,0.2434892242396034,0.0925720869448664
6.144315468750167,-0.29103024174763686,0.9910330070065926,24.90859292713816,8.819566177902296,106.95272855876108,0.4449662024739014,0.051541461413963506,0.08788419029393665,0.028073498554853856,0.01784645481226841,0.07275254741176558,0.0,0.08303633761456047,0.004123104533297603,0.0,0.1972403017121465,0.013751447887572286,0.024662690866080385,0.3649844068152911,0.037131660222978355,0.06931524774090933,0.06878105610570671,0.05245146533896982,0.0,0.155685224766622,0.0,0.049572348302131974,0.0,0.05762487299290383
2.780257808577953,0.1085403462876528,0.5799851990048509,11.883867353858712,7.650448099781465,79.93579221987444,-0.16645634479716104,0.1082427527379464,0.07622321977045715,0.0,0.0,0.03306110607837349,0.01544018848473562,0.0,0.0,0.23275289810486066,0.1450038523864749,0.0,0.06420710927849116,0.0,0.002591945324048661,0.20602431312369782,0.03607992619886501,0.05447996663761196,0.0,0.0,0.008318501685092726,0.10116517318942901,0.14408914993942018,0.13378335452111165
3.850487323580988,0.18153078605293516,0.9044260459840061,29.84501513322022,8.367912048812578,52.60158612912036,0.07380240165063945,0.08390194234851377,0.008153784021262687,0.0,0.03926384431245111,0.0,0.0,0.06525219986779664,0.04551740511763428,0.03369611535901669,0.0682779531528161,0.0,0.0,0.0,0.023361716856077325,0.1453941193103285,0.05828681913764996,0.1220698558320856,0.002225777093396268,0.10769530185079053,0.03771288864993963,0.28958710476029037,0.3501813607789884,0.0
11.205548017969512,0.023231660405988508,0.47804336191373614,30.19401789160555,11.489123865412667,51.59795316259461,0.8246597783858378,0.0,0.027939976848574993,0.018119723572149103,0.0,0.0,0.2506830851794134,0.014245572855581912,0.016327998923429544,0.06478075169799796,0.04919923705205993,0.0,0.0,0.050415618836147556,0.0,0.34771103675495907,0.04098534843001897,0.013462010311270357,0.043482658913140994,0.017737987138935173,0.05485320517361283,0.016616556797184323,0.3315245381246982,0.06589280732540292
4.803942454337082,-0.6214166845490054,0.5337200433467527,58.444393900075795,10.282499835840312,54.53710203649284,0.7490567168716344,0.08046906530846318,0.0,0.1416051459844712,0.035792713963141716,0.0,0.0925341644552134,0.0,0.07933916492596145,0.1653216783890798,0.24139397786492306,0.062346955520762096,0.029160218089207657,0.0,0.0,0.07819315984887433,0.12056640115866878,0.0,0.03951140834764037,0.03162743321511075,0.04275344246459867,0.19980635712569916,0.23228521164079136,0.0499544866988471
4.662395948800036,-0.6469359877879648,0.670567238036416,76.23407194458812,8.792784992512011,88.01222079468008,-0.18142363553829405,0.027155939420367363,0.001234638680680196,0.020651422368512667,0.024184209630773588,0.14271605016308642,0.011537155327072585,0.05994164380656927,0.09552944990678619,0.08763852718544378,0.03719380049953751,0.0,0.001818954837307471,0.049802332948930106,0.09935714707596842,0.15667649512500859,0.0391725751900701,0.05875364469886572,0.041869942314722186,0.0,0.0610971042748661,0.047654560756529,0.46262086354748044,0.0
5.853788104457158,0.2942159097095378,0.4222090276984728,29.46024467249711,9.526710443194318,106.68993442473607,0.15008935458666545,0.09203335331672235,0.11078453006657935,0.019963334580189063,0.05653379123030917,0.0,0.10061256285657125,0.040029680095448814,0.04679576921230941,0.13725773213964573,0.08315723221945825,0.0,0.08955205923752844,0.48461687039731455,0.06487972719233726,0.5272374863754091,0.06871461326182937,0.09223448716857266,0.11026112619127995,0.017262668308922167,0.02053497648741563,0.038419890704905604,0.0819110054291925,0.11222570847848853
3.1124719959121694,-0.1839705988742847,0.5375585312285998,38.12616164840422,10.492031713506469,36.148283689938914,0.0047337031827966725,0.02851148820225203,0.03885297636351226,0.00883082932065753,0.02967267246931702,0.012259353019211706,0.0,0.039531001046694575,0.14312152475998027,0.2968931469568313,0.0,0.0,0.012342470206972139,0.22747309256905537,0.07999858662893064,0.0,0.0,0.003255654436462349,0.14113459203147904,0.003452013755131666,0.0,0.004292339112655544,0.20085711237078172,0.014209255442862005
2.2142033731120256,0.44747697097099315,0.40295132813829704,53.39220002484976,10.24549616465425,26.610411054118366,-0.02198259024164556,0.0764770508967819,0.030475076624281235,0.07101857398710393,0.037734027455729374,0.11195932046056445,0.2528988513719038,0.10113950333826512,0.026589476177597375,0.05257159912006864,0.1000473467863867,0.002022956741396519,0.0,0.3235706748408572,0.04012482657109423,0.2758275442736166,0.06666277832775774,0.036038083919031884,0.04578287260559169,0.0,0.03383325116486035,0.10307807307918364,0.3628176490654549,0.06085524827676321
4.391229409108929,0.05598360568810046,0.47078841164914315,31.04486392720871,8.287309205391583,115.97959195644074,-0.1199421670901194,0.1168266132084094,0.024497095506810614,0.0,0.044605168054896296,0.10845512536758226,0.11451922765634028,0.0710299971716134,0.034072369839708114,0.10862672205032403,0.014776166205771157,0.010249629679662286,0.009986027581996577,0.18653532769160774,0.0,0.17580000229511902,0.03229004404480473,0.0,0.00762020193545971,0.029668145253871354,0.04947083189939774,0.08181524088085658,0.25071351561338,0.005971907750252324
9.851366969899956,-0.24769738790481508,0.3938029127968981,25.016185311493288,9.413999918887873,72.51415899268078,0.01675356297719191,0.025170030532119685,0.0,0.08449278362775729,0.037748480785527075,0.05709108368667716,0.21085252003702443,0.023653949165492294,0.020794341080915796,0.0,0.113194565226717,0.016507281402004834,0.0035425033309325546,0.16629818536673668,0.0,0.5096113149204711,0.05504915651222991,0.08373304934556049,0.0,0.0,0.02539894801267167,0.0829384351072877,0.3416300929342534,0.014478371526653596
5.017372438717375,0.3038772746388547,0.6206312884599247,57.208299999202985,11.23972415507631,97.14719478231419,0.31110364119828765,0.09234619188442125,0.05600898570255752,0.0,0.05130659361269559,0.07726186219817308,0.1742027565181108,0.0,0.02151030063866617,0.03191003120419303,0.07488912672317767,0.013515637954465497,0.031048566952234777,0.06735332044948111,0.061705275946100785,0.1782110995558573,0.06924141405253185,0.02483566046855207,0.04475178836969327,0.08988737857465376,0.08970884968001316,0.14135429728080662,0.2792323436851525,0.04204571075832843
3.888098718584004,0.1648456275709393,0.6155533960863414,46.71031358832315,10.614226516660635,117.38623989422211,0.49935668079398465,0.023187639015744804,0.0006233633108502501,0.07690260518346018,0.025304998018958746,0.0,0.07722197516113666,0.0,0.10762703788906203,0.00022905935168898717,0.12115559103385029,0.02951585785949805,0.013397990453973954,0.0,0.045675206438716226,0.1857329134098452,0.0758698968699521,0.0022042433384718285,0.05045597797500236,0.0,0.024132407290564168,0.02623164528080498,0.3150646672982771,0.0
4.530907021362189,-0.7404774846694876,0.6527343966416483,44.28381542626328,8.126611067979706,109.375123990481,0.17909818408799555,0.1129602525482463,0.0,0.02137414961322785,0.04148510571473428,0.04724132228515825,0.0368940989791408,0.013654451058706208,0.0,0.14625311595506296,0.0,0.03425448199589501,0.08133776340741203,0.0,0.0004479494910642305,0.18783682180636385,0.06802430665646504,0.06234892572855154,0.07312962924300245,0.0,0.009876435269503481,0.09425696870905684,0.33641880942880614,0.026369705948697697
0.39042710562808214,-0.47525607926869623,0.5219108755704,42.42159392061022,8.385895400199843,135.50913978713322,-0.37278222313333365,0.040072927234873185,0.0,0.0,0.015992986055783382,0.057267021437865474,0.19032066521149515,0.08957176507702395,0.07309082729946251,0.07461092142698729,0.07134013123970451,0.012726421469284592,0.0,0.30628030159438113,0.023908490812950225,0.0,0.08384164759016666,0.0,0.05411862921306572,0.09451018879060132,0.07603625253832125,0.11841916404805578,0.15181723944175732,0.11148003119105651
5.398145933239585,-0.5943028981426448,0.35091331716290186,33.71334648996303,7.004313713834032,13.774444393488068,0.3552039487140288,0.0,0.06436821262524293,0.01748138352566515,0.0,0.0,0.13604785842610329,0.0,0.12886995142502206,0.08979260340092175,0.13127219392405323,0.049195254964239155,0.08376768695693768,0.011594672397068129,0.0856930252257593,0.502995384167758,0.005392576495670973,0.02926030797464829,0.04508425605176887,0.08088360308516607,0.0,0.09316247882019904,0.34812913071507734,0.07122083776923137
4.617683559647175,-0.861529361205267,0.7629869744323204,41.221191278221504,9.44968451230024,122.31240289610878,0.3159673663703231,0.07062667828912068,0.074833694487662,0.0,0.0,0.0,0.03243698577876261,0.0,0.039707210847616234,0.02882987302107859,0.2315465086767423,0.01268736505612322,0.03870333380741843,0.21262997604675246,0.057128874960775386,0.0,0.026955067108148587,0.06822693159767661,0.048195102691185786,0.0,0.010783147566034334,0.06977250747328735,0.036582453058039505,0.07757291792893617
6.90265129088013,-0.6207555047211359,0.8370662041036785,33.27965052516275,11.332000068342419,67.59371060366311,0.1250441408240292,0.06738114847836432,0.13501945742842816,0.029227510747641405,0.02100629993013027,0.10124750947877174,0.16971153883325155,0.04837044107477577,0.14932951301669417,0.0,0.0,0.0,0.01100150881608011,0.08135054161495128,0.013568569809686985,0.36305574732696516,0.15586649168328032,0.053537734902082926,0.1755245141227465,0.11807545990337828,0.044365190014084774,0.18202315575383735,0.24747569488256285,0.04088644046851981
10.71566052849433,-0.024411483101348164,0.5435616852623361,42.05922576167437,10.321904592085936,67.46213387575662,0.37954980107881764,0.0,0.04845367963832343,0.09015528386432725,0.04334109781137517,0.0,0.0,0.037325321634786204,0.1038517988190922,0.0,0.0,0.0,0.029986829654811673,0.3853112170148723,0.0459052663077672,0.34737376127450814,0.09502381382360964,0.0,0.023161451608048115,0.13488701177058138,0.023563201553909334,0.0,0.17202356451882883,0.06001547678216479
1.3428094414804832,-0.2658858358709719,0.8424642632106172,38.40255459330089,6.900562455876001,108.87066234898793,0.7078949297903605,0.06263972333026596,0.0,0.07474762490089391,0.029655379391889745,0.0,0.14924077807513766,0.035654374279283974,0.11427077578508107,0.20985747345190583,0.014906518340123923,0.01123540359496793,0.0,0.09422676223773216,0.03003513597828837,0.2754968214290591,0.10238400295521338,0.031656214051226914,0.00955850005175321,0.04558549585107038,0.0,0.036303895560926044,0.3943519629543728,0.0
8.994543565654453,-0.2030731433938209,0.7090952573818946,54.01153446567424,10.218862635677844,131.09905734458482,0.2617401925287716,0.1319440579458105,0.017896157899582706,0.05013760042113262,0.0,0.041427324344273715,0.0,0.060188203373852986,0.13852517487511667,0.12477222925618998,0.10779250169309712,0.02913044779140603,0.04830015577149302,0.0,0.04046756095457039,0.1323539032402224,0.0913434014533868,0.03323703559849791,0.0,0.053900578554985756,0.038718627019265844,0.00584733256354375,0.5094740410823566,0.01450253137709009
-1.7730270641684207,-0.9086303361066451,0.483083779740053,39.62208391137922,9.376887718265102,159.69773514677368,0.13631777742396856,0.13445463565038523,0.0,0.07896733570192006,0.0,0.11085790444417634,0.17436827324570722,0.05364598988628111,0.0699570338238367,0.01296486821106807,0.12305885880372569,0.0,0.015938879925060934,0.11952901236260144,0.04408685543761054,0.3230393247885328,0.0634385988742229,0.0,0.10049387366469098,0.07356873092125264,0.036743365988246526,0.0,0.2346212826572333,0.11940285885115318
4.230318554701009,-0.922460871784188,0.6647427782780596,50.8970325481692,10.443148915689392,102.9983304410764,0.2519217435937195,0.0,0.0,0.0,0.0,0.07792761198315112,0.09350876500122113,0.06983219507397352,0.09088883538887672,0.020707695478310167,0.0,0.0,0.0,0.19019569945284295,0.0,0.011299641137927252,0.0019737847665452918,0.0817528473158267,0.1169337092403159,0.04336601262797385,0.03940882658648642,0.07531201537086704,0.44597032160695105,0.01879216569414095
3.755302155174454,0.08244768946735587,0.47261875910959766,42.22189308155471,10.768139084846332,175.8606517346027,0.18183350182564284,0.0,0.026610357787278705,0.027892890372410613,0.035842945362579,0.04557098576932406,0.11671225482379034,0.0703942238141964,0.11589238449314979,0.11375522697602511,0.05504670772302251,0.0,0.0,0.25231285126177444,0.028808453692952367,0.36242108544294505,0.0,0.06245534034213121,0.08816260609666887,0.03743040216023904,0.04260293273050825,0.0,0.5494666283654632,0.0
12.65426984506492,-0.10143081066384542,0.8446818742978208,60.03978756953142,7.306758187030332,65.66503828549975,0.6394696873411563,0.1522726028326198,0.0,0.08673220944597342,0.0015605055612560315,0.0029563698266215424,0.06684376048551975,0.017828367728471503,0.0,0.18288748983371778,0.12635822546458644,0.0,0.016342335260335662,0.1023871677101634,0.04392653488075543,0.2177501617876726,0.0,0.0659962858971988,0.024634604463543906,0.0,0.05089935695708217,0.10759845348808549,0.32392381427643246,0.04230074272518006
-3.69718428611485,-0.05546567300192695,0.619470075507917,28.110555902910157,7.334355746492815,53.47441028568083,0.6904617024025737,0.12838111261524465,0.0,0.05561027975757307,0.02584874993675066,0.10467405742277766,0.25970254865035747,0.0,0.05495697395752527,0.14544939225408887,0.18851337742756707,0.01665174360705714,0.06111525232385181,0.0,0.0003645015125030224,0.380035148392092,0.10719471052997968,0.01272592460598318,0.07164432715049966,0.038889782436216346,0.0,0.0573494575374253,0.48804797032547487,0.02820682797354821
5.361666560064201,-0.04026539503278839,0.4548589085725214,8.526238244837987,9.948874445375017,71.77759135974652,0.21457972729685823,0.10288161414535812,0.030989500476683814,0.08347969355204282,0.018864945507709847,0.029853906453879586,0.019868624707958082,0.04680026183758987,0.01707453607423374,0.05925847587718096,0.048948114491060145,0.0,0.01873486148633034,0.473692694949081,0.0,0.15087209265672524,0.03279220103919386,0.030810271131645573,0.0,0.11106004952992335,0.0022662188133322526,0.07937997951658644,0.28672025444362065,0.0823690893199016
5.850896896661003,-1.0606100118230517,0.46183376069369964,44.01743312039574,11.174283838035034,96.32923390399276,0.6785976466690626,0.09550643203865178,0.13593210943087475,0.14389305431822355,0.00947221146199985,0.045195869841171694,0.2015730294592198,0.0,0.1503195577044404,0.11460503909135665,0.011760854320535197,0.0,0.016400320779815417,0.03199357876129191,0.026097431612883575,0.12729866173680107,0.07324537717867294,0.0239658533615886,0.0,0.027500122488594972,0.0,0.08687956133082274,0.3049986700799822,0.06309014694259299
9.362482846186552,-0.5568481573349602,0.7503559149645855,43.75733732799007,9.907973599487987,117.09511085204164,0.26287840121583256,0.0184725900633676,0.06145608683056113,0.01664358831973129,0.0,0.007299315371034822,0.22660598920895736,0.0,0.1477099572911343,0.09392819069285024,0.040296585930837424,0.01851448926401083,0.06871126307763249,0.04217053434700821,0.016711090211974092,0.08318193254946549,0.042651071493212275,0.08801783396442037,0.017475504300189126,0.002821234738896311,0.03190944034530703,0.0006507972216822089,0.3053570201223282,0.07718777344654927
-0.7571965415905986,1.1870189474807924,0.47998609860945596,35.46996448514445,9.967054701332538,105.49256861233303,-0.05166831349677409,0.08114292608559155,0.0,0.0,0.0,0.06840070509686588,0.1365135089505207,0.09563118183376824,0.10109327736805901,0.015256173085918687,0.0,0.0338180169723592,0.007223726029242868,0.3413450809282174,0.043548767730692634,0.33221266900318036,0.006582878626384583,0.032717034310512996,0.06750961665343742,0.0,0.0,0.0,0.30376603241632294,0.04013020104506482
6.4845803016587285,0.6813053668980915,0.5958128557941191,49.149941281598046,9.124281140864214,101.49569104067598,0.6090848602873503,0.0,0.07851869351151611,0.10544716599504246,0.0,0.09144718273152184,0.03442729914070996,0.06893432888066413,0.0,0.2765275602755054,0.018784559551676933,0.031623855061398747,0.022527866048463904,0.0,0.044415405075639514,0.10094557423308317,0.0,0.13172520893169462,0.04308637959733645,0.0,0.049594714818123845,0.08476202813113429,0.47291903460029827,0.10134314431252467
10.317386729011902,-0.7050636292780134,0.7355589167830203,56.721466725748925,7.972817222470903,59.82145249084951,0.6080872898819729,0.15445971410942777,0.02265863010008934,0.03805607680241163,0.028612719119831702,0.03131135334567398,0.09903995830127607,0.02795720932406049,0.05081381867583534,0.1506755144616082,0.0,0.0,0.03862869299047161,0.2537682966939716,0.0,0.34982201421506776,0.0,0.026395563152319303,0.16898211928552204,0.07383245332124833,0.005999710597801713,0.054330130367037696,0.25062903590854557,0.055912970540357224
2.3561612868807917,-1.0605102843868464,0.5996570225795049,30.992858515947816,9.916370394288801,160.38848394630233,0.9095950624292907,0.0,0.03878540968142461,0.05474980054512807,0.03486016857641568,0.01967300894652325,0.16465003283327273,0.0,0.033617986561328236,0.10946285572138502,0.0,0.026729145259359252,0.001255041742633023,0.16650474114453,0.0,0.25214001622404947,0.1241811801777299,0.07934327852489999,0.023259579484602746,0.01178913916702862,0.0,0.06739992129365119,0.3417531345677841,0.0490692882424898
7.921568269770047,-0.29667600796207705,0.8143360309754095,26.587648204460855,9.267833292814961,78.722727490428,0.9879102627221201,0.009191827384194752,0.0,0.044085343296390925,0.006321946073111984,0.1125711605295513,0.2730171834817845,0.026289558864679773,0.108478270639944,0.04583249006857762,0.07522829283452888,0.008267020090569777,0.00734149962632925,0.21307639863447617,0.032727155996953285,0.025108676014994863,0.0,0.01007564781337024,0.07971236606329832,0.14970145201826457,0.0,0.14426795593695912,0.5129444366021654,0.0
4.943529518632595,-0.25068044176996657,0.8064564945895765,46.747193937604195,7.658912938973202,80.92321041701834,-0.25451130022690993,0.0036182285141284146,0.04305285062614618,0.02700636121333524,0.009384455894559158,0.0,0.0,0.0,0.009443315204560737,0.1547035909772987,0.23931671714803227,0.024054418764148162,0.023632447020215327,0.004055197695584253,0.14711510981941056,0.41792749137264074,0.02125977879155083,0.005065835600155236,0.08960915218278975,0.023246121554658734,0.03276312192974171,0.14746630121873439,0.22145340223000132,0.10620715138639833
6.76826534258238,0.7251205653685612,0.6410931613520308,40.842271757308666,11.234628215990297,56.27228195074343,0.30981980022443495,0.0,0.11233456296742428,0.07839045639623154,0.016600060275746613,0.10331280537743726,0.14446307839681727,0.01736734684333231,0.06986953243100259,0.0,0.05848577588067875,0.006467053249014213,0.0,0.0,0.0,0.0,0.04497172055325891,0.0,0.14276125362518413,0.08135584821737821,0.0,0.0,0.26239818847444446,0.03577128374543155
4.599413701736211,-0.1795721210106258,0.8565756417348948,39.02215542012007,11.5,68.27331466662159,0.027065399541499807,0.0,0.0,0.0182455499082064,0.0,0.0,0.12134615985427628,0.0041632193363812,0.03953889934536974,0.14121498628863602,0.22234630548683876,0.0,0.039682291925941575,0.3275143698852483,0.0,0.12768607496371095,0.012009597847760636,0.0,0.0,0.0,0.045912362914046656,0.09879378795717625,0.10789421540200111,0.0
5.973878234334104,-0.11655127521450412,0.5828395006792116,26.34331753558274,10.99494054515721,32.08265457237753,0.2798393303311069,0.0,0.042700821182374143,0.0,0.0,0.05244232745075162,0.11772735475883114,0.0,0.042320281487285324,0.10254002799228167,0.0771578114387332,0.04586949446407351,0.04996317108458716,0.07405165246106435,0.04878322305327837,0.0,0.04145873121400847,0.0072872014992120294,0.07066773478753371,0.12346269880838075,0.033803076756623245,0.0,0.0,0.01028798783115975
4.132020624397237,0.005350540825447059,0.9216320314440245,66.32390900693768,11.5,39.507489953001226,-0.5051059593787522,0.0,0.03168275848793733,0.019567772677696178,0.0,0.06592265431310902,0.0,0.0,0.12969038190548524,0.20572292355188462,0.0,0.011410108369350887,0.0,0.26019582183338935,0.057054454514059466,0.18451628787261268,0.02779613379663229,0.07445599282265468,0.10548326253399716,0.03041073106953767,0.007342925673991122,0.06914116028355562,0.3996362376816087,0.12607040458389618
5.667871975765733,-0.07216973314558309,0.5873653831260082,13.26894586825118,7.884127570826237,134.71134163278003,-0.07430736695079893,0.06289443613428848,0.028343227653832032,0.006545948692901137,0.0,0.0,0.06574663278877972,0.0,0.03950395841858774,0.002815511665850895,0.2408353777475778,0.0,0.011708618288065875,0.014987603883725109,0.0,0.0,0.08010941534649532,0.07809012861941755,0.0,0.0014180941449670297,0.0,0.09596354173751726,0.7216748900198515,0.06351369554112857
1.4302901063172007,-1.0139120345002017,0.5287413703121786,44.21898538281524,9.491221903230016,139.47668530719403,0.9345330969859912,0.05560891133898505,0.0,0.08046092232287556,0.010443313826141283,0.04921570679913486,0.06268408123284683,0.026085873783409153,0.15976511649773323,0.07442599571574277,0.04910342527391756,0.004629893102712502,0.06556188943769227,0.14653472070958146,0.006936207268140272,0.14693924440585476,0.0,0.0010220697460680828,0.0968422922392764,0.0,0.0,0.07544541441977355,0.13032662612831195,0.0
6.064819685268137,-0.042252470650463614,0.7767733231505877,23.175346508684232,11.5,98.21319572258011,0.1978798993953069,0.008224604032928504,0.10793538755652074,0.01454039169402883,0.0,0.0,0.18667804184833747,0.0,0.09646640631067688,0.0,0.13622438860810768,0.0259520483339061,0.022855670874026613,0.2531226125887181,0.0,0.1568462382178642,0.06136729157055424,0.0725547846748568,0.04550857955678984,0.0,0.0,0.05958488429630392,0.3814972073396208,0.0
2.387950487905526,-0.2825171864405959,0.953276825825325,21.89106244670734,6.273740544771131,62.76066542652601,0.5376096484016823,0.064410759363242,0.0005862183022559905,0.09465821159524049,0.013773319138737758,0.0,0.1139939991245976,0.0,0.16993099365364833,0.20327014210794686,0.0,0.0,0.03762952700083854,0.0,0.03790613361838502,0.029667118841679968,0.1399313360054984,0.0,0.011167576810922258,0.026742291185138788,0.004744390458902412,0.07401577218221489,0.16234449246913424,0.023923446216797442
-0.08299317168886144,-0.5122580744445512,0.7261319059719238,37.88455804859233,8.892236367912767,104.75794491879066,0.29373261209459106,0.0,0.0269043051290283,0.0,0.03484091674931114,0.1254151396692386,0.11649055008158948,0.0359780518984001,0.020867322537306436,0.16216274595996052,0.13038594735602893,0.017351881037383103,0.03451477870035441,0.2810944844474329,0.06584042013783871,0.24173212814236128,0.08176145439496363,0.0,0.07270705567412121,0.04389804583157537,0.01428272989676338,0.02977689812083121,0.38718286104198146,0.08007619977596189
-0.7990345804213579,-0.5979403620970815,0.5903518859804463,42.77921206407392,6.661194965764457,74.38535941419562,0.5401424790088277,0.0,0.029939403884361913,0.0,0.0,0.04824440674195441,0.0,0.05130532000370645,0.0,0.11729788691309989,0.15703792427706043,0.027174821929138126,0.0,0.0632556344716981,0.0,0.08557924911793965,0.04036096783766188,0.05797558979926337,0.10506584906000174,0.0,0.07001696013938337,0.07274190389496332,0.22941579377283988,0.015471974134026331
5.5316297714437885,-0.4022148263789699,0.6455998135828307,57.20765190818311,10.862720579635093,86.67825038262578,-0.11541851145877519,0.029532272215280184,0.1299484413453042,0.0,0.057698942808476476,0.07312967706043852,0.060188932969403405,0.021439915784226157,0.09442392158594351,0.14615712416065127,0.10615129338081968,0.0,0.028012974211667718,0.1305116159601422,0.009850500418199543,0.0,0.022728460248862648,0.0,0.10439482766869312,0.09419975838840076,0.02948194985134899,0.0018632422905303508,0.5644858259796146,0.11525164509318864
9.005177067579792,0.23233113758661245,0.6681051246925813,55.321115606960745,11.5,58.81362999453853,0.7281562697636926,0.04576008422946669,0.07626742242637838,0.0,0.013505468701876138,0.008601564940290261,0.0857551321869725,0.02054686469951475,0.06930648137555398,0.11246144884946385,0.10937719684690146,0.04503063299831689,0.04782784294571826,0.2661137864614895,0.029801654321990154,0.0,0.0,0.0,0.0,0.0962908866716466,0.021807923406243712,0.151882228552811,0.22046485621410875,0.0766384428185326
7.76229200545321,-0.6055827968577516,0.8790810986012078,22.560074046919993,11.5,60.418524683098724,0.176889640114743,0.10319986686978554,0.04086107488457188,0.0,0.04216486132104363,0.06723756124728122,0.10127231981794627,0.03956393678853222,0.08804336680259772,0.24020949342675363,0.0,0.002311287983402103,0.0,0.3288215251294891,0.0,0.0,0.12369449449211571,0.0,0.011078273630394486,0.0,0.04299871962828867,0.0,0.20208933113006522,0.07722054596594244
15.032781459244273,0.3383509766802494,0.21242574201308284,50.85436792304736,9.914877479773004,131.70347727126185,0.47086559496402824,0.12492889975899113,0.009758352520308343,0.0,0.0020304010955461173,0.004541832384420151,0.0,0.0,0.016409342611924206,0.14110646163414317,0.0,0.004105114636123055,0.04071520828868142,0.2794793448067267,0.020056974384273493,0.25581539151709753,0.09429785748338612,0.0704131984759217,0.04493176393866181,0.04622579839483423,0.023786404856678607,0.0,0.5170020395254943,0.12349757674774714
3.6226859780658933,-0.8852510360023373,1.1964896675708623,43.50616201965367,10.56614474717719,41.75757858316699,0.4122380949030439,0.02452388508401586,0.17441984235436944,0.0688019588318641,0.030887090714828175,0.017999573240515255,0.12808349142798436,0.005217529046447454,0.01875360619844496,0.23415138435382649,0.08933807914947917,0.007368455472456303,0.05010277541168831,0.07508753138480728,0.016565931351597146,0.022990981533653282,0.0,0.011271855883872344,0.03800631834993251,0.08079071808532781,0.0237180124924319,0.0,0.3549085008578496,0.04515479362329019
4.641798964976616,-0.6783528289039726,0.7532554675283741,61.80775527519123,11.5,112.74622924707478,0.13360266482526378,0.19299438807759742,0.0,0.0,0.02953090144323781,0.011414844322482097,0.07157507761140344,0.016025187425250602,0.009463249073768588,0.058894380067263725,0.03682000778542675,0.026171048665655026,0.06238983119896023,0.11503936188716715,0.025226862995784086,0.0,0.0,0.08409288827885497,0.08748738636876398,0.0,0.0,0.0,0.28434304331444565,0.051383004033565396
10.25021171778641,-0.6827740557904625,0.7557443241297362,8.818547945749124,8.522440625592388,90.67888021064434,0.35045055724087415,0.0596196674012167,0.11432384950170721,0.06764458830067144,0.03016417141804293,0.013427841261951168,0.0914156530878564,0.07721167540932616,0.0,0.07762253212640716,0.09195434696793761,0.0,0.1065523289587035,0.05713155974125388,0.030890586281386048,0.3856805038196305,0.027022450904933343,0.04588992564776417,0.02567034654764722,0.04772166048766385,0.0258678581384997,0.051247847954938516,0.29489671895988706,0.038939448342617956
2.570471608611201,-0.9317272025276228,0.7939553234824431,56.529994605082166,9.30364741465955,82.10551182590827,0.24464053646062237,0.0,0.0,0.04028664790814508,0.0,0.012474592960815628,0.0,0.0,0.04510101899331445,0.2084255923153821,0.10039571802220808,0.03530405300999502,0.006854898658663178,0.0,0.005637219567331993,0.0,0.08497876251276212,0.0,0.017382216186511812,0.07104103774421511,0.009840645379921279,0.12907566443062346,0.37243157842896674,0.0
4.540215550407,-0.3089165111424388,0.6405906787993301,38.56850162635905,8.754015603839907,90.10742490745334,-0.17308378895847265,0.06939492780926562,0.0,0.02205553279484588,0.010600165023747048,0.0,0.1486359447680235,0.05235725698108967,0.026128961293712873,0.0,0.0357306067176574,0.018475963081992966,0.058072047310457925,0.19410825981389002,0.0276855916780946,0.44376586513833105,0.09586501092763831,0.05257348231924927,0.060210060544721576,0.0,0.0466506631128313,0.06930318826603664,0.2019198064982899,0.07395789311892581
-3.267693223642765,-0.4077238662812209,0.5481241306597995,35.147569403173264,10.477816309035608,116.44854682784577,1.1354465188619887,0.0198875232450252,0.0,0.0,0.038193523457282885,0.07739965760250492,0.050721747115067314,0.0,0.07153969902612914,0.20063075735785105,0.13531429632118694,0.009407852988396095,0.0,0.36488471292111946,0.0,0.2834146604990143,0.021668431662999324,0.09399119441557474,0.08144470053697105,0.15536181564694945,0.046342033504287436,0.16223774405217628,0.05208771134859136,0.05213430584069387
3.403128613517244,-0.2896327487339073,0.5369796622115639,64.98714922297842,8.754557881451003,57.22955011508568,0.45516102350193116,0.050862575212712924,0.0,0.0,0.004028705575357679,0.03207432568408383,0.0,0.0,0.10139819061669517,0.0018262295839867465,0.03561886099504846,0.027263741910677864,0.02892710196619377,0.24424485793632772,0.04404775391493677,0.3211671344046698,0.1127123887987262,0.08476205907453357,0.0,0.0,0.014186164311338489,0.15205170636184445,0.2123404169935657,0.027849243050975372
11.987365444263686,0.3462556424314924,0.62549632775107,42.23040557876843,8.887870175485785,107.67667365754848,0.775522018241346,0.0,0.18462397342450662,0.06679912197359573,0.025411327664416686,0.045436576018343756,0.12943909483484797,0.013497175561101188,0.01748274592879962,0.13993822339972103,0.16685792544302175,0.05384037982311113,0.0,0.0,0.0,0.2662754164068548,0.0,0.02451991600409518,0.04812679886606517,0.0644829107890704,0.027586455954015987,0.072284653203659,0.19834169934495394,0.022374537755151434
6.406862173786092,-0.2065853102394348,0.9268502975076687,80.34743368634433,10.414428180951752,101.4805871288821,0.1103874610044621,0.18528153411551498,0.0,0.02537687392318202,0.03514295580952419,0.038294220749897356,0.03299641499367386,0.02838288138417875,0.09084943803572712,0.0,0.11107129696474528,0.04081936869716811,0.054149889448836766,0.0,0.024425664986771168,0.22683825449525818,0.059149974162600275,0.0,0.11995706071510859,0.024833998955033472,0.0,0.14920912481690218,0.5391237066678665,0.007067311603273903
-1.3313881731197386,0.46910840409839827,1.0317963525230371,55.88030573640417,9.439424313385267,98.54476780053325,0.08020929258239862,0.015795282292607238,0.05795797524393591,0.044712784352563206,0.009007091716840148,0.03290101388900473,0.09721928751300461,0.004641166032720096,0.03149886822111427,0.11434112987390248,0.07554348349371912,0.004613039091028878,0.027620865787476565,0.1758780888837257,0.0,0.575737636460634,0.020966724044237033,0.032151916685178264,0.056472398168125555,0.0,0.009755545351117377,0.14569325540839148,0.18476348745234367,0.050894510250674936
7.670414957414833,-0.5848750664774136,0.7287530184852753,52.22905446847432,8.420822630259309,58.43049870597092,-0.482040942890959,0.00848122852271107,0.0,0.022528961462670163,0.06640796824597503,0.0,0.15269034735330794,0.018345540653506007,0.12497836811732144,0.16332245725697037,0.11829314644642114,0.0,0.0054395359578016875,0.04932304707755369,0.010420762385363531,0.23532787342799094,0.04560923562385317,0.02345870083769533,0.029103628400254815,0.06697589379312908,0.013517180193592885,0.11726326455462485,0.4601576108701303,0.19376492889647476
3.381175630413714,-0.6444521524499309,0.16948058450378228,49.84081160726438,7.91523936197913,55.28448277897414,0.7071320834363133,0.03432195547994857,0.12428175049437806,0.0,0.0,0.1013999085244743,0.0,0.015375859609128923,0.0996238346283237,0.22485497575438895,0.053729096910245994,0.02052673783519037,0.04919740576261025,0.1358468777291044,0.0,0.0,0.02396055888004501,0.07687259934490262,0.14247827994627676,0.05444753678699526,0.0,0.0812706396818119,0.12652519358598074,0.1202725310821525
2.78140425409151,-0.8265040570540199,0.7256326221418332,26.52914160071511,10.545947415868882,37.73749875926099,0.06156326698332676,0.05625048198787656,0.02954251545672691,0.012269362486203446,0.017449881784445086,0.0,0.03789474219702769,0.0,0.10278923090669903,0.2549350397548763,0.15006004180430002,0.0,0.02086804179184649,0.022577416434175504,0.027966847786082792,0.4931635704918247,0.0,0.0386427931555904,0.08704612399123506,0.05564739330090937,0.0007006166736734029,0.012976546511892034,0.09465126421181813,0.0
8.323566461997569,0.3792061937475737,0.5489958453225104,27.761617413245297,8.879401764227055,86.45130327281785,0.6970960617997609,0.09763026622500426,0.08447227922163203,0.08198394510464788,0.01871093840581853,0.11329013858847595,0.02728209770799605,0.0,0.10041870859970035,0.2147758651364184,0.10997828406470203,0.0,0.019115819866257582,0.15673817037981158,0.024889288698472734,0.13669639191284277,0.07705840458604868,0.07723043356548183,0.08636520932816158,0.050341674938157506,0.07001145263489711,0.19371336715933826,0.22968705832718944,0.05684859234342751
-1.912876898565325,0.07315461390389011,0.7395476612445749,28.12848399435132,9.577985648371367,72.57336334226277,-0.03874779545621815,0.0848441141036481,0.0,0.05646709379489889,0.0,0.09186844559534174,0.0,0.0,0.06085815287614201,0.19746131959187324,0.026718776976198504,0.0,0.031797599124515186,0.2724622840174414,0.021453395581378775,0.026536080153334946,0.05405865471265474,0.04113117373010233,0.0,0.028642053089867104,0.05728591102344688,0.14893608659734597,0.3715566433817994,0.0
6.544842083892041,-0.6986707834214181,0.42296420101439847,27.455698239529777,9.943509461240351,60.65122102652998,0.6805229737779817,0.09066491283393444,0.0,0.04704425432365922,0.036837966992217405,0.03287651497873115,0.06588580711986541,0.059448757935192206,0.06859527519923549,0.1207691574416967,0.15595848932431294,0.0,0.0,0.0,0.06902185702165635,0.13133534161198962,0.04604007685534331,0.0,0.07280300538019507,0.061954452720782864,0.021378168298043117,0.0,0.0,0.045694865679849865
2.7328330473433247,0.2744184933753014,0.43187592617005827,38.629382064181875,9.802578818442846,87.31718445729734,0.285722977013111,0.18458643106019862,0.028772314207560414,0.0,0.029895510461953934,0.04507513187523076,0.1211082605359623,0.050483872522040216,0.148902451285389,0.20690515909269083,0.03311320107235753,0.04715917328709229,0.0,0.0,0.01204859200734634,0.22861591659309569,0.020694804369751303,0.04217030834823013,0.05088044485809576,0.038568777718836475,0.0,0.025578350741031597,0.34563436845212286,0.11875866890551456
-5.585438704999338,-0.2015573618999637,0.34788512834365715,32.856560133265184,9.26837202228832,105.6109098284973,0.8324759747385542,0.0,0.07531466890617995,0.014898579940654768,0.03539846162225277,0.0,0.06152744736847103,0.0027597309422011957,0.0,0.0,0.12688179649716408,0.006023300586565921,0.024078269481418623,0.3216308502221625,0.02240591328803989,0.0,0.05046422673466108,0.03973782505288988,0.11488515912274794,0.0,0.0810671461256054,0.09467469476397022,0.15789940669237565,0.02094291255340928
1.2702860267510654,-0.10848065345035077,0.6085903724118823,16.03318355061228,10.45120158979354,95.92972014779545,0.3144613186803231,0.07749325686228262,0.09409435406014624,0.07968613633559847,0.0,0.05623499053055134,0.0,0.03728722473535655,0.11305694461064764,0.262117490180217,0.10497536133144672,0.0,0.009949430405884179,0.0,0.01808151293681373,0.31822024567258234,0.08273016464723346,0.08608753179836738,0.02468715193749438,0.1126625455397543,0.019404058913415075,0.033263787601104614,0.2875983609964513,0.0025385600730231037
4.256208955465667,-0.17815627532942754,0.5599182781908625,56.2725255765839,9.065546269747287,46.974938510015896,0.08520947036883827,0.11150169026671006,0.0,0.0,0.050007484424760294,0.0863614049230763,0.21057836458628992,0.03726872314093142,0.060092048578928726,0.06106866083986005,0.0,0.01853635670055178,0.06941896560696507,0.043401011031567016,0.08341550032161864,0.0,0.0,0.06780364204951525,0.016444937766280456,0.0,0.03344394177885388,0.09944673987368433,0.4620523488568091,0.0
10.320686812523455,-0.19752681890496918,0.5997451034129301,39.91286736785229,8.525142945116468,41.34743890498502,0.5574625378756248,0.019275562546433894,0.05049033034492896,0.14616572315827764,0.03206857263493572,0.0267513477554934,0.040427041036756275,0.021987469377386715,0.10426577409183685,0.20027031551410543,0.1596575793825476,0.0,0.05356893022579791,0.03357526414266117,0.0006072880651618387,0.20382277177455713,0.04879898935456088,0.06392689810436852,0.00570892659913743,0.08603901571439837,0.015575253527609093,0.0,0.2690992727823358,0.0680820431604962
5.887948048185882,-0.35114984313551,0.5312906916992086,24.107075977603547,9.481986807639334,50.121601890396455,0.2946144769280201,0.08661896023143655,0.0292398258859126,0.02566348126108719,0.0,0.0,0.0035859162209924966,0.06036812452271352,0.11149463565274756,0.14318449085971247,0.17115445190858847,0.04835231854430966,0.06334462546414041,0.16199329981564262,0.02244723231766013,0.16507326756510038,0.02817304822916459,0.02155696907745644,0.11156064799234178,0.0,0.0495481493601638,0.10262941258686906,0.19823955203243304,0.07559002081538888
6.735041284895584,-0.40056257231480186,0.24116143751888686,32.25639928745922,10.39534598166429,91.15531408191966,0.17213464277753193,0.057190081081489194,0.021512000900765122,0.030143592539860122,0.01822875760071828,0.0,0.06799178902559389,0.01958363317424651,0.05741453894655883,0.0,0.020723984102905782,0.0403385710832799,0.0102999689094499,0.22268150602976516,0.007812227249619571,0.2934355235538201,0.0,0.05762222282941556,0.1130163545493395,0.08789538845727528,0.011886888975391172,0.0,0.3650864635563795,0.11118162874899401
1.181512744790986,-0.39374423264355507,0.6095583652838282,49.455477137791796,10.224295520508258,102.86267536266847,0.23307128658872758,0.15050939159281118,0.0,0.058755004195136074,0.020590733262000966,0.0,0.27031519512200386,0.0,0.02856043405507778,0.034952533055175844,0.040327904407122105,0.01572417106699074,0.029286730400875996,0.0,0.07195858475244815,0.20893080868878117,0.01101129883250206,0.06982866542736094,0.13827839997613134,0.0,0.07326923630532614,0.11290663299050661,0.21024061962712937,0.052189790038153605
5.02991337594263,0.13760608394440627,0.48515050701634305,42.92504124599376,8.100961439506829,63.28262094831205,0.2931260685534398,0.11906259134375066,0.02155664631476794,0.014689161793632643,0.0,0.0,0.22562670620835312,0.0,0.036428071624748606,0.0,0.13422974965330303,0.014983593574804771,0.00515844634108641,0.0,0.0,0.0,0.0530031076319572,0.04414493565617324,0.026971967002719675,0.027778231685519614,0.004359344917184005,0.106443830062086,0.2839062082585222,0.07723565528184675
12.44844444169931,0.9444522160937994,0.6802813740201443,46.47430059162588,7.774458931086164,48.365517904015135,-0.5972337942792543,0.05044305265012789,0.0,0.07350681839048999,0.0,0.12942939251263852,0.2674539770217358,0.059653802719787416,0.01887736993010425,0.0,0.04575823883519902,0.0011734698551556545,0.0,0.16032176469896303,0.0,0.0,0.0,0.07036058370785853,0.09616185157662696,0.012070978063662663,0.00882762422119706,0.1306502500457472,0.33673903518184356,0.040308595731625395
8.760327712454957,0.1836688506762889,0.6441138827977627,22.780539605411008,9.684131299983218,138.80154829520654,0.26362865649954714,0.02112121333826629,0.053136453768402744,0.0,0.03902780653499183,0.011819772826503466,0.1208600172543339,0.002542327966071482,0.10745365771386789,0.32240028023163314,0.01503855860829481,0.019782512581124748,0.018701242858865028,0.04632048193749318,0.05652542655336787,0.0031864059487995144,0.0,0.051487484197289005,0.08669680060496189,0.020998696727734124,0.05071461157302482,0.02087864624414837,0.06423183830179377,0.06321996481632403
2.758843279297104,-0.07718697924362147,0.9106797947243377,14.361789015989569,11.5,94.08364469793067,0.7654813917111881,0.17240781947904646,0.0,0.04717827857703491,0.0,0.08146821038341552,0.0,0.012331110384328032,0.021814724923523043,0.15529256098710267,0.16634380355888004,0.01374325917165893,0.07183927997683906,0.3254040897896348,0.07115290247439081,0.0,0.06799013045267091,0.0,0.0,0.043919965456549845,0.01618639541403774,0.14952324404206116,0.032537729738949556,0.02555911112838233
2.517965526142758,-0.8128050450792306,0.7727428677262969,57.97415024095773,8.327111400174083,70.17179087001772,1.018897835148566,0.09747097379145023,0.09254652949072517,0.041479306817243385,0.0,0.0,0.0729780576753685,0.08510547798882737,0.0669882624374508,0.0,0.171936914984241,0.015697029254722147,0.03582176650187156,0.06011979710807793,0.0796984697435709,0.050895993231675526,0.051591670647998376,0.038527576445727206,0.09144471103059237,0.06378100990369512,0.0,0.14287221474810333,0.2515829399597941,0.0694177342701645
4.585555285544925,-0.4652466247173365,0.5738376762337806,46.25939080145216,9.955684019906629,39.357979142601124,-0.7604230372819377,0.05190246833382686,0.0,0.017146624953316453,0.0,0.0,0.0,0.035163621002338906,0.05572839242771473,0.0009353149567983415,0.020021194233895048,0.0,0.035802698911032875,0.11829232249847974,0.028633141394035815,0.23214899263713368,0.14894929262704143,0.04063264788194362,0.027661436883275825,0.0,0.03175848476397164,0.0,0.47983140924613776,0.09704910944861056
5.665395984228231,-0.6150502414272832,0.9559065561532765,52.97908619605957,10.147705086022501,50.40828366871207,-0.09799073444202355,0.07415709940655751,0.010437249708902047,0.015831435978386002,0.03894488437897341,0.0,0.11811607423408088,0.0,0.05877517261807782,0.2240875973847378,0.2025796682919722,0.014952099856764153,0.07703495748904002,0.07135571363965748,0.02516204586257921,0.12230852949843106,0.0,0.022080012793886935,0.049392074156849285,0.0,0.010678493278454814,0.12498315048832902,0.149440632400971,0.05741805508477163
5.693543774924929,-0.3541779395662402,0.8916958765467626,42.52221341743001,9.770134517832991,33.17544204954506,0.8123189195625325,0.0,0.0,0.08657219837936166,0.0371115168105679,0.05040991016180821,0.23664343922785872,0.0315247312842466,0.018918702623453625,0.10641778074358364,0.0,0.035220465572202875,0.007312196644870383,0.0,0.08403801033615506,0.2166019127966202,0.0,0.017746467532885193,0.11866116034807744,0.07119446663361664,0.02190259605175777,0.08791630950901215,0.14659482421804487,0.0
1.2708295050247371,0.10725652396085317,0.8082495719744117,33.91782497806384,9.189330437314393,118.56513753996362,-0.5181680458519594,1.7237732609892698e-05,0.0,0.003523160292877487,0.03817661476297564,0.0,0.0,0.0,0.11273976141332868,0.02113106188740488,0.07737519039591269,0.04433035944334367,0.039039338677265514,0.22147074963811977,0.007354112348571142,0.19727220314919724,0.08896628719276456,0.04223291516991713,0.03720950136858453,0.08991008131819705,0.02135840247854435,0.015095387238712621,0.335880422856163,0.0010697160578449563
-0.27115372646031943,0.17107130025976403,0.46904559243372734,25.974159025512776,8.598160332375784,29.72862757264989,0.6044704079709239,0.05060393588500331,0.0,0.1777461897103973,0.04644755043985126,0.0014910351060122978,0.163723241596322,0.0,0.0685771885309962,0.025071280951285635,0.1623822573498355,0.016437967336647503,0.09119432653008047,0.19565936149843316,0.013620120709576588,0.16398645898149683,0.0,0.06263172690890315,0.08523553071912512,0.0,0.035345508356509965,0.08131403450067172,0.08653344100114571,0.029343907126587743
7.438610157128652,-0.26040170393602907,0.46292919677606703,30.651080667057904,9.183873524712133,133.46794679610736,0.7983358637675092,0.11540879526761977,0.013824762769320289,0.05905513220473968,0.0,0.09284468002533111,0.09495977107075686,0.0,0.09200662822070049,0.1131217193643698,0.1126740360918838,0.014367596137843547,0.0,0.25740971618769054,0.036744721436783895,0.0,0.05759363031552139,0.0,0.0064618811887193275,0.053172671775210394,0.0,0.03880307713539902,0.0,0.1619302051882156
-0.3834243075528958,0.1488917511130433,0.3126836631184134,34.18637351971744,10.593958393612235,96.45951348465111,0.7128460166203345,0.12935696144371361,0.16508208027942092,0.011792422472696807,0.031146568165153772,0.0,0.11762871700480809,0.003975656839903632,0.14291600738206217,0.0,0.110599296875449,0.02790047169138811,0.028281264043418908,0.16313378772624867,0.0,0.2225277900723352,0.0,0.015386392355384595,0.0,0.001432290099033954,0.0,0.025710246411699306,0.3543081778549978,0.057713830990139256
2.4061373198749365,0.4003312302806853,0.5426674789136852,19.490738398585417,11.059140639277402,20.923163933239174,0.01074082618117947,0.016804160755334134,0.024092749261999225,0.011024659514956799,0.0,0.08837394701865174,0.03015433540978845,0.04492219993389912,0.12322734041953384,0.13328937728147947,0.0,0.016890618413400185,0.0538342624038757,0.24621483176808212,0.01926300490788823,0.05743349929571091,0.005325299541462172,0.07420047997661218,0.05127306316526169,0.09284179962414822,0.0,0.0,0.2004890952422324,0.0
6.115535117881771,0.050247426895507485,0.8298045851774244,40.055992422584644,8.616359469116842,70.43401708330893,0.23014720169456726,0.11320619916164221,0.020825992939612563,0.08280652224935185,0.0,0.0,0.08795822902915063,0.05645790473636712,0.08167278839186834,0.0,0.10089776836439406,0.0,0.0,0.0,0.05641045396759149,0.23750947155118,0.02749271582682368,0.09150362796669326,0.012964323788073592,0.016171939258561547,0.041953467124600366,0.038990010884972906,0.20225192905269151,0.11183574671614915
5.996271241009471,-0.14343192916393827,0.5043010466728095,25.293146019104853,9.56331749557434,68.08137582882233,-0.007270158009875127,0.10839615634506378,0.01813669295369392,0.0,0.02454683085653779,0.017339781514450724,0.0827354107608179,0.03828280196983995,0.08822155881193286,0.1584202078904028,0.1258805296129193,0.024604662597111276,0.0,0.11994569012053967,0.1450444882034913,0.0923724269844037,0.07598723982698714,0.08841449650787249,0.026231016063886503,0.03378795574832772,0.0006644295211992515,0.0,0.5161049549851695,0.012221151970784501
7.895691754716989,0.15386935615121317,0.7764110800798946,66.46619563659254,11.334223748647515,77.89736737694246,0.16444375673967337,0.05475017048448448,0.03929183483280165,0.01909713555995757,0.06260449698470885,0.07266699036536164,0.0657417365116728,0.024181882581145855,0.11378131893955007,0.3477346154565755,0.017951283767659823,0.009234368892707248,0.0497169367836999,0.0,0.0,0.27385126207663824,0.04186960375039297,0.11301560651144478,0.06533242944805503,0.15052998137144546,0.0,0.14671914328539498,0.3453059873099344,0.12745565262755765
10.066357265256006,0.10070890108294839,0.44669396876704504,21.500854252830447,10.630514581141725,119.31995244633308,0.8878056185899773,0.033923776728466234,0.08600847681844236,0.010920921193914718,0.019649323269168004,0.07568565496591677,0.017008826154534043,0.0,0.03782033071689944,0.046931723836389175,0.06159093698755948,0.0,0.019449884650384133,0.0,0.012879319597749758,0.2601200527562353,0.05891829598733618,0.10503478926104254,0.03094893857695724,0.009485829569703891,0.03560480555752835,0.1551761470418965,0.4059155985285844,0.08813067423332291
5.128936369653091,-0.4934941558081213,0.4958418354176347,49.320065107696124,10.463177041357298,61.42211658012597,-0.3621152994231509,0.109037877205125,0.03564339708006976,0.0,0.08821712698775618,0.0,0.0,0.0,0.09207324364821437,0.11668212302979346,0.17064486177089264,0.002876439935786646,0.05214851323859608,0.22344884365722978,7.205019305955157e-05,0.19823176640059326,0.017894298108989813,0.0,0.01939613801640997,0.0,0.0,0.11130200761507071,0.06316125415232005,0.06885606089297344
6.110121392626166,0.04221466238484006,0.7899252988426768,21.765431833219996,10.373555656950838,134.37719223291197,0.8619923158235969,0.10527285357793623,0.0,0.0,0.049721137520961,0.02764299804415398,0.0,0.05053196077106134,0.02443364079104165,0.11169069221835265,0.0,0.0,0.028656440838118427,0.14659083980017368,0.0,0.23246263520083335,0.0,0.06074780194030682,0.0,0.058643886293557816,0.01451030701091445,0.12048049665361958,0.22679382619282384,0.02045896976943776
3.145149597863557,-0.09314468885648472,0.6065805522587702,61.43636843578762,7.223902920040233,119.21818900987567,-0.14443103009997804,0.03331672429009204,0.0,0.02049983773237196,0.057068273797942236,0.025760521042762434,0.12645101692113336,0.0632625586796557,0.1110511668595219,0.3658694246472669,0.12155092964319791,0.031667252623636725,0.030399666610998962,0.0,0.044154160715718566,0.37191666940642365,0.1598914588845218,0.0992710588364903,0.05506180144782121,0.06601974021871376,0.031720591247583044,0.1207701464272257,0.23095354287487746,0.009657287234346366
9.172113572897068,0.5399358878071103,0.9287852983975684,22.148102889108152,9.984489408014804,83.46190918098182,0.23538036956052616,0.041271502992654,0.0,0.04173493490884343,0.0,0.024745172366156913,0.0,0.0024733328784479723,0.07071436255619257,0.0,0.0,0.03246066443390025,0.009517369236195172,0.0,0.0051870971483028196,0.26930225198342617,0.028434268938043548,0.16051344523439035,0.01853777138741141,0.0,0.0,0.20300371702317677,0.1691277280718487,0.0
14.042255464262286,-1.248440236570161,0.7798081398562255,25.37493278625852,7.9174104440979285,118.58808330272814,-0.5493730377316237,0.0012685385526694792,0.032943157767365144,0.047728139694243624,0.0,0.04525221173869258,0.0,0.0,0.06793413899017706,0.06087895399418509,0.040085726984030096,0.0158237361911995,0.08528710706115708,0.2795463361331927,0.03831520581051456,0.0,0.011050732166698055,0.013191884002844673,0.04633024550643655,0.031300915048124545,0.045074890442179,0.10960041279722389,0.18183205124924356,0.04211118667044669
2.866328111387058,-0.2955222504045461,0.6360983951791669,42.79546519167513,9.846847357867679,158.5695588393163,0.47103099883263205,0.0008185708251087637,0.03448939706723268,0.07981218996355748,0.00749233754688867,0.10281202719829566,0.15134502709051287,0.03294032475144211,0.0,0.2546533132969286,0.054573685662810435,0.0071227906371000805,0.07401298730658433,0.1054327853703613,0.016573323637322612,0.0,0.02702623766406921,0.004375262041814872,0.09242675180462825,0.05524591474329407,0.02749240158306543,0.1226852520762311,0.367799190757651,0.0841972061481597
-1.7374209449875169,-0.5018371208768935,0.8909378336128253,49.76646478997687,9.213146429295374,127.36038914043166,-0.07501452978132811,0.04479979748288678,0.0,0.12893762718677212,0.04694278731743347,0.03738502366342228,0.19087921393312007,0.0643304090436614,0.0,0.1689991344764939,0.12694606290214855,0.015902768730768967,0.030383080037844137,0.36393348198981545,0.04062557801972765,0.0,0.0474926183564154,0.08462472610632857,0.0,0.03435257117573882,0.03391028130420409,0.1623319986828709,0.4518026434296961,0.0022558137690384047
1.658000657574088,0.2720261156007649,0.7126913143686968,31.5702692872504,8.302793065761005,14.857868978680756,0.2776916842837335,0.0,0.10081917900907394,0.04064596722270934,0.03319629630228655,0.0,0.18745452120524592,0.049286314017190816,1.01388060868568e-05,0.16044033382311118,0.13350016568850354,0.013515450609040934,0.0,0.0,0.0,0.0843565050121536,0.06478863536043106,0.009652559837623122,0.03776711251289637,0.029611753719573343,0.029928614037744872,0.14211048439656546,0.18475647845221094,0.10225963789708536
7.054465207037088,-0.6615068251233898,0.7515038111223614,41.83193060892821,7.254971746448774,107.54576027904973,-0.08922076004862411,0.10789959114216419,0.11032580097075348,0.0,0.04227377269201468,0.0229984471616297,0.21009728669365785,0.002797817740505715,0.015018349976624379,0.0021738331718402643,0.0,0.023707712474787715,0.03689283932209148,0.1791902816103877,0.0,0.04112628592305484,0.0,0.014483882506600291,0.06983452325634786,0.0,0.0,0.042818847186878686,0.3276669878854599,0.0
1.9256635936676298,0.1888492106894591,0.29549375938149014,32.45948733566978,8.276149023560723,135.89749680339318,-0.4801331274412157,0.1632717946728213,0.062174067280211416,0.0,0.002704733278333024,0.05673654306993382,0.08284634750361711,0.017390560064842044,0.0,0.00430195165691806,0.0,0.0004003019422847108,0.0,0.1968125915764311,0.0,0.24348770966045194,0.0768525562967231,0.0044744704978589185,0.042642362251198364,0.019880586872481735,0.0,0.1867416485378099,0.39672782009403973,0.08734805129428279
4.663204237542315,-0.24264298901196274,0.6698931224299234,47.04036011331203,9.684092640825318,52.1398335118283,1.0811433636552632,0.0,0.0,0.047331782990741526,0.02265165745412895,0.026140530958031396,0.0,0.010514666713112988,0.002425644549613304,0.1444580416744447,0.1691798932530779,0.04470344897466097,0.0,0.16704111458357002,0.011051761085047051,0.0,0.13508717567385398,0.029527705920183264,0.017534255682660406,0.1274531761421563,0.0,0.05373786812743596,0.3346313407086936,0.01918047788846652
1.716208906582514,-0.6974937883671622,0.4882943946440317,8.992005064304799,9.993182888178001,64.29739711759653,-0.11576656545071445,0.1455316916724809,0.0029002930750355385,0.0,0.05405940986125344,0.0,0.24743554468674875,0.015393452987196401,0.0,0.1312924896174339,0.07413761066696066,0.01330117077412262,0.05938490309690987,0.060770114807694973,0.0,0.38682307701685154,0.014288537311839513,0.06961775852441698,0.05282355959421831,0.0,0.028315563381564088,0.2503920726030047,0.21018207998448546,0.016864513068522324
4.215112980954473,-0.5288013792722128,0.4627035154613013,44.64166285514006,10.278479622815016,35.83581983832801,0.721061787368514,0.0,0.011911128108191563,0.0060758998254156395,0.004288450630287564,0.02106276509010684,0.0,0.0,0.032020542093744706,0.2443397469342813,0.01590771970090195,0.0,0.0,0.2535411298925872,0.018702016731054465,0.15634212391380864,0.029409903766553447,0.06941452039971732,0.13250644616932888,0.025108578720354983,0.0,0.03668436701265636,0.36080057512422326,0.0
1.5734761672855253,-0.3756243795979144,0.3304680504546367,24.24543668921676,9.147363347790431,112.18390927509341,0.4869997889268068,0.1005456159205371,0.037157585543257,0.0,0.044416847368542664,0.09284217718452116,0.010243885204272246,0.0,0.0342957350193996,0.2783299932869575,0.12922507312622092,0.0,0.06374796524468225,0.21090558824282352,0.020665495514119753,0.0,0.04452306029296214,0.0,0.08361494754760385,0.14114933919289033,0.033272897648916375,0.11922126808330961,0.3171232802691874,0.06544284544050875
6.801505904780585,-0.9942032826765232,0.6366586279936798,3.684061816133301,7.539818328296963,65.06200753265148,0.19322390251191604,0.0,0.1378182635634064,0.0,0.04319359003299622,0.0,0.10979472457690768,0.02254195740913787,0.0499290844898809,0.14021342376214627,0.029056476152945564,0.0,0.01907421176501793,0.21112025211663887,0.08290468785493312,0.5136656948889641,0.0,0.0,0.028305925249581518,0.007434781742685075,0.007223610404023065,0.10887634653839313,0.22593933922396967,0.06702500648427313
3.35125028937372,0.3622992278180204,0.6160531954545088,35.85028582546105,6.541673888722581,9.514559467899701,0.49219920250985694,0.13898530747114218,0.0,0.0,0.010822577050442518,0.02697128256682823,0.08274725891704125,0.0015390557052774902,0.042312810718458715,0.0008098772645011021,0.1355393083179974,0.0,0.0,0.14909212131750485,0.0,0.2543895089018523,0.04816980146758649,0.0,0.0,0.0,0.0075479645071418015,0.13063782470174662,0.05097998656315436,0.023504934056193423
5.371180410926621,-0.26958601373898855,0.5646705097163455,35.18804299795136,10.585045451049739,77.79209762688618,0.9470898857843009,0.03898888733092851,0.0,0.03214592253596202,0.0,0.028189019536431735,0.07991530699282066,0.041349461932047166,0.0,0.19047148771102718,0.0007986140928198104,0.0,0.016146415146796187,0.0,0.0,0.1058919249615968,0.04551579152385076,0.08780922270913989,0.015532212378608183,0.09533112940911946,0.05469471191091927,0.06919526225144905,0.4678912492602031,0.08053197316912497
4.277635986351454,-0.3334376088416396,0.6146114527541785,9.444313456263583,9.31417279231751,7.7202638466023785,0.21978864638757936,0.04551739022715105,0.06904793411661025,0.0,0.0,0.021148822079933318,0.4090177420424358,0.018006796216253205,0.05813723608588199,0.006416751521135078,0.023565126646500664,0.01948713878290309,0.04518386805506219,0.17841058545467697,0.02992244531386919,0.039611903183971536,0.02947489812901391,0.0,0.0690316833053404,0.07645086931270972,0.06281407789725331,0.028101121359123078,0.2565126236894842,0.02410580774245393
-2.6983600120752502,-0.39505291024732897,0.5175938558495142,50.086715495540844,10.547926126013273,102.55616472113297,-0.5671911485535648,0.122373762778405,0.10655949237928344,0.07727825561886688,0.02603445929552812,0.00012620355471279487,0.1223628523215759,0.026216645105202878,0.08838984873706443,0.184723449346624,0.1240298560708456,0.0,0.014890041715649976,0.26583358792215145,0.03248915669137109,0.08003625547924575,0.010563067167311705,0.0,0.026821798180991212,0.10487551959790918,0.0,0.07345722553299434,0.1775845977550763,0.0
12.010563591875368,-0.8608053600257203,0.39880668771821953,49.4910903834319,9.579029078205735,20.844370099457663,0.4951819966532055,0.07188283750183325,0.0429778797086955,0.0,0.0,0.015091220735220005,0.21809151009978486,0.024325494534901654,0.06626045303582981,0.22161733066423006,0.08230051239308273,0.005037094603673338,0.019621432401008623,0.0,0.017649417666765463,0.4447970253260912,0.032434540286766546,0.038241832767510045,0.04378637912147303,0.0,0.034046705476947596,0.09669699034902139,0.5359557249553837,0.07278666611684415
2.868724243853888,-0.6390347418394249,0.4443715164876268,40.13297690796543,8.669209460165362,77.6863326445831,-0.2048441549817166,0.05691064538941642,0.0,0.08309828392659255,0.031022288382944782,0.057612525536921026,0.10370767583744711,0.04513099032882195,0.015231383960210919,0.0,0.105744125067461,0.010997332526051798,0.0,0.30591571412719837,0.011004873270908884,0.25247943388170363,0.0,0.0,0.005438876128070723,0.030321372836638858,0.0,0.22076962098599734,0.23496984689027192,0.022473903739186084
8.28522546406817,-0.6668297460327431,0.4684879369277382,41.87495500710197,11.016212678904273,22.608962574151136,-0.0028189005996892835,0.06069970065244175,0.0,0.025221088508290065,0.0,0.02499383754456616,0.0,0.03521143605322827,0.0,0.03575055054132331,0.15903611474196422,0.04134080845703525,0.0,0.011668575675450044,0.0,0.1306822437884845,0.03368920312047683,0.0,0.13949982667504396,0.0211892781634144,0.016682230079986794,0.06797464947917786,0.30041501016577393,0.15570317456205243
-2.2168949051732616,-0.3706140570153711,0.2997482688470863,48.926715070099526,9.631676125746699,37.68072836234749,-0.4171366055381115,0.2023530758058509,0.10804557024147679,0.017293358123538806,0.0,0.0824689904794034,0.18992156080802816,0.0,0.06811213344939801,0.20802858359384807,0.19997760994734246,0.032607781895138424,0.02945304811013392,0.0,0.021268974714276495,0.0,0.018531422155764497,0.02707630204128335,0.04651628143110015,0.09981097141839364,0.06120227952677068,0.0,0.19177224273060064,0.03661184294745961
0.8807958381922267,-0.499239905444259,0.5171312317013171,47.366306753991005,8.052139499004985,77.12847719534552,-0.4819603616246737,0.10547276151893917,0.0,0.03479340460360131,0.00623015871025108,0.0,0.0,0.0,0.0818676970799736,0.0,0.022900300773488994,0.0,0.009469958917714637,0.13968200425684352,0.05237039201677446,0.2518158037382009,0.0,0.039471704720307275,0.006821688110641856,0.02064197892945228,0.05785246804156752,0.1365759089210877,0.6340062489323707,0.0
2.1038811655253395,0.0986425297414652,0.595341053984683,38.21809849554769,8.614780781127692,127.39962285633423,0.7380437801107916,0.041964418778239726,0.006164023972397535,0.018874884868164056,0.05642402014732372,0.0,0.1821721366368848,0.024610551943572853,0.10791943314409287,0.029412200814793996,0.11539699518347513,0.04198519672026095,0.046870436315680414,0.04377299911953867,0.01682119452798951,0.21585004224690557,0.015615215164529885,0.07106694982539195,0.06050714885519391,0.009168243654562749,0.03454163537360273,0.0,0.004847332589947906,0.0
6.089911335150641,-0.5431899025882176,0.7884308421160796,68.3380422771069,10.11668119241015,47.24352614927967,0.15663002447944122,0.0,0.11411235145190851,0.05712281886743649,0.029765400120140964,0.007891126316177943,0.11375226909239956,0.010472133295938407,0.062189495243404704,0.2735271300421695,0.03507425570124117,0.029114322249726775,0.0,0.2314857241210555,0.08360880611129093,0.037883997863685126,0.06743534672018485,0.03383149862822252,0.0,0.09573257396172223,0.0,0.12148691072328582,0.13421626410295676,0.012181456934539776
8.801919540959956,-0.08906262129174403,0.5847108976790099,15.137481848997776,8.718946713937807,81.38884317890538,-0.12413814064067313,0.0,0.029377590176091296,0.04035091514569368,0.018558445178196135,0.006975807788695519,0.0,0.0,0.0,0.0,0.22323634468536435,0.01768569940524304,0.040298511832567496,0.02131918536125879,0.03667639614813075,0.24492830034519167,0.058145346782994434,0.02744906557767381,0.03570246063017465,0.0,0.01441389402316114,0.2250811858824509,0.344117816117984,0.0
6.641808915781025,0.1635076870395895,0.5469102420273962,47.02279097093389,9.135316414626873,40.62332855565875,0.15481464158901717,0.16270705539670635,0.0,0.0,0.019517331500839327,0.0,0.0932781013382276,0.09594845900998968,0.15206877100010346,0.0,0.13057211669822433,0.005473082042028751,0.04305819728330243,0.08092858515959786,0.0871917251176691,0.09519226599748516,0.08207482532904711,0.0656923832338434,0.08798333724202853,0.0,0.035889461714125014,0.0,0.45497350149085203,0.08348554234160663
2.603184899943659,0.34346455315657365,0.41998502662167453,33.92740383209219,10.025321104246965,0.0,-0.06315022641283469,0.16163279363636648,0.08255255889192833,0.0,0.010553710701432316,0.046968496515882904,0.059026588576726796,0.011978156883378898,0.0577545548470893,0.19990268917972312,0.002302572238988304,0.03220026713880278,0.06244938271965427,0.3292440702488325,0.0,0.303222757542839,0.08583909213518655,0.0,0.039700606878914566,0.030244747917471053,0.01166951923266804,0.06488596826498427,0.41033638275012774,0.040534447633078154
5.712601317125489,-0.22179525131868255,0.560661644334854,47.14582863002424,8.964170603516386,153.97572258714737,0.44405085283229107,0.030504978303496362,0.0599414468481867,0.0,0.04696175125249319,0.05945426744286418,0.06610722696331174,0.0,0.04145219559632212,0.16913865197040212,0.12319862359978037,0.03654261025732931,0.02067771933585902,0.4332575862621893,0.06423928895608717,0.146228640635999,0.0,0.01310685516295544,0.033893798453701385,0.0,0.0,0.04757711854568417,0.23442099610515438,0.018265796830490476
6.3960042815530205,-0.5481047641174144,0.5653614519123573,60.78253486913026,7.9978076419137665,34.667340133359936,-0.5725250615578386,0.08166841160414415,0.0,0.0,0.005412933883131023,0.0711345690572846,0.16226874276933634,0.06287123955148728,0.029958840696469625,0.12308180103483346,0.1351206399824942,0.009852865194148207,0.0,0.0,0.03647526614331672,0.057949227615164564,0.020682166464287007,0.0,0.0923989752447581,0.0654011510659814,0.02603373139271768,0.18742776415118106,0.6713207530271199,0.03982559012585694
-0.0681401323619637,0.01466441240612032,0.7390965093715247,38.181176375258445,9.411541518466068,0.0,0.15128416891027524,0.0,0.03614449654945368,0.0,0.02577598813234051,0.0,0.22661922222059938,0.0,0.05679424294629234,0.0069158646015521075,0.005299003025939025,0.0,0.07211634145549128,0.3074956686240615,0.023852916722989774,0.5246935426678374,0.06156997348669117,0.0785206372911088,0.12161425076311641,0.05525743892407447,0.0,0.059170652621974115,0.4010131573084982,0.07124849764322387
9.55817305843819,-0.11237721483967945,0.578695994917757,49.56885211304839,8.747973718639612,89.75781862528014,0.0319240691425661,0.046511813309080316,0.0756551946287643,0.025572927014923023,0.033208385845286854,0.12578409607133395,0.0,0.013350158002779918,0.0835839371592712,0.04810363812259428,0.12085705897602032,0.005215615036229279,0.08281631685774346,0.15453052307275356,0.017687728514202958,0.25201875442508054,0.08592338782313719,0.047557714091140145,0.0,0.03805769971005328,0.008105221528232395,0.0020715366025278042,0.20089281742447082,0.08293829596783905
5.65177864912021,-0.032257587015402295,0.7040079134992001,88.08370937807373,9.695471328391134,141.20752238748167,0.765716382953292,0.09433123789082484,0.057056257529482735,0.0,0.0,0.06518253038608213,0.009971289775855652,0.0,0.07379963941722395,0.09797926748086674,0.1412848100732199,0.033100894511431056,0.08576424891765409,0.07343784476316226,0.04577111281127763,0.0,0.027236295920813842,0.05865821956677031,0.0,0.05225156696622189,0.02420342126701312,0.03692121629740913,0.0,0.016683988387255377
1.6327985389980433,-0.12044108973570607,0.9048154801880441,51.653295592609425,7.928487256230048,29.335222172017154,0.18374245945158776,0.0998719856042167,0.025369825214952603,0.0,0.01501003089629191,0.0906946868042858,0.0,0.06625873389802132,0.045942168889004265,0.06386593657653195,0.07590824953822264,0.04045434856192352,1.0022318603843117e-05,0.24973245678674116,0.027583768736935924,0.21648680847340923,0.03413287501030244,0.08610580461616936,0.004980403110260476,0.0,0.02156985836294285,0.14360839777971338,0.31768956582891994,0.0
0.43997793813558594,-0.29695170259077114,0.4167450803184495,10.877986941960412,7.0873884593234475,31.421371356422092,0.63869693739258,0.06034757132373086,0.0,0.18648129134422417,0.044398276481365434,0.024847435183652778,0.14875741566392608,0.0,0.09578193338455526,0.005911271197941784,0.13145311034934992,0.01129490521328614,0.0070075557634257345,0.027649104868049335,0.015745015339840344,0.2936112774019438,0.07042125096525881,0.008816339949260142,0.07604268145966084,0.0,0.01777437005010222,0.24392329155451997,0.0,0.0
3.6965610782074485,0.14728800784875812,0.936941260719982,13.535138809835274,8.053372370399156,52.65385096972261,0.03233593183587474,0.0,0.03841363788861501,0.0482596864185684,0.019981430408891904,0.07162569824261539,0.18127378722092363,0.013711443134417505,0.1342580563948583,0.0,0.0,0.02404137413068079,0.0,0.15362075262699257,0.006409886716786254,0.4539192037117936,0.13086373770794585,0.041687895120101,0.026758279220413617,0.0,0.0,0.08601729284714842,0.47015904474309267,0.011974715789057035
7.4939244571590455,-0.04705795644130764,0.3769946235832936,52.50227249473322,9.451810938668876,99.25575754710661,0.07292082234029962,0.08238339549631812,0.056165609989281204,0.07569438127431716,0.022845740318383392,0.04617019557046175,0.31745067088237144,0.048316124518467216,0.0,0.0,0.10408074092913495,0.017865309789372424,0.0,0.0,0.03663896056710354,0.10982721108121926,0.06937521133569421,0.013001727874224487,0.021390063253301235,0.09858728879508849,0.02445869158016947,0.23926640477079314,0.060604453875146874,0.16243465300214535
5.2218588838479265,-0.9226957723984762,0.7478580995250705,42.69044549903063,9.446329868513814,22.973730315032597,-0.3984815031531834,0.10954373627283148,0.11869466055358865,0.041789685604261426,0.0,0.07765502038970044,0.0,0.0,0.15313710214950826,0.10459331456064298,0.20342818813464048,0.01794426139965155,0.0,0.14395910725025501,0.011243615104990707,0.22556337955478034,0.05369431718282728,0.06541359452737051,0.09470823696671393,0.03553806712416848,0.06223763260240343,0.1362607553908259,0.3026205380214748,0.0
5.659555691574767,-0.4489648421507977,0.5816848754868085,35.65507747642618,10.190386766104858,109.87023051484927,-0.13784372228690267,0.009470625098789792,0.05934642822089373,0.0,0.0026690177671311217,0.030650653247547066,0.30709677489805665,0.0,0.07907336411279176,0.13169143668640462,0.12237606672397972,0.047615496611945626,0.044481963676187196,0.350823252322211,0.006458177423341866,0.15508978210651253,0.07415957918265573,0.028813197336878867,0.05500423988527988,0.048388703089738944,0.0,0.11431733856638142,0.029257374960773297,0.11740252327405962
8.653876721851244,0.0033824654417239364,0.29226938783787354,35.92296231097956,7.982173448242899,72.79438600097409,0.40936023444121006,0.08019506050332714,0.03987148966050579,0.07736539887820944,0.027680693912819555,0.015162774007126113,0.06962509722681798,0.002005014167703425,0.1074045069245427,0.20842520722643587,0.019923563254154716,0.04297850628182559,0.09416037685284645,0.0,0.04227666817332419,0.13736855730304087,0.09961556845077907,0.01867611901075457,0.04798500013797265,0.014563666181330892,0.08809241192302386,0.08342363147503325,0.1860970783456915,0.034223126301244126
6.136613796620336,-0.3632805490803076,0.6368090699974395,33.07960639480583,9.3219017904766,67.51984217710121,-0.2678092061128687,0.05804043605559491,0.06375044005948813,0.0,0.019830316542469917,0.0,0.08408723553954986,0.029915325926508127,0.0,0.0946822012320993,0.10343270552938949,0.029520280259013112,0.07076817351769202,0.0,0.04678067037906386,0.404828378636671,0.07514664753897285,0.014207339525458273,0.15358905750205043,0.0,0.06636188966685888,0.0,0.0765920547023062,0.03547064559979875
4.9108448169789165,-0.4290508189818407,0.6894667222645774,27.875429081842555,9.311909834928683,0.0,0.5821180309985622,0.005218383546654937,0.09406179083954752,0.0,0.0030758080586397955,0.08926017510455073,0.061153032141250646,0.0827484960472159,0.0,0.1792607701678954,0.11099444368830973,0.019156160553851796,0.026532335662150974,0.1689469022588656,0.01966130867505163,0.3618578213940853,0.0,0.018686845463855906,0.05390400116604423,0.0,0.04285818533939248,0.22537046599931548,0.3925320991940532,0.0
-1.2069462670676998,-0.70879666558888,0.5560930728143891,28.648369523153693,11.5,87.34446725029622,-0.13846235149726854,0.027175109262455886,0.0,0.04819647902595645,0.05925412195274493,0.05044522438839514,0.020945099985531734,0.0,0.03978564485159557,0.0,0.2345409423183144,0.05225890604117728,0.0,0.0,0.08480240289026954,0.28082996254498294,0.019296079478659457,0.024647979780393788,0.07258336026073665,0.009401685206936494,0.0021927686722388283,0.1088880782786565,0.315010923012287,0.10893322423504573
7.02421356853033,-0.48538221491071565,0.9303193164905554,38.03326219886061,9.075956331076577,77.14942611634034,0.7830636275403017,0.12813830172930715,0.0,0.004341152403390263,0.042624539057899376,0.02486741748056471,0.12558824937400598,0.00924486792134052,0.10644441319409507,0.0,0.1254141756212384,0.028169019525807405,0.026226372333566696,0.0,0.026877933000787044,0.10897627302947155,0.023174715786212104,0.03198694362732118,0.18488708950104668,0.0,0.04509275382331715,0.21168123292332558,0.07000108606441321,0.0493465161223971
6.426652361824591,-0.5308521402456305,0.6144098388648901,51.8089124952151,8.693393769326383,121.93829958702247,0.39131769205304273,0.06546281902701696,0.10295386139110016,0.06852662349400196,0.009253402905059762,0.0,0.13352495319989913,0.033501868519404725,0.10249119300366177,0.14906066717869107,0.08274583756637902,0.00946684095509795,0.0,0.3693182781436446,0.04307366448416665,0.14207608438336156,0.02726804689133512,0.041543877734662026,0.11520045505476048,0.028916250280635186,0.0,0.0,0.21476199484993083,0.021053047887412496
7.5148290823873545,-0.15831774847596253,0.30615831813334954,47.16041004421935,10.591226217606327,105.1959352543933,0.452947195822493,0.10489093403495353,0.11696870890938554,0.09827913655417024,0.0,0.07649314743209054,0.0540511776604988,0.0,0.03872500032665295,0.25767091841746836,0.1846790357208432,0.027137119512846895,0.06292669319756172,0.0,0.027914904700207934,0.11489446651224908,0.06866444678316048,0.09329971667077011,0.10089666450062473,0.0,0.0,0.07158576116828425,0.45299312552741466,0.020397345765541763
5.0180911616144135,-0.23477809569396382,0.5866540535897323,54.1356946568112,8.564386534887166,100.8751919961215,0.20921024499464122,0.0,0.0,0.0380646942521669,0.0,0.09276276801471278,0.05132792431359828,0.0009078247031171632,0.0,0.2539114838813458,0.055150243476445135,0.04491645401846234,0.0,0.27698354187394997,0.0024603924941982123,0.1251653399277367,0.0,0.08732099561327408,0.01645244611790967,0.08668086919162431,0.02352427872818378,0.17607149271212616,0.36493750993212504,0.0
12.382522528920347,-0.6182744707446541,0.6665162498648088,50.03416448492474,11.5,46.11116246168817,0.31922613149073104,0.0,0.02074928541541725,0.12545645921532925,0.02974477517740244,0.032028861357380776,0.14238745734854222,0.004137357521228794,0.005046808206880048,0.13163456432606277,0.0,0.011492963661462227,0.034481920751474326,0.0,0.0,0.05299483151274227,0.06147254190020586,0.03632841431116339,0.00814891550838407,0.0,0.022230844973449727,0.12468234985216363,0.04842616879043918,0.04879954196422084
3.118235609456549,-0.8018459887023462,0.48434543723296036,76.76606192774035,9.830530046562647,58.12818048285952,0.10188126818461088,0.16569958912033902,0.030305389649440375,0.04270252191678783,0.022099094524805032,0.0,0.0,0.026101298753697127,0.0,0.15500707032494818,0.028517838313085624,0.020810707671717513,0.03484703454809959,0.0,0.0007758261111333806,0.10807124609466734,0.0,0.0,0.04767711050492312,0.0,0.02194499189073269,0.26954224197462223,0.31614096923165047,0.08174871114833593
6.565767763739499,-0.5084317876895784,0.81541788989845,18.927051939094156,8.80494935385656,58.15203522554933,-0.4546056098935146,0.0967385753933496,0.09550632667577716,0.011280001136827892,0.0,0.0,0.030545123255760906,0.0008040033566400172,0.0,0.23552926172503552,0.04386621275033853,0.014085852515600468,0.02676373491479016,0.0,0.026629180592283197,0.23609839072374483,0.001078302906971404,0.04799553611298948,0.07507702882407433,0.0,0.03165916853520973,0.13879523593503912,0.1511624242866035,0.0
6.068362947469993,0.055493358801661896,0.20364323225428188,47.58964652390953,9.298179179633474,192.43982755028296,0.7583820437060675,0.03367601961590394,0.08174510391072362,0.06508634373143743,0.0,0.14899445778015233,0.0,0.05398963487334839,0.05627132760297696,0.10969433308219262,0.18302486953944738,0.03375295135063208,0.0,0.0,0.041379388521201696,0.44259870494201425,0.007783038704311674,0.009275958567664257,0.0,0.0156700580015342,0.002789350598801886,0.0,0.2746270571076538,9.579365262403494e-05
6.182788610324974,-0.5359637791844233,0.6762640660173131,32.0558403457094,9.161325343601849,29.000666234525696,-0.3772745492858298,0.10176467790074287,0.0,0.08914332302559626,0.0,0.11679785943868037,0.21453926048357155,0.0,0.05361061712989097,0.0,0.09653541629368251,0.01386906380656348,0.004044212495663387,0.21141885159843277,0.06045362958573719,0.02297197601410622,0.0,0.04478115986873162,0.022774239200624925,0.07456617577583102,0.0,0.0,0.40017824686695513,0.053476309206034384
-2.665399391921727,-0.002675718897970497,0.6360900540502042,45.55792569568065,9.276738515352424,87.93010209822825,-0.31118500796784365,0.061023355876119,0.1344167103355056,0.03767689191524205,0.015068959602294749,0.01339165107530681,0.1011436978247519,0.0024656523669075083,0.035123926834344774,0.08015670604069189,0.17542405973011552,0.029289299174369142,0.0,0.19531210875005475,0.0394035905571073,0.0,0.08580307956610109,0.033360655550273954,0.163819520212007,0.0,0.0,0.09294606436712617,0.0,0.06651475638415488
3.0276688289743947,-0.8458163631909351,0.9559072820197283,45.7655924929819,8.37816227561947,62.75571668396449,-0.05408923749907524,0.06489465579324363,0.0,0.029740494223274072,0.0,0.04326872103302515,0.10023139587983011,0.038142023846917575,0.054101172202604714,0.06482013054730934,0.0,0.0005767934941032938,0.01856053203740917,0.0,0.0,0.05895277647934094,0.04536193298685978,0.0,0.06277687437522698,0.09278891347757424,0.00492718032536261,0.08503883765646825,0.38083746500708104,0.10506370861217931
11.278746116081933,-0.2846114918704652,0.675287650897905,41.76418325492781,9.694699388439131,130.39972149521088,0.9340037682885749,0.02996559364111719,0.010132586863861745,0.024163060114751805,0.011416751348723265,0.08243805093099665,0.053951215658603696,0.022990122630697128,0.09837282950963605,0.1010740366866255,0.12059529240260008,0.013142038837714984,0.0012845903314881307,0.16617803090386443,0.0,0.0,0.0,0.0,0.04210964455461253,0.0,0.0,0.06315950225695521,0.35615758017383753,0.07258428835955122
6.036824826459432,0.30836726511750656,0.6206177041683562,49.452901520487714,7.555840112490776,70.92065221136797,-0.32991662008571554,0.19623384303158287,0.0,0.0,0.04503518787541223,0.021627755325736474,0.0,0.0,0.0,0.24747920746231766,0.1215591643155532,0.0,0.03705220051870331,0.11886218412225559,0.07539503247459022,0.11419461958950652,0.03756808470844238,0.07171907531575968,0.033950890464893156,0.08291015989078629,0.06903763805841542,0.16297223762780783,0.35795381908671575,0.12189086377705874
2.861477156551945,-0.460487660261784,0.7315674120309992,55.62063255121563,9.029440293140022,91.34710414926015,0.45173828217168366,0.0,0.0,0.04680986989109581,0.021206460631236233,0.11552995012748152,0.0015394583893203473,0.027892940269963067,0.0,0.34464658691066163,0.07545663544097866,0.033470800776108256,0.01522368098435016,0.06840082828335192,0.046378711421780634,0.15956077724275972,0.08916776965414204,0.0,0.0,0.07312362123854682,0.0,0.14333991846502653,0.22740935137005863,0.06971578287701169
-0.34045669899330466,-1.5192247781863373,0.5313401737837575,28.427362776502928,9.736488711183462,76.00896629792243,0.2671569321064697,0.08479160354430576,0.12943831370980127,0.005084401549296135,0.033930331613115414,0.12972999780531203,0.021955212416010936,0.04819325225206046,0.055978252303126,0.131850278172239,0.22416377169134405,0.0,0.01848955483125452,0.018227409435583375,0.006014139348324255,0.10605632134405799,0.007146573064597435,0.01156134659792608,0.09785658094126895,0.032375281138466605,0.05157527070851306,0.3270180363211353,0.5898214618386214,0.0305247105208451
-4.839438456416702,-0.2873963852110511,0.8227149730038239,50.09369978451024,10.791764237417631,60.0989769518157,-0.29338768163323137,0.0,0.13787371467591858,0.08975730080296773,0.054704556702735635,0.014823745005865616,0.0,0.06522127567733807,0.1480339942432359,0.08844324745355947,0.19905051921014677,0.022571288670576842,0.061705914827576806,0.028056134177491615,0.0,0.47270731171627867,0.05198570174034305,0.013362711496972645,0.06373901088871554,0.0,0.027645575092151455,0.18465908705834827,0.23449916105906926,0.09617427375986029
14.186108899902585,-0.7765139210707332,0.5667698071119074,48.91319177106218,8.650574621044644,71.44698200492572,0.14742278567463246,0.11864236127635598,0.0,0.013987998688106991,0.043737828261247,0.06283460344145904,0.16666809440266003,0.004415105574688624,0.06312831597247769,0.0,0.11928408605527771,0.011063816493650184,0.056185576569041544,0.0,0.10586740796036774,0.23130697455799115,0.1786502295862989,0.03663500619787424,0.06165289591820661,0.0030071896068529155,0.016583406175089414,0.0382844637210751,0.3946746327154139,0.0
8.351287678023008,-0.24088324928641064,0.658376017390774,51.801442172224846,9.980343368185736,13.162135760757735,0.1412099634044548,0.06285160876482301,0.016222539737939388,0.04046595634814694,0.01647828139896726,0.0341685248883697,0.0,0.012929134108761483,0.09488201010921274,0.18958383509120966,0.06474201758818732,0.0,0.0033443107475992703,0.0,0.02879159739263263,0.23140340521380268,0.06528407338469969,0.0,0.08143317821564361,0.045795376284508554,0.0,0.13857282708691906,0.07083562689464856,0.0
5.162254930752105,-0.7665948995510933,0.7250724762260851,55.154136101484006,8.978314830048468,53.30578098710468,0.11504864334935666,0.023234505412020608,0.0,0.003122728599722374,0.021828158480178085,0.1145467081080549,0.1282583983715717,0.06869780767592205,0.06346736662791708,0.0,0.22328028545816125,0.004379691031746958,0.013440428846576943,0.047891128329243825,0.0,0.0910977350300503,0.026120480180913994,0.10256152244541457,0.0,0.03757773667078001,0.0,0.15679541124819096,0.29855559389087766,0.09427233740779303
2.5242570599505125,-0.3692064984434045,0.263296510744571,12.835111949453172,9.307988889634828,96.90799904386733,0.35409910816017376,0.07113168175127231,0.0,0.04675420134450757,0.006809812721194507,0.0,0.0,0.012205966319842582,0.0,0.17034814083545735,0.130199787643344,0.009199926794851529,0.05437805962535345,0.010008570184286636,0.0,0.0,0.042633572717228806,0.0,0.10544852117605066,0.017826848012952194,0.012885307562334363,0.15093080116652424,0.14547502946007176,0.0
8.71262926377117,-0.0664513336660931,0.5142567338837811,50.31701127630865,9.791838422081213,83.64574737986597,0.35328825790785245,0.0,0.0672329766697689,0.047725110041785646,0.005969950367776698,0.0,0.1095803007658888,0.03277784088613678,0.0,0.1212176556384581,0.17127687759773655,0.013068306356321065,0.010005839741900564,0.254276104798399,0.0,0.26014139422570104,0.12004606981516511,0.021357701711249268,0.08497754632978613,0.1518782958025487,0.04301999778040498,0.18988221511700837,0.238494122308796,0.0
10.812148428178148,0.27552353684805786,0.537455864933157,10.24805839399692,7.111369817854044,42.176903028390704,0.44429572238882403,0.038280095211455034,0.0,0.03577599399797292,0.06657301010814953,0.03422992678280087,0.0,0.025080665939093135,0.14489472080071836,0.05639308027574507,0.0676725729967152,0.02653770053611987,0.022539188518886522,0.3091167216598715,0.039541862773552636,0.0,0.0230671371693329,0.1102947798401677,0.06493405924975096,0.0,0.00971749497818483,0.07115244164512181,0.26655888088482166,0.05574140769160757
9.60115445199657,0.8016341619282767,0.6490952416059639,40.19504573279695,8.177445116251361,60.20924488296674,0.29517023714784535,0.11190158283388321,0.02063944088349481,0.023602489012026474,0.0,0.06445932431499092,0.15681659392309444,0.003295757250941925,0.08736786703654187,0.266122834984428,0.07093748396835758,0.0,0.0,0.0,0.02317023919826143,0.12142577883482766,0.13546571600702317,0.04162238703695871,0.04326142035826385,0.010424546695263225,0.040651345039970394,0.009780815590979056,0.10622501740174398,0.0
11.87582786068169,-0.3888022653820117,0.29313446519062275,50.71458377068166,10.054347357140298,21.179640421813822,0.6393243008018795,0.04623925809496211,0.06671315613230869,0.06360154780562789,0.0,0.0463962599959577,0.10417526053476055,0.04627001504480769,0.027347169873920593,0.0,0.0990514652194856,0.038357274670102554,0.0,0.0,0.0,0.2295950124317464,0.0723182971149783,0.025322945522357834,0.05403396268537967,0.027413562557954987,0.02395806875554583,0.2386579486711446,0.0,0.12817494907769647
4.1556116441755995,-0.5268486504469214,0.5912178153785922,33.91088827685834,9.896923859617564,2.8254125433792154,-0.00827472786813041,0.0,0.0,0.06530756420685244,0.004444064031291059,0.04222405298670587,0.03360515228174379,0.04948364929664879,0.0,0.0,0.0,0.02788422045500342,0.0,0.0,0.02521365969454616,0.37317494025322606,0.05953082705488143,0.09112705164882115,0.05433873523931387,0.028948218155164518,0.0,0.0,0.23125662791791596,0.09950560111854642
7.499728977003942,-0.10566031099794541,0.33693924988699503,22.417112875672622,10.21647186304582,89.24737657219522,0.4915309569835584,0.12542184306523468,0.0,0.08333062409757465,0.06676990163642679,0.017867473794564426,0.0,0.08406608716584975,0.10859917208537177,0.09256176757956608,0.08762987867773799,0.017293373492347164,0.07751794034499242,0.15561138163524257,0.03749287941194986,0.21879029673430855,0.0027749253732269608,0.013312589073900453,0.0,0.0,0.0,0.04060845683917339,0.12859888712155754,0.1032583897607274
9.774332116279151,-0.0378167394991136,0.3656308789891672,0.0,9.293449094222131,42.535814651348566,0.997617002346813,0.0886772883834391,0.0,0.10537232375877852,0.04457044119505173,0.0,0.04500481836612609,0.04608919117192834,0.11220150940176182,0.034334563615842584,0.23397709453147802,0.055298146700963655,0.0,0.01803301643149223,0.039717214478365084,0.08238917855499184,0.0,0.030526274637202134,0.06567713808020528,0.0,0.0,0.11250081781599611,0.2905252555109975,0.012974218436565713
5.380253544284975,-0.4589126574660474,0.5606851160002371,37.298689753712274,8.71647789030337,33.67213396832675,0.6088119402530061,0.030671525715521238,0.14249315535128457,0.004981062449796306,0.009343434724146234,0.0,0.0,0.0,0.07352630221779967,0.0,0.056349358533780126,0.017140539446829053,0.04223184994213999,0.05979086038432555,0.0,0.23901653815361013,0.029128544387144205,0.009576351350629324,0.06433117598087251,0.0,0.008212296468938764,0.030596918809693743,0.3781017719322066,0.014309787345377866
5.148376719362188,-0.3613200880369486,0.647655772891686,71.66395670051622,10.021086031004945,56.15742974727789,-0.669661670270786,0.0,0.10892875348322356,0.0,0.03863762445966441,0.0,0.05329783708846849,0.0,0.10274771030721241,0.16517138589915742,0.0994130161515595,0.01090384127640866,0.031437375262855324,0.18706120898874717,0.0,0.29142640823651844,0.17928251640271758,0.07669114931288155,0.024780338945119045,0.0,0.01949885093494944,0.0,0.19654671696991854,0.0
4.899061503493844,-0.0875672769590882,0.8775975887047045,24.518514379352816,9.501222766788876,47.11629194413855,0.4821877493333594,0.1821970342955409,0.07624535323216228,0.04811864463549864,0.0,0.05758521433117328,0.10682693301393148,0.019100951086222707,0.08206751653881325,0.26884776598361115,0.1779584353768222,0.024533292155728206,0.0,0.0,0.0,0.14025904414355791,0.02882525670989883,0.049378470578733,0.06165152761711302,0.0,0.0,0.0,0.09293214701230088,0.0383344271751325
4.841434564910812,0.18019303459247343,0.6769979853194623,24.758482759221877,9.652464991259091,142.77069117348825,0.14308441431653934,0.1291584090525413,0.09414168184082344,0.0,0.043003470577009636,0.021537097662712817,0.05144758104670352,0.06475976149140279,0.0645686681842425,0.21291191902273493,0.12457007979767751,0.015876532666383895,0.0,0.17322047522968725,0.033119314269515386,0.2049571868712884,0.0,0.0,0.11111935567452075,0.0,0.047600126397234044,0.04181821804053053,0.40099281170640466,0.10051382287031076
9.290597928592938,0.06620749715907842,0.4264707706909784,68.2216424113218,9.178122605912888,115.60019020322,0.49584272699036647,0.03529446631555249,0.025847636261727935,0.0,0.019384599346721768,0.0005202504151755535,0.0,0.021663106146587684,0.0,0.09681258398458768,0.07744219853242042,0.016684277117939697,0.0,0.20520473089325902,0.0017959523273594936,0.06635798291956105,0.050747166968205276,0.01377073974824677,0.059121884515604226,0.0,0.0,0.12780829778068864,0.2029814453554922,0.10436819133191855
12.867154837334018,0.4161505175195478,0.6035153450206804,24.68113749460906,9.306019748488465,63.42874696999414,0.46655120802185934,0.0,0.0,0.01707534656199159,0.0,0.020667764266507276,0.1250296723279909,0.07746909991274019,0.0,0.0,0.0,0.0022120180358142956,0.03246818469928117,0.27271513787789375,0.06628114441126015,0.18394372944279752,0.07664265165843612,0.059701854745319055,0.11786683444495447,0.10218340578511832,0.0,0.005225386398866758,0.48305133818382306,0.0
1.374451228590047,-0.22386832591741612,0.6668122629710106,29.402368307627114,10.852731455187618,82.58552813209107,-1.0715738369100924,0.0,0.009107027975068786,0.11485911370993686,0.0026991903163022923,0.0,0.032765165980386,0.054221332257697666,0.02960900597872333,0.20969306355242057,0.05064033626654716,0.01278912451783603,0.01766841708502684,0.16881074599860663,0.006484199034632076,0.19482049567414467,0.06657928716665022,0.11285113159837715,0.06568552755359179,0.029626529952653274,0.05418165033995989,0.0,0.281718313338673,0.05596677107305371
3.546174590373321,0.4753447536797314,0.9553939598151446,20.223763957369155,9.412596059743393,40.348677320102084,0.04880256359901436,0.08463932985537141,0.05917357780082082,0.03821262312925598,0.0,0.0871444577861509,0.15587033356729696,0.043379646212249226,0.0,0.0,0.009098521662332826,0.0,0.05116352693768051,0.08154518359866747,0.03299518989649032,0.04114250053586217,0.08507235279223475,0.04548882562033797,0.06282766940422821,0.03897113980943895,0.01914272306769201,0.14650751103915852,0.3684419319716882,0.08183385123402706
1.429937395415548,-0.5538288879254492,0.4057933293031225,23.645283376881626,8.675825796593507,101.37336185550592,0.8336222965746495,0.06324673170799548,0.06208290840716138,0.09522285889541465,0.05867866808671806,0.0,0.06956899051944619,0.06904307786195996,0.09897344885261822,0.0,0.157279992553028,0.0,0.07084832443626198,0.2623112318866031,0.027861933259921985,0.09185728303397905,0.05110904660844772,0.0916827189847628,0.012975580017914864,0.014534347033474402,0.0,0.0,0.27823081643976977,0.051230182220101075
0.33060701718873897,-0.5259552861615251,0.422558619671058,22.053190296207067,9.773631675344634,128.8421679819745,1.0826090579660705,0.01100779264797564,0.0,0.02901550786191007,0.0,0.04880779065390027,0.1387442885573644,0.04161551755349861,0.05978377158224351,0.1850748080358659,0.16208871682919707,0.05608789535006775,0.08519285909151267,0.038077596177272716,0.028585648848003048,0.07525820731497755,0.1789243746514886,0.006524621468896298,0.06093118255150402,0.07266259395561364,0.058847270416266535,0.12348093019001855,0.4715117455740312,0.009397529344420646
8.144554769033581,0.4748271782393666,0.2976380368966647,27.339796830092663,10.416995154202056,143.0130311186124,0.543445642101342,0.11183604253870917,0.0,0.006527197788076077,0.0,0.04422185668989975,0.0811618729235933,0.028210658419194862,0.04065727049123364,0.10031893697321463,0.0,0.007463717177264274,0.03443313858773652,0.04572561489665949,0.09712464785768635,0.43687118445099815,0.0,0.07966310475881239,0.11739119258091402,0.05654834019548006,0.06920532215680913,0.021420931654057215,0.2673392883236524,0.028399004972293924
0.0878054002064852,-0.14696735210266187,0.7263495504479325,23.94193180042284,9.119962135326306,109.7177605561831,0.21520449914328232,0.11565394189616868,0.0,0.04344018109649446,0.021307058732950183,0.009347233521792161,0.010829160341261704,0.02438829337050354,0.0,0.29644634138455866,0.035272119364221706,0.021353151238861695,0.06413127823108171,0.27782429209547066,0.07109595150599334,0.07794969167189268,0.00884695790765672,0.027379533920097794,0.14106496037706195,0.01107611865697594,0.012967732663474264,0.0,0.07946238979790454,0.052558704260325835
-3.7501262528655586,-0.046442883297220655,0.589211689889184,38.542733629675304,10.039742801269655,82.19957879328527,0.03661728788055085,0.048597581899268286,0.052412287125489246,0.0,0.06298096604854866,0.0,0.06970079042936471,0.019164132052101518,0.021300459124722886,0.2751839787019213,0.12025283312237789,0.03138382258328045,0.0,0.21947429893632953,0.031759005912732674,0.0,0.08115069836352845,0.02546213036997462,0.054576096162371385,0.0,0.04397518406863464,0.27058066792328106,0.22161355797442855,0.0
4.941130369364619,-0.15377341237259046,1.0651370102327637,60.73891913240419,10.039333402228142,53.1723863737545,0.22272725922270908,0.058257573168043045,0.13436704137902494,0.0,0.0,0.0,0.08256848305868908,0.09043126450509069,0.02731926534149426,0.08234181108515,0.011925683741031506,0.0,0.0,0.05540216139666273,0.0,0.0,0.021364117234978948,0.0,0.02381599432772789,0.0,0.015279783028223748,0.11645618800162683,0.176347131115914,0.039724294996251935
-0.3230867909029653,-0.07342431769944166,0.6885263916548625,38.73913485898812,9.529621400132928,76.64011649811422,0.4208441718559393,0.10709356697792649,0.11919082501456008,0.08093779180327003,0.030061908624278308,0.02288346355870694,0.193993460456494,0.01173452509216636,0.05323609163489103,0.09254510719580072,0.02487951461001507,0.01463198065626181,0.09713801946515366,0.0,0.0,0.2616178451976847,0.0801973380462288,0.0,0.05565549381066021,0.0,0.015721663117642296,0.0,0.30175388942000264,0.007319469975518897
4.7349682407743545,-0.6563282361711673,0.7545552484731259,38.42694774865645,9.454827676793075,33.029967983096995,0.1905996897741964,0.02414411297687976,0.0,0.0,0.02988041770212202,0.03486532584649259,0.12759980080244482,0.02570003921379276,0.1526287102269336,0.057751624463783714,0.0231235984256732,0.0029346076276904644,0.023020686120456386,0.007334823198559659,0.009035091276429274,0.2622739280994941,0.012727459904077941,0.0611100277113097,0.010111412689620972,0.04947061841913231,0.014377552141773865,0.19313824012833963,0.12448307746735682,0.0
11.441704156216339,-0.35614516261323664,0.5061340303247533,55.37051127103122,8.773413288941782,116.55854083780696,0.60737658569772,0.04591456875177606,0.029860968757468045,0.0,0.01790164882338,0.03712510353922111,0.0,0.07406914331726763,0.0,0.19165565930879197,0.07663702594154437,0.04591650662830245,0.0487552007862638,0.03750217165007706,0.0,0.15010926790295265,0.0606935736145745,0.0017523060993442467,0.0,0.0,0.0,0.010613698974185126,0.08993092135524183,0.0
7.250312458334637,0.2658491492753975,0.6436348441043717,39.090941841764355,9.298724617990791,103.59860284800627,-0.275813698231754,0.12491510676514347,0.12278396968883099,0.05922374454987718,0.017377257157161104,0.04404234466370355,0.0,0.004027752481630814,0.04354073049384026,0.023424527218203775,0.07808505064410723,0.030009206192371157,0.0,0.25335873858039365,0.018064540812928357,0.04498540703618964,0.0814609174947993,0.07776588759927826,0.09660187239213489,0.048967542317549184,0.03527039870230261,0.09516508693456624,0.1574590864774718,0.11339628117441491
5.782747504537609,0.5996304885071525,0.5806178247713196,66.82717656685512,10.405861055338764,131.28581161647253,-0.010583077200844448,0.005044924876400236,0.09038555651397373,0.05952938583173929,0.05873752380249172,0.09686464772747329,0.0,0.0,0.06371319132840626,0.05272341089242157,0.1048286406218911,0.0,0.0139317248708801,0.29332719995412637,0.03066788979180864,0.1944954006916771,0.14148044593165446,0.04804446999294054,0.0661484138780658,0.040206539868497246,0.0,0.0,0.23561248556983044,0.054076892011336516
8.713264090137596,-0.36775338686994385,0.7926363887884382,48.35841106103381,7.661966620842936,142.46858062974619,0.1341412343600249,0.04303055886831236,0.08369356955234143,0.0,0.0,0.053065107576579,0.022985192467778373,0.0,0.09034544299660233,0.0,0.21549968090272026,0.06035301882525988,0.010170286336206699,0.11013689681853686,0.0,0.30346766766960825,0.0,0.014482164600517614,0.1818744210186315,0.0,0.0,0.14985200283013872,0.30052171120010973,0.010261983032312603
10.786753718079677,-0.48042889682122164,0.9699104603924347,41.56217564062714,10.908720846354258,63.10422496720628,0.21350245617849112,0.1350726345088369,0.0,0.0,0.0,0.0,0.0,0.06717436587196643,0.16593136617942197,0.15449817392985798,0.11471357659564592,0.029977680243482283,0.0,0.1517784358876884,0.020561914706937127,0.1615375050506817,0.02728276072854382,0.0,0.004354214382274096,0.11533945181784645,0.02195423361527795,0.0,0.26517968951752224,0.11713023607011094
4.535698566602876,0.502712481389579,0.8263627578223607,42.15346971248666,8.698917459868863,80.8369564372728,0.13824878382043904,0.12498271410565628,0.012154092521739684,0.0,0.05065288237703801,0.07942393167694115,0.05875808676766905,0.0,0.10928437917905873,0.12990977283856994,0.15318743129372847,0.0,0.04413069862527337,0.04198882367912961,0.03272576417958025,0.0,0.0,0.06456249114549877,0.0,0.048403030291454346,0.0,0.01289003389296034,0.37601954062635445,0.04793826713670762
10.810256221390475,-0.4978445823429245,0.4139931567652062,24.424373025588743,10.493040379139943,32.227493494056624,-0.23881514440456086,0.0,0.0,0.0,0.04976677332788078,0.0,0.12772003880697408,0.0,0.0601738869988668,0.10846842302025585,0.18645165796565705,0.014295419239119022,0.0,0.04263772436567696,0.03503716044374408,0.0,0.09601499604806299,0.0235183881980875,0.014398036406229386,0.0,0.016212283149042037,0.13624957270452606,0.1737278366376525,0.0
0.5973599931035203,-0.5262735535812926,0.44291984653083694,46.01682557671309,10.436175123953806,69.18115587117441,0.4816072681535842,0.1012387056430271,0.04648714280800356,0.03318305016296592,0.071631410744452,0.0,0.18019928111103417,0.054523550008547125,0.08167455146785256,0.05755995704187737,0.08797310527117623,0.02382572445302254,0.0,0.0,0.0,0.2773639396465267,0.0,0.04265622933759886,0.0,0.005382317279028666,0.03227311796073962,0.0,0.2938916131377621,0.13681302868381354
2.4151184894180253,-0.36270123720990455,0.29426182853892724,36.0902087676841,8.451238623204121,89.21394431896361,-0.16794951825633064,0.029994869011246046,0.0,0.0,0.03794116850355936,0.033755132016109086,0.07818746164387837,0.013217006968259462,0.011360080872809035,0.11113737068177568,0.1176030474132192,0.04220251762933823,0.018445750609459785,0.1862472330041722,0.0,0.5888428350929187,0.0,0.02841819193038123,0.05385442872112481,0.05355148062611645,0.0,0.0364432512231251,0.2970966914956716,0.0
8.729874751604436,0.13856900979014863,0.13738329011910216,19.945092737614573,8.585118300635697,90.75595644803226,0.9272936146722656,0.20870221466909042,0.09634627510850072,0.0,0.03784937280282974,0.09274804577442855,0.0,0.10978985881818425,0.03985655775247369,0.09344993545509861,0.0,0.0,0.026847380362015418,0.18847159766104932,0.022286195327987944,0.12408117963296435,0.005442414744806355,0.02705972882085238,0.13361849176392115,0.0010198108274417986,0.02653213952488693,0.25660591487579976,0.14750908529396833,0.064164900945617
5.091552147175007,0.0017412883285934933,0.45413704975705654,47.649948094658576,10.86470395812428,108.37927106180166,0.061551726276665886,0.09792879980935562,0.0,0.08735447386053663,0.003634712298336883,0.0,0.0,0.011811335826060566,0.058921171997338644,0.04694323608546163,0.04080209506097698,0.0,0.0,0.3758435804072454,0.021105688035949453,0.04807345072835843,0.14557378008726685,0.0,0.0,0.008526472066885785,0.03496306709248655,0.2562855713167129,0.1634007685464022,0.0
7.788532691247079,-0.3376940518809415,0.4128032653124336,36.53312182950934,8.729235731405478,70.96354025232819,0.5026005045663136,0.0437062523943383,0.11606021326704336,0.10744269545659883,0.0,0.08753418397913346,0.0,0.031874901393848284,0.0887313263061737,0.12778629240505235,0.10211515625163674,0.022224649043657695,0.06670917134885289,0.01571799610835882,0.020484298030858276,0.21409109545825192,0.03432074322621011,0.03637192963609584,0.08109234629967245,0.12002368503614012,0.06654271400306365,0.05967038391445995,0.2922132504415782,0.0
12.185236248276864,0.25007938559778115,0.2381404269198889,42.38720488706974,10.994634924200128,58.61916236652678,0.06148066030228014,0.0,0.02872540652446344,0.0,0.016708053613013554,0.061714180189271495,0.1092360650356528,0.0,0.06718008157931432,0.11748742084723819,0.09749846562168196,0.020287733468880097,0.04376968957212361,0.29536214040760267,0.007015929181407738,0.0,0.044637757775838366,0.02074268664661339,0.07684753646812402,0.0,0.0,0.03883858532918221,0.10926884414514429,0.0
4.525554999148743,-0.9203217684079922,0.5362299416049268,27.971611980543344,8.155073343453182,0.0,-0.17494983633581473,0.046140236562960776,0.06847789087179787,0.11941882551822579,0.0,0.0,0.04531879299399657,0.008903519515508471,0.03502438693219616,0.13578509488482318,0.05570575133054539,0.0035964158206250084,0.06275082645203717,0.19746060972584736,0.00523413964327589,0.22167510956842082,0.09355826196004713,0.03839102481136654,0.02630436970329521,0.08599405100176466,0.05575640141799915,0.24342004634464287,0.23246769537107273,0.09678767670390563
6.056872460830007,0.12870425826593856,0.37473811122813805,57.99973827597984,8.65689738189383,50.60838131194251,-0.4438131539448821,0.03156403377145682,0.13453847770272037,0.006618103033860555,0.03747245437288841,0.052633741223395564,0.11083787743853156,0.04419780623991229,0.03975397805132322,0.0,0.19777815710502353,0.01811051063164884,0.0,0.10166041730670608,0.052818931992870105,0.08878538849149534,0.09163424060297273,0.05328268712403304,0.06875046547856956,0.0,0.05065695339658841,0.18011763900222716,0.032692302993131306,0.0
5.426443164363126,0.37580026314677895,0.32170831717858,45.915894052355114,8.959322117406014,41.07656535053227,-0.08125582001019216,0.11288844139620359,0.12088002128060632,0.06351010567546327,0.037695816036707616,0.0,0.08934025108101631,0.01659887178410876,0.08576404998112001,0.07082280546726805,0.16050577314412345,0.0,0.03985618064558322,0.1330739573740768,0.033258151867158005,0.21907704890013108,0.12058624365672026,0.0,0.026877977843294282,0.04228152844178501,0.0073932663801826795,0.20510213281081408,0.18618523068177933,0.027815305449520926
7.95009831354724,-0.7244481398407805,0.5418748304943577,29.08364119398484,11.117192378579912,108.7424137472331,0.4466498358650101,0.0,0.0,0.06116633919892299,0.04500835805183964,0.0,0.31434496806163204,0.0,0.0621665996514291,0.16463177478325824,0.040798285316034986,0.0,0.0605398981921221,0.22335054559296563,0.015497800265559724,0.27767040239194446,0.0440966306503926,0.042805795766124734,0.008651125044886035,0.06291943382451665,0.050159579006330786,0.13502946967452345,0.19657484563362038,0.026101795369674996
9.988007564995398,-0.08269143636594406,0.5936113409690138,47.545425399173446,8.986298901767874,72.05567971622236,-0.08114627653922896,0.04893727725826081,0.11811184797188473,0.030184092306341052,0.022283779079000136,0.0,0.061149437362902945,0.01509460549350385,0.15179682484385218,0.14899243625159544,0.07371994506401723,0.01811268999274195,0.0,0.0,0.0,0.11602892396083912,0.008310202970650719,0.08652572292813808,0.0,0.08197432889012127,0.04094656881247704,0.15336470265202878,0.37176348735945125,0.0
0.49332522255232636,-0.8703440491937733,0.6026289436071187,28.458178375616594,10.152753041830708,63.04738323163407,0.14645934274519015,0.11057554658749877,0.0,0.051699625299123975,0.0,0.014351149745262273,0.14624259634017647,0.0331066942475928,0.0382047323101716,0.0,0.06357839656792284,0.005983249779859243,0.018930169439067862,0.1549336419944756,0.05014639034883273,0.046061646303042256,0.01621959807378042,0.0,0.03837893578076458,0.004987204169869877,0.006621415683916788,0.08706145608023504,0.35629977029231247,0.0
7.791128887435008,-0.6591352886339114,0.5237508694814073,30.942849118759188,7.86700013081657,1.313769387134002,0.11162533383774904,0.07977383631677804,0.026408728248512182,0.0850770236374528,0.03074020598678316,0.06757584283898774,0.03339946749378124,0.0,0.13517797652361024,0.0,0.23005068051822275,0.0,0.08752985990646846,0.08056219951104587,0.01162551304427787,0.5095834110098547,0.0,0.05783551636557815,0.07764981354082177,0.0,0.04640009568066541,0.009720897401804443,0.28795913317206623,0.0
0.10769398673453345,-0.22983997010954593,0.5331649358473695,57.579671160780265,9.796774024433365,2.2669554571980797,0.2776449035158384,0.172372385428442,0.0,0.0,0.023065403402431607,0.06983736593226367,0.15527318894444922,0.014856544998102347,0.11035577455174872,0.019713772135439067,0.07813964852872425,0.009811303045115941,0.05955016454093671,0.0,0.03706558676849632,0.18058026277064776,0.09694344520994636,0.0,0.06838963235876477,0.0,0.01291264807819945,0.11955869148435187,0.387628773653591,0.06289029298566827
5.979851625308014,-0.29678432113404807,0.47711485874505244,43.780886500872185,11.243995576912903,62.7555169734479,-0.10204786417306377,0.09965796065017615,0.02360164524170199,0.008014526624508468,0.015988014997295172,0.033802613392274715,0.002548838374229881,0.0,0.12614160812182967,0.20572058124488385,0.0,0.03567975643935424,0.05788447668288825,0.0,0.03780153361572579,0.32778338168037124,0.10105958631521257,0.049552385028577964,0.14640626123533237,0.15834434611741466,0.0,0.029024926517756504,0.1597669104736097,0.0184899800951792
3.961636803839487,0.31899938684740636,0.3329034039254461,36.09400959170322,8.8967597875311,19.33683482808224,0.3713826402604586,0.1941980746728728,0.05889409588167453,0.006302084322439809,0.05676827154293604,0.05636819985737498,0.10889831915261773,0.021879420847629998,0.08409525494722248,0.01318609443884354,0.0,0.023161266782803176,0.038872110436073665,0.013456052505577715,0.0005304154732607251,0.13979031729885183,0.08676207860709167,0.0743841674502141,0.10916400882501703,0.007495138193312028,0.0,0.09275605274589864,0.3123022437112694,0.0
6.366137038628196,0.20207749565359268,0.6517641959253861,64.19233651485214,9.576110191103881,78.03501387638725,0.1853262261320236,0.05339438712988419,0.0,0.034262694195819475,0.033435076140831264,0.03239209663527131,0.05917255752639344,0.009262037799820762,0.07921427944983502,0.05572912349722547,0.026882957233471276,0.02404739441327903,0.06486105209009269,0.1307268003650619,0.0,0.0,0.036174494264913974,0.05308016925114616,0.03405902710412326,0.0,0.04762725591688827,0.010079907349553954,0.2872572314971326,0.04600660824427538
4.937201236178662,-0.8845630424453786,1.0098433596737106,43.36983484535688,8.660724043111998,73.13737963697771,0.38892558879298444,0.1147418705547772,0.015905669008160237,0.007809519012776064,0.01266087926363944,0.08251466644254965,0.0,0.012878735822291466,0.14701681317002913,0.0,0.0,0.0,0.06790874066464128,0.12413027936851329,0.0,0.1993088459641386,0.057551766736313986,0.06835998238373096,0.05458561309048537,0.0,0.031521016760305984,0.10976927557598452,0.5058593725092857,0.0
6.6073444840235265,-1.1771898648255168,0.5345744126733837,66.49580169619915,9.24228954181097,34.55909951331147,0.2656295470134636,0.0,0.0,0.021592894149442942,0.07145614039867818,0.10133779497942433,0.15121298352877438,0.011720082144768534,0.08074981702276623,0.1527215496954392,0.08546467246060657,0.008202612890610127,0.055785156661427714,0.0,0.0,0.04771422373641264,0.10864456534539865,0.01407201769205007,0.025651114167872024,0.0,0.04900415307395045,0.0,0.1532980685236186,0.0
9.072261089012596,0.234216231564514,0.5212818379510312,23.350709812104306,8.213965069581306,46.37486383484888,-0.5644666967901527,0.0,0.010227355455131482,0.0,0.017145283441445128,0.01832958822642422,0.0,0.0058145632852322875,0.03642911892530626,0.31241135718360363,0.09882644716003822,0.020022000962583605,0.046863546370108075,0.15241763787384704,0.01148435641052689,0.13449678888197972,0.14377427847948082,0.06891261840280853,0.0776221910134565,0.12877216237549485,0.036691137568445824,0.1070954348995013,0.2974681808385322,0.0
10.600672384961939,0.18538432594142296,0.6009302463196653,37.00700092967523,9.98769701536747,103.08169255247957,-0.005845075832414004,0.0,0.07298249159934697,0.07389722031230907,0.014516052273790093,0.014025062977158886,0.0,0.0,0.06965071085019808,0.08582246946836976,0.17886641955353294,0.006119958060810261,0.0772007800334715,0.22193194952980175,0.04544444155719864,0.3191479895920589,0.056036020458837106,0.12433797199762561,0.007107764988541293,0.05127061505232556,0.03878218241512142,0.08157878724816874,0.10860488097287477,0.06728329682317549
-3.3827773426233643,-0.14086165532382897,0.46876145991606344,29.440275299909644,10.786093917468925,111.45955386847393,-0.23172294744832062,0.100688592975159,0.09078405714968826,0.0,0.02564116380452152,0.11681065908414501,0.1402128051769691,0.0,0.1259593700680379,0.0,0.12531844941603487,0.04590049836071197,0.07005326703284917,0.16067928751267244,0.0,0.1458911007218002,0.0,0.07315754533883573,0.09857904772524995,0.11544345550210082,0.03384129082921319,0.0,0.17505714569075462,0.05606166867319909
7.770350570227869,-1.1647483477889669,0.7304427689748241,29.07782378104404,9.752092613001981,18.904961142995774,0.04100017110659407,0.08470087021247932,0.0,0.0223546279972506,0.0,0.03653151242621134,0.0,0.020598778411335526,0.17422467047557433,0.09903324178434358,0.12723999705718503,0.0016353685989515948,0.0,0.29059090323040965,0.0,0.324720751463047,0.03708618581575758,0.004182326709563453,0.07053826406215438,0.03281072600139504,0.002427149484238649,0.05837450392988476,0.22564676835314962,0.13416828217836863
-3.359928990498264,-0.5925141822684745,0.9382491371995698,55.35963144818463,9.81560238535859,0.0,0.4655785867406,0.0,0.06103642754251824,0.051141723281199244,0.005673441288217569,0.17066708561526897,0.0,0.0,0.008364686295469013,0.12116525512486964,0.00962036006570302,0.00959590917852815,0.0,0.28426013637674097,0.01644234131677068,0.18659916684009437,0.02249089343837171,0.0,0.049622801646070615,0.02732527980742823,0.034037085133522715,0.0,0.3560175657348779,0.0
8.275962854675317,-0.04567541066508363,0.49077827259012385,27.06162624948643,7.535474085935381,30.706547981632575,0.4652530089924665,0.09492309555973708,0.0,0.03503728438075261,0.05455317247286517,0.0,0.0,0.0,0.012793531537770506,0.036589307734411686,0.14506734667919907,0.0,0.03859935488294236,0.25582597470517804,0.0,0.11265084278069476,0.026297452309944163,0.0,0.04248275850646707,0.03281554925867919,0.0,0.028128075214385734,0.15195397864095,0.11820715434910684
14.074962157384302,0.6430855726093817,0.5438825575391694,33.97423359431763,10.116525106384394,91.15212901680793,0.05957486697637193,0.0,0.09152851126433395,0.08421100536560482,0.001708897289601368,0.03754015941621673,0.044405341157361625,0.0,0.06763885208446643,0.04032951507834073,0.053830580741525295,0.004003287563971955,0.02956616329444193,0.07042228093725775,0.018846273037140808,0.24452684893417162,0.06520025820576528,0.05865905727428046,0.025565792931154515,0.0,0.0,0.013327561714231537,0.19789862725862625,0.08696750947320901
2.413656178928782,-0.9992841476586569,0.6697700163923191,35.2102917518609,9.930060474931366,76.81746617709763,-0.17740570632560382,0.057231377703792274,0.08570011588485921,0.07055880255994397,0.0536064524070621,0.10064055275573694,0.21476712363194952,0.0002919133777920836,0.10826936239594251,0.10312051614397058,0.03751150668147776,0.033274860906490664,0.06107491087351908,0.16455461049919767,0.0,0.1508000194523433,0.022144951219156918,0.0,0.0,0.023233533849254424,0.0,0.19705941580748038,0.19191558974944978,0.06674324679641729
4.931585927261917,0.37179500015310085,0.3202812525194495,47.477838303835895,9.055345744110948,48.59980043098406,1.1021631507916405,0.0,0.0,0.07592812702066255,0.026178106030501518,0.10991123890814763,0.16320771931140987,0.055800444483510195,0.05917010318702789,0.16242345863322954,0.0,0.013983189856154035,0.0,0.0,0.019864807934125345,0.4262020050178045,0.14972372000698744,0.023587205927710624,0.07260480213696907,0.0,0.0430623855879933,0.13070074241325416,0.07549063103861514,0.05084638005458899
-0.9120393315742215,-0.1116525036275357,0.5573895137245873,51.06623478120132,11.5,39.56893615178937,0.9859607633252753,0.052001677480184076,0.0,0.07021892185004813,0.029246540485005208,0.06524906244165246,0.17657290297721878,0.022869477397808858,0.10917058369126628,0.20279283241326745,0.034863264602854445,0.04116610274203747,0.0001619141053857201,0.19900959953789255,0.0,0.2350269602166148,0.08193527776109157,0.0,0.021816887740400626,0.0,0.02765571225698494,0.15547814568454987,0.20212097351317698,0.09026411781869864
6.245605483126859,0.1900534976617143,0.2907247445434152,45.55219124486316,9.374037606308752,129.24879656386042,0.19117619681001663,0.15169017963449669,0.0,0.0,0.08294665662822531,0.0,0.15408044840980872,0.0,0.0,0.09412044042094443,0.13339947397906887,0.0,0.06774263087109328,0.0,0.03385515927682534,0.22727570024022753,0.007084833200267704,0.0,0.0681324611081042,0.09063333206777688,0.04203870130606094,0.0,0.4152736019623544,0.05773042518351151
4.2456880503099,-0.4493534285182682,0.4828055183300814,21.18715088769725,7.78623580719096,136.5146828666449,0.03762777294849007,0.0,0.07210462041135238,0.0,0.028428407906383603,0.10765524685903949,0.23381390192798887,0.03402947181891286,0.04872949899410198,0.16457992478775463,0.0,0.039789530995549174,0.05411809484705604,0.26393751651193803,0.0,0.21015536897021714,0.016813179987127985,0.0,0.09507563087043766,0.0,0.045901500969034545,0.0,0.21299641326721278,0.0445638935559289
9.487015011243965,0.1927924472854366,0.6689202949312845,25.03016866657284,10.350764110062538,43.765891195943894,0.6205095267143435,0.08727508796032714,0.11108742225917498,0.05978809123306755,0.03895432907927224,0.07748723385242304,0.17758605263492744,0.028515230600718693,0.11052072735481705,0.031109025674468035,0.027574306766215848,0.0,0.103516546951057,0.0,0.0,0.00395402788794344,0.014349996436607157,0.07049065207343075,0.05900297115496357,0.0,0.059853987568316114,0.0503341794432678,0.006715129521484564,0.1103023470904698
7.677970046171428,-0.18224943380978792,0.8458386650812351,43.53145128493446,9.430225329420258,45.465201721180435,0.1320832577937158,0.1768674685102258,0.14334452704943115,0.02743541844835488,0.04762371015069006,0.0,0.11848211041201259,0.013522098647690248,0.08015517481007127,0.0,0.0,7.019934554231173e-05,0.039748488274038006,0.287866209969039,0.0,0.3020469613363342,0.12072520748533541,0.0,0.045769061376721654,0.11218646237136655,0.003495040874999019,0.20002124610405547,0.4901209035878571,0.13970661508264645
6.252855481949926,0.4116968698697111,0.6386232984221033,26.616997224380675,8.025714243746632,65.65525887798083,0.4218338080351711,0.04526897339106719,0.0024325380650317696,0.0,0.0,0.07082427402048427,0.10648515077258211,0.00238629581920634,0.012611385234852182,0.07715218139136332,0.23966510417224196,0.0,0.09381363497669076,0.0,0.0,0.44051357810163605,0.00667885817437739,0.0,0.14490706013036472,0.0,0.0,0.0,0.3554203112950733,0.0044548177144176845
9.924188665145042,0.5941818154335167,0.44297959368230755,14.519389428043205,7.924542934042061,102.49688092606033,-0.41178639718636145,0.06110618114668101,0.07060521798135277,0.04063881973269115,0.029719687314271607,0.0691513592886808,0.11198552344009358,0.02349676571173253,0.15611745028719712,0.19879277585808736,0.16341709781179162,0.03877914049736083,0.02372098377975699,0.0,0.04702513458865932,0.18187162185219719,0.0,0.001752231334186189,0.0,0.0,0.049956070714671584,0.10768235657737885,0.13123909262803113,0.015184389718208305
7.941179966593539,-0.07038441845077151,0.6775744390765431,23.40335453266889,8.866870057931335,139.2761709860678,0.14636397788003247,0.11218370086440836,0.08993564593796916,0.013117584643589756,0.0,0.0,0.21539282282430863,0.04147184004776888,0.09178323806627445,0.17216528492566918,0.11202206277296373,0.016992694275419128,0.0068273489987771795,0.0,0.0202228436379425,0.0,0.0,0.05435734757837986,0.0,0.04832589281131697,0.030511740402091106,0.18708563435095799,0.2765485477659617,0.06838276682426489
10.502593545271282,-0.6066295161947608,0.6817692160138648,48.11635522729685,11.054761564485105,0.0,-0.5915866615962175,0.0,0.07973846632449402,0.0,0.04967529496958245,0.06747165455128835,0.0,0.0,0.06792155814512876,0.15748216208175386,0.05620479285056391,0.0,0.02299289020841578,0.04932675356698962,0.0,0.2848230572730133,0.07590293702499101,0.04068003963674113,0.0,0.0,0.0,0.16674556321160774,0.32297055574412287,0.11894257902350933
4.007112985589507,-0.8745570639799153,0.22870996579428066,17.950701889766155,8.102410144580979,128.34101972514696,-0.2975062037893602,0.055059372950869524,0.0,0.05334586938823756,0.04039622529801269,0.08970968157649745,0.30581518204431707,0.021331237913371735,0.13072962236021973,0.0,0.0,0.03314687494256481,0.012402996547402404,0.277930959952368,0.0,0.0,0.04451177507690396,0.023254735611490062,0.05836049828637599,0.0,0.0038172506617533495,0.02148449460707061,0.4495760700595598,0.029395824951043766
3.690618344358519,0.12691322453940107,0.8285301357060733,18.843754307876598,7.401627650826395,101.18085848782972,-1.0715738369100924,0.05074302960259139,0.005595293915410929,0.02676046081157785,0.0,0.0,0.20945840914761596,0.0,0.05837361920569986,0.017754933581683327,0.0,0.0,0.011933254249702466,0.3781212017935519,0.0,0.23607499002179114,0.032478704138394286,0.07761635467037879,0.0,0.0,0.03456067586772304,0.0017771078134013185,0.41865253421919923,0.002012367888167388
-3.7834092813842437,-0.2684953256385566,0.7057869248904356,37.06030287492406,10.162126289216987,127.53335604478261,0.6269938245497408,0.14292515112980847,0.14260899414792058,0.02228524164961607,0.008268911983123383,0.06570640514183157,0.26494262197810214,0.0034849929290572974,0.048898575905339206,0.0,0.17009668037245831,0.031070228591814714,0.07192446528193537,0.18389800951961965,0.02895066526195639,0.2444340631784861,0.018673850149899446,0.031864762670219746,0.0007427586489808582,0.0625332814014535,0.0,0.0,0.44895286836255804,0.06624303497871492
6.347075135548512,-0.432572966496624,0.420465192954808,56.74291027529335,8.219538431285963,120.42627057438384,0.04677986749812438,0.09477233278490774,0.0,0.006403689906844999,0.021396468229731132,0.053476631116454426,0.0796697352653867,0.07328021482340079,0.004875730624644643,0.0,0.12629079631006512,0.035043934148584865,0.0,0.06987384866098945,0.008850199257622354,0.2644253513598194,0.03345278975293184,0.019622490369956464,0.03045938385518593,0.035751444798140686,0.040198541484213375,0.21501321865495582,0.3172536182836341,0.022440843648838936
-3.3083397301826887,-0.7606658330139948,0.5198231551937227,31.430525216226506,9.054905811760305,76.76094846396222,0.5054758865536128,0.0797536576311803,0.0,0.053884143912975,0.06777169633354108,0.035926465658576864,0.0,0.041111174656687066,0.0,0.21794908270819946,0.18450945627725576,0.018368228483214573,0.04260471571508069,0.43690897460819683,0.05531656874841244,0.15813981042124808,0.0,0.07875590589226335,0.03336488742906004,0.0,0.0,0.02745269474150002,0.340922131552324,0.10680853800377338
9.008587442967077,-0.5515632082519785,0.7245186815831779,61.52959835228326,7.998525428161283,78.61448864545122,0.6249343477225231,0.19360649663738239,0.08623357023353206,0.06661731810666467,0.03921673551803313,0.0708279887385565,0.0,0.02317103892346112,0.15559834991477084,0.1021168192297109,0.012906920574069211,0.017456857469255797,0.05612345179881455,0.0,0.02806163519458689,0.10780397625708846,0.03965105289705879,0.07183910685145958,0.055085089171656304,0.0,0.0,0.14200390596758697,0.5024611662055886,0.11217867214558266
7.647955488857317,0.4268710384239841,0.7424398978379718,19.202638361004492,6.615337724852415,17.341374391225813,-0.07207368939902042,0.061635523373685386,0.0,0.042669472122473046,0.0509207727585832,0.02239281405034992,0.17866490003754482,0.006750491493996114,0.08184741191458543,0.014136319575955597,0.01930226499562744,0.0,0.04121164453765597,0.05077666745438584,0.0,0.0,0.07125159536685922,0.08302786339970522,0.02566085948675118,0.04216153493168909,0.0011741238842572777,0.0409085573373507,0.1824987017043973,0.04070151599840602
5.920759194441237,-0.5360960175319676,0.6800543626576022,68.21222970759794,10.225278725812807,93.91856795113542,0.48463020947743396,0.04125408972885282,0.10153572319588422,0.05369005547136642,0.012118440213159984,0.06417072004898393,0.06229441180762429,0.0,0.10364959206724253,0.036317547567281866,0.05112587492137164,0.0007713476322353512,0.013979468694443465,0.07656979342628362,0.0,0.48202644571673026,0.0,0.021995622388602403,0.07554653136762679,0.0,0.0,0.0,0.351415955470301,0.0
4.013832984477956,-0.07142727563016396,0.4461543236686313,46.40354290546622,7.893232811457674,51.132005151508466,0.7534678773239972,0.12741656329635237,0.02271938377707247,0.0,0.03201007555511993,0.0,0.09185541938450192,0.019075040917532697,0.0038488676214606388,0.0888516290974109,0.0,0.03832721569182185,0.021870730505217095,0.04501223359619981,0.024969791298420124,0.0005806238742578074,0.03322699482830533,0.045841111801567844,0.10978125431657981,0.0511618518303189,0.03894884355490513,0.029265927505410287,0.48828476041917723,0.05810407021992811
5.119319134425891,0.6359990802038062,0.6022239497911395,21.724137959056176,8.106084932574516,67.38138663506939,0.30132508081220627,0.09075091502000093,0.05012777976008681,0.07471718196036431,0.03851610589014402,0.05444959714043059,0.18812192295880403,0.0,0.06751298533933188,0.04053093108763403,0.0,0.012386765960347042,0.0,0.24823300993674513,0.02979596553006743,0.0,0.10831504382697629,0.10833542957958538,0.0,0.057060858249403504,0.03443895018776358,0.2086289362531174,0.27273792593550467,0.11386058372017677
1.5803930969496007,-0.08489580062315155,0.7491096538002796,64.66276873896605,11.5,51.74480452390751,0.26192858492791354,0.0978621202702971,0.0,0.0,0.06756766257492836,0.10872039131356176,0.13565882496117382,0.0,0.0,0.24079676545533257,0.1724776460614294,0.025816480954514467,0.0869255066185208,0.26816876654928495,0.06560491508378638,0.2211899881561069,0.08037764501117393,0.005593969362863736,0.014488196932919653,0.1182592023517729,0.0,0.05588890324322865,0.6372553139472257,0.005586968844160968
6.152901337879497,0.041392703174068235,0.2600450523295033,27.055199479661944,8.554021206335502,47.90536680506511,0.08203550435421486,0.1073455757511853,0.045735397284809666,0.004213474721916494,0.0,0.010079138353203624,0.0,0.0,0.09182078222807788,0.20772917050109624,0.019880146512688796,0.002317601406019833,0.0,0.0008369246582466822,0.0,0.15160522601581047,0.0,0.05304667241545278,0.13307943654041005,0.06300073585070291,0.0033720530484932544,0.16913156834130025,0.40369759758246115,0.1018001665311282
-4.352896738452924,-0.1654994333647818,0.7369012001990454,26.70621611735755,8.707972350434254,70.65600707885103,-0.2946993331534037,0.12843164139758823,0.0,0.0,0.0,0.12239030590160319,0.18261789943554596,0.01752235519134447,0.0908929259707794,0.06920708468692591,0.10794552983912863,0.0,0.03181282173279838,0.0,0.06803276844957144,0.0,0.024221143184251098,0.0,0.005792580255495679,0.10334534660480534,0.0,0.17982162738664154,0.14646664867308756,0.042356679934789754
2.2398860248612573,-0.42363666887770746,0.5451345240979933,23.170056210827095,10.11728517824638,87.11372143186864,0.27820151114903996,0.0,0.06208347076659373,0.0,0.06708317305159475,0.012857774866927664,0.026668664793933185,0.0,0.06350356354254758,0.19754240549377833,0.012265997069748985,0.001775300396140586,0.06459388053684098,0.24100039587692967,0.0,0.30177636687473475,0.029499658836879737,0.0,0.013739666726964535,0.006965040672278183,0.014435416315862506,0.0,0.45940602669378616,0.02168555861143826
1.6220200580105057,-0.9504188250204081,0.6886531296150755,42.42693358554008,8.579991268143345,71.45755342094041,0.5387188192312522,0.16470717534728155,0.0,0.04582098803546831,0.05272937316796996,0.002014653394922669,0.25959498354195565,0.005090442541535935,0.04707561441018089,0.05871689012557132,0.054985701684335114,0.0,0.08551674747279885,0.08735210945441428,0.0,0.20672395223879036,0.04667257228952094,0.0,0.06695743556104551,0.06307220776729382,0.0,0.0,0.4655363301796943,0.0
10.009853421222324,-0.5326772593622029,0.556141689016838,49.28169747758066,8.348605265813395,78.86963997856262,0.4372640684318847,0.07838062633415924,0.11981637045424545,0.0,0.04499477004645608,0.10651596371367406,0.09885043533928413,0.011918315444786469,0.11428502386095676,0.26524938833845135,0.1149263997701461,0.004366335015538236,0.024516061734766545,0.0,0.0,0.3860950725745168,0.06583613146248399,0.07388071873126152,0.0,0.0,0.042943691910471,0.11328505973290007,0.008520606525420416,0.04455924718928711
1.2448147432999757,-0.04275846581188489,0.548750729238045,44.48226470833286,9.524413063117905,58.34911869980358,1.0182251784185348,0.010108531661796746,0.011017216374622104,0.10159214366988795,0.051252063867210755,0.05620460852237605,0.057946329304274034,0.03390796141915159,0.09565821788006204,0.0,0.06699701169715237,0.006785733616273361,0.06596694735989542,0.03757919804495974,0.04838846936235146,0.5899145440754262,0.008697499314276724,0.08773877083006344,0.09143127856998229,0.023578694219564985,0.019126269642231547,0.18888500481743448,0.20920160832286025,0.11257093756336806
8.807646584643253,-0.15723077372543784,0.27425870664286345,25.349499379396775,7.412421805490384,31.864885241389473,-0.6863278159185902,0.16467410120166445,0.09053112725941623,0.08766549684153128,0.016603776657997425,0.0,0.10738457493122286,0.015056980485301151,0.07944734442926392,0.0728769610135609,0.17998318639919741,0.03227745772273598,0.0017475476001297258,0.15390884010128142,0.07021887145685204,0.1928835028113038,0.016886121164096875,0.0056854030991093235,0.1423742200580482,0.03793095830232847,0.030905709152407312,0.011971221885058336,0.28166396001168315,0.09659591085390859
8.083836454881574,-0.4144685775414599,0.8772199402072864,41.368574013092925,11.218168708405319,82.95362349335332,0.25600466870652533,0.04820486773611417,0.0,0.01104564261008333,0.03757610687313884,0.03181584385214305,0.0009598303902218497,0.034709149218689436,0.04355998873891059,0.18160644421442068,0.06503208630248163,0.0045176849411442364,0.04400744550398547,0.1893720593414148,0.00629757511574457,0.12428749177231405,0.0561959400434141,0.06022074654138615,0.13544088833032253,0.0,0.043196314835721145,0.17896767980514283,0.04207179868577268,0.10921352676713802
3.9858111632466917,-0.2056830894640009,0.36162936055680583,25.519157667174852,10.216532730422601,82.45323764450112,0.7368753052905386,0.011389138098697939,0.033053227021892985,0.0,0.0,0.06626513116019116,0.18949614601874898,0.003887012504021665,0.025585152378834304,0.27872213093197984,0.1068171613812018,0.014763219615868203,0.053255379833687305,0.17416775677763308,0.05306788443061124,0.0416326349197272,0.05038048988440216,0.05007371536696827,0.08555118936645312,0.0,0.027973215413279816,0.1537439523476401,0.28660910337216183,0.07150488816754938
7.8739451144420105,0.2490723818752023,0.6629346196249934,16.104866215176646,10.349177080085909,115.22852139042223,-0.02484118475640998,0.06938896786253293,0.058256622440408835,0.0,0.011125522587434189,0.14584646684570016,0.08132129147626384,0.0,0.009956476514026695,0.10688096159860781,0.0,0.03355312896971335,0.0023125581060349856,0.1761288315517504,0.012904880685110198,0.07298434524062257,0.0894265380793453,0.11593667675751133,0.0,0.04529725999861874,0.017492994288577545,0.04407195010836555,0.3529289441613572,0.12276305656259867
4.870108136491415,-1.030595835684938,0.747590741052221,14.035601807626545,10.048862318434576,73.45063168872541,0.05813619552891658,0.030459429121932436,0.041597685064671513,0.050771409219285815,0.0,0.07373730089153127,0.13454857074813292,0.0151348663747906,0.11368562983448768,0.0,0.1404520571970245,0.013505515716394065,0.02987815768239725,0.012578897783943374,0.022061704187008556,0.35458738681182794,0.07944233347009122,0.08058636571348846,0.024175949393440147,0.10800405924424189,0.0,0.06464994484224107,0.23590862900587894,0.07324658158975703
2.3469079877124486,-0.157575093191124,0.5339816309995269,64.03316307129346,9.502708304557443,91.01325931521991,-0.22247322381398488,0.013434623189239867,0.0,0.0,0.007711951960323793,0.11531583173407225,0.0,0.02199018002550335,0.09948161897457662,0.21839081523014986,0.0,0.056124249002316606,0.05424696873627988,0.18586033928648787,0.0,0.0897356388593115,0.045103617896088334,0.029397171493274303,0.06744757749813872,0.13700712808120952,0.06228878210711404,0.04743838502404549,0.37620563879742636,0.0
10.75845110185015,-0.6059636337648217,0.5265486241639391,22.140678540800646,9.502630143610702,86.6289577091356,0.3777459023338182,0.07380747375936697,0.04756410365067765,0.1272073380738147,0.0,0.08324892483254452,0.029361154103936804,0.041329641989585816,0.08742318861253057,0.0,0.04937992779232748,0.01760273082084395,0.047408498339035876,0.2937420049395751,0.0,0.14443685758631422,0.0,0.0,0.1391008808373565,0.0,0.055127068115081855,0.0,0.38505203840010443,0.0
5.0786541620461065,-0.6144070624173892,0.6641912879191207,44.20985982628104,9.424535417496399,31.124611399771233,0.20164831848815357,0.08099570822371868,0.15992253463776868,0.0,0.010153964773753025,0.06681928737570017,0.11464258491484945,0.032265960435244004,0.0,0.0,0.15261869425019875,0.04514797676321476,0.029678284711006732,0.1629185666522333,0.032653385836333385,0.242758728671924,0.06486196276967854,0.002329923351878066,0.0,0.0,0.0430296423583119,0.17929850941683945,0.2450959024583861,0.0
4.902830440660235,-0.1944427443353706,0.4231026902576842,43.49420503657073,10.24699963823155,78.61635718587894,0.9839677713279915,0.03942605912387782,0.12853921542162988,0.0,0.04237190684817882,0.0,0.0,0.03348211276594541,0.06953731648991665,0.02398670793302038,0.08638157199571202,0.0,0.04064928740812916,0.11635757477535871,0.03532709023112287,0.1511076209478172,0.008443821612167172,0.1398422734898445,0.1245437277381577,0.04135554324291023,0.031003317400997286,0.0,0.1616673406809964,0.023731969228410303
10.140185901486916,0.20547769880032768,0.4817477502787949,38.02589790809795,10.362259462597978,66.97696373133,0.4661567055268726,0.0267452781530874,0.08707675764213271,0.03217372433763979,0.02842149647142332,0.0,0.0,0.00853039351367112,0.01692441097446723,0.14541717796104844,0.2343783758830113,0.0058620570485795175,0.05350931857032303,0.12653035943144517,0.04423345233058769,0.32217261680122655,0.10887813187576169,0.023892219643941698,0.0,0.06628333263032406,0.0,0.137076676979623,0.09734316046131794,0.007153227094444353
5.018842757184947,0.8629775016935821,0.44414315440671864,62.631683286717035,11.171060805939604,162.83801925782302,0.49477456464078656,0.07487234773973105,0.041212435697297885,0.000403609078706714,0.021277930775903092,0.03853489805419768,0.05202840177342637,0.008452964109058235,0.12471899705050085,0.07077854652138796,0.012503927887428976,0.011514426726973687,0.06425807703728707,0.0018172711029736666,0.0065993402068433,0.208211242564251,0.02455974047599893,0.02098640101759563,0.004010388661513223,0.008544652247879932,0.0,0.1257655138632119,0.000921424249170022,0.0
2.6687489259582162,0.11864286779434147,0.8732141402556495,41.41717868523387,9.982229585396913,122.48891452076921,-0.09523954589348349,0.173808893823045,0.014594422889027757,0.007704246416904686,0.042311254455850364,0.05040501811100778,0.14510586263351216,0.024308630860244828,0.13587673341289028,0.195729920076503,0.15313797401809162,0.012160521506295922,0.023983899471405855,0.15804331358615728,0.0,0.3119537615376677,0.04135682872265638,0.08700286264334889,0.05838715323008459,0.0,0.021369622610639554,0.13066850305003733,0.23123342254088036,0.0
7.315125786724922,-0.3214189598355999,0.38598670119014855,30.76678276554962,8.063300541825733,36.10585374146449,0.5889919370346874,0.10133660091252272,0.08577992234417196,0.0,0.0,0.08162006111438933,0.1634441133536112,0.0,0.01086048025770718,0.14328508208079618,0.027051894366743955,0.0053267041892505265,0.02254666173373611,0.0,0.015092190626124213,0.215883557273967,0.003328999017170875,0.0625862915697461,0.0,0.0,0.06126104598807473,0.0,0.06333135212045213,0.0
3.3010359897639616,-0.5441577740488996,0.43043867134904096,13.291220143857,10.98783012935063,144.843627644702,0.9513455705206135,0.0035296605932767233,0.0,0.019661635383568736,0.0,0.0,0.11388909798920208,0.005365257311827104,0.04819834381697968,0.1562687735356566,0.09614930063207287,0.0,0.07302992608810592,0.20978326755593996,0.0,0.269324797653707,0.05873704687110712,0.07951950408920272,0.016237274028572835,0.06451323279605851,0.03084672276972473,0.21121200298937387,0.29760353720972565,0.0020286589921519466
8.526903386192515,-0.6306807527449172,1.0984704867375235,53.91984922497332,8.87985575965312,54.790401653083094,-0.45928643435193583,0.08932612714937715,0.017752537780466756,0.0032823999837661606,0.009137523036320865,0.08335291654973014,0.0406238197632811,0.0,0.15450508561890647,0.0588456309914473,0.24636592203516977,0.004168890467120797,0.03288268043229863,0.35736531614943673,0.0,0.002447676492713935,0.12710923803762378,0.11112516932869078,0.015720583976724718,0.04560677219614108,0.011210636649184102,0.16361230329861354,0.3635458664004901,0.0007045330420578783
8.80442954691031,0.1925841632418791,0.6575023250343258,35.4192337785501,8.233494117270784,127.76742695546778,-0.026998011329872618,0.0,0.0,0.010843886703537396,0.04924530226635856,0.03206971977421949,0.21447105288066484,0.003554297086474976,0.05041431505573313,0.04077100519240872,0.049984270790082316,0.0,0.08516230223587376,0.05909682522190825,0.0,0.222587042183909,0.0,0.04725687924026446,0.07536814908328562,0.0,0.020815167562785057,0.1219423449887142,0.17595780606524294,0.045207240371440596
7.363425371195267,0.04488297294848731,0.5078427095577779,47.70304307053026,7.91621979056637,119.91315926686664,0.39282015475183174,0.0,0.0,0.0,0.009718614773907727,0.014744696376163515,0.0,0.00021059859443439861,0.00829028263083198,0.13224710209986706,0.0,0.0,0.0,0.04305899167633616,0.0,0.0,0.1455729542180459,0.026876930249536884,0.06705861351960715,0.04357985181404625,0.006715899941258931,0.10877038615204696,0.38832140381367986,0.059733617370828745
2.0047511954964965,-0.477231170141621,0.8485368239493031,49.331754519748955,8.903429432085307,111.2139909762655,0.31666993731639964,0.11361852512990908,0.0,0.007207305812042668,0.02146185788894635,0.039699505474059656,0.0,0.0,0.07877907513405104,0.0,0.011196851520712425,0.05962374837123571,0.06860368190243393,0.1959908947287462,0.02232696699310833,0.14066607043672685,0.10715556423485524,0.06198950143931055,0.015089389464255074,0.036229537981672846,0.02174089356258596,0.08560233969730872,0.4098031104031612,0.008913346662931632
10.409815464861037,-0.11770311289484575,0.9902453134485154,35.33801353912759,7.14224972022912,91.5227090777042,0.2685725204786402,0.10762475450718101,0.09841726487128455,0.0,0.006642971342797177,0.0,0.2814484547833093,0.015732311322417477,0.01619615201091449,0.12395526268493162,0.02219851331689511,0.0,0.003794778558160173,0.24716452182088872,0.0,0.13989262916403625,0.02903519638271239,0.08739660519052843,0.04057391192571402,0.0,0.0,0.1091796579547009,0.45728114409926757,0.07359706252020869
2.597891848983998,-0.6751422250670571,0.5835387721880119,53.4401776787772,9.848676490659242,116.88828075520279,0.0878991645710765,0.0,0.007508932928919354,0.04507984753852168,0.07447152070214325,0.00741608079762035,0.2461506287066966,0.04036355593070115,0.03270384894589144,0.3635869562691588,0.07453358522724357,0.030756986938106416,0.006844970785596406,0.10296605364398549,0.08607787366292059,0.0,0.1214477380575665,0.010593467662562275,0.13348026749270514,0.0,0.03454826033254274,0.2690094131955704,0.5410766060652874,0.08671909850875974
8.586132470426342,0.1722809964592799,0.4230149578144383,46.71375969919888,9.688698428852058,90.92555297933728,-0.03838264540885922,0.0,0.029986790805493588,0.0688902723077157,0.02380671824738043,0.014553536279444595,0.10742771104597239,0.021973824132676772,0.12061982643998007,0.0,0.0,0.03154603359396778,0.039411046271812994,0.2788621928369261,0.005059332105990938,0.04910225222797683,0.06210199212493244,0.029875759663706893,0.09488708719618905,0.06629509335767399,0.0,0.1700701126263367,0.3369299127597346,0.0015641818186061945
1.3431092686940627,0.06909660954814073,0.6403715508326128,32.26382113766613,7.532324947346762,46.0994788968912,0.6621306043704104,0.0,0.006821566351454426,0.0,0.023013615362859598,0.0,0.044991337420129084,0.0,0.049798185563428576,0.29096919041935765,0.15723023938834801,0.0,0.07061450728296541,0.05548555886788042,0.010196953090781967,0.1720741887369323,0.06416086812130334,0.006739609817173458,0.05454657754099526,0.0,0.0,0.0,0.06120475652991439,0.09569138327640939
3.3682827522769347,-0.34639791337414144,0.3130376855795763,36.65286555023844,8.00926314190972,62.877565417920565,0.4289231298864826,0.06207076463854882,0.009859176310807762,0.0,0.031318850282976915,0.014703359745789145,0.09043215617288977,0.0,0.05704642794275891,0.0,0.07456141422813022,0.0,0.06550545617531289,0.0,0.025620546101709794,0.2523999811001402,0.12444158848947301,0.039072077788154067,0.06817362324772494,0.012199306796985767,0.002698954965816111,0.05907575806675182,0.5424443861935773,0.0
0.9328012304615809,-0.0748925606028771,0.920515826797261,62.75881693159229,10.60033678955074,72.92374036423756,0.18693234998708855,0.043154578308201755,0.03346379648684918,0.0,0.017131094891240747,0.0,0.04008096018155464,0.031702164727018305,0.01612847840973891,0.21384728251859197,0.020810688128418492,0.0,0.0,0.04700801775351639,0.027207251052068514,0.13115865964842455,0.03752570560710424,0.012747813709333297,0.1037151309028845,0.0,0.03388436191324218,0.053105133864560825,0.09675896075654311,0.0
5.5074687196710865,0.2649025643809447,0.5493927057714556,50.85168351701496,8.777356530953162,56.080525805437226,0.22962830771581033,0.020868526028284734,0.10353453897331488,0.03928394162101151,0.04747519057610529,0.0,0.1414884087980151,0.0,0.028464571677789118,0.11625321110302429,0.04054884040067516,0.01541408195353765,0.0,0.21461358248443008,0.01877531534735872,0.10169636094198047,0.0,0.07330712973015133,0.029677559351999134,0.0,0.0,0.1438179227208859,0.527152492534094,0.05305236263360192
4.223110902598751,-0.07246612750702572,0.35130661975627886,16.36283555801911,9.511058408590506,160.0794734892459,0.5653321898102841,0.10953805989450115,0.0,0.0,0.0034145909101616235,0.032110334177912585,0.14735396263088554,0.0,0.12716383714400997,0.00820848866596452,0.07307269826662421,0.03401460324415016,0.0012448201335156124,0.1614890403956355,0.0701559495696223,0.31314705939675264,0.04686997909321143,0.029704556793177447,0.17223684303407677,0.04838908372542555,0.01904173479955884,0.0,0.3685238683008045,0.03233547332803844
8.864117166359808,-0.13915196736652852,0.5682303332038314,44.89722453214724,9.512190438360177,76.21524085731669,0.16945971490379325,0.052665131812070935,0.0,0.02701900626631671,0.05284354927458525,0.03151134933473359,0.16144416021351074,0.008799798645753778,0.060355747171678985,0.017717815643543744,0.03988343077956871,0.004352065734961665,0.06274396467063773,0.030443650166089617,0.010556762441093576,0.43417582067031,0.1258329442072731,0.015759235340031763,0.10068627164913056,0.0,0.050583512646359026,0.07248954696991186,0.19396968539704873,0.0
1.6748980891927112,-0.9812855276825951,0.671767088111852,38.60334942224509,10.826697148384511,98.56252238657305,0.6546373986452011,0.06975570810929947,0.049483086220171175,0.029540131869230192,0.03483830530815611,0.07122414799905735,0.19398172880842127,0.024613417250881515,0.11827863506695707,0.04931080038778459,0.004252047930795297,0.0,0.03727750275718714,0.032077370223088084,0.021446702832288105,0.16477045991888076,0.04774770392367897,0.0,0.11125778551247839,0.0,0.02761730475652191,0.09008599494386399,0.34470284990509426,0.030589174700745722
7.890073475290425,0.21047716945063405,0.4136915803191098,50.785306555328,11.017744555437888,128.4218338695719,0.46412866742035924,0.0,0.0,0.0,0.0,0.14600082603685835,0.1242356401187075,0.0,0.020214037286661712,0.14699024688113682,0.07226378142395679,0.003655713019572966,0.032180661526932164,0.02879005970950832,0.050214077299061105,0.0,0.07144065952981443,0.056487606076419505,0.1277495185567756,0.13553951554357863,0.0,0.15848198393402912,0.3025791399948479,0.0
12.056749553495152,0.01125560775010126,0.7191346715924446,39.97591431372834,10.202313708157645,71.36824822411737,-0.36559455763302706,0.08058213617550941,0.014465227144265454,0.09153275282721339,0.03980574036210388,0.038073052204600895,0.12983076992090703,0.0,0.08498921773419135,0.09775746348319843,0.08552774738901794,0.0153670468560878,0.045991315649469455,0.14082771857704407,0.012294549711555513,0.30659518353133086,0.09630684447008644,0.03957769144875637,0.0,0.061626963549506586,0.0,0.040490982451044454,0.18716930014702737,0.0
9.502080758182089,-0.42742054176085553,0.37929608651072977,42.65177139352544,9.036085128089747,0.0,0.3416643446024405,0.0,0.06074250918379635,0.0,0.015595785598827818,0.0,0.0,0.0,0.034272597538748575,0.19306112074633042,0.0,0.0,0.029515588112110774,0.037358648422422355,0.05797174549085872,0.14719587756102956,0.01577652903408679,0.0,0.09783179561623512,0.0,0.0,0.16258489398833426,0.294461037335026,0.036250266040619976
2.0694079757749377,-1.236989412956652,0.6753578468876343,40.05654834752786,7.6629003658345,16.89413589649436,0.03618214797855421,0.08190757046301131,0.0,0.0,0.02318861054593473,0.016588471216383828,0.0,0.0,0.12292254539116143,0.08494364119261295,0.08597825111610816,0.0,0.049578090111982484,0.05784923213494241,0.0030037079673906585,0.15605177178443225,0.016581742606848988,0.07460143089758708,0.0,0.0,0.014938568502276985,0.16810204530402484,0.14245553583676435,0.0
7.403306860956114,-0.5242709494331432,0.5052127024864539,36.79395384977103,10.82923949926624,43.63611083279133,-0.45974079715606,0.17625644585788683,0.01672972266032073,0.030385787618471907,0.014029021921331954,0.053716523119464024,0.2065485045505066,0.0,0.14817355390238363,0.030124727176933763,0.14318227317664275,0.0004533006674734136,0.0,0.27444528048992856,0.05219736739210994,0.08289587482756285,0.02779007755538375,0.0,0.1297107736527377,0.0,0.004835586671823815,0.20105821420533831,0.12817397607942735,0.010367635839836277
2.743918065483182,-0.08706415206897808,0.6412141821969746,26.448805093366268,9.003372410881722,122.04457210269749,-0.012676685853036912,0.04748468916980121,0.064983623327063,0.0,0.04410725319399092,0.11988744664721926,0.07455672821865993,0.0,0.024739659897183325,0.2680466866878107,0.07041410636778601,0.0,0.0,0.17940295323550579,0.0,0.12436720701218743,0.07496906315744989,0.03990446075829344,0.08375041541939485,0.05089604166674069,0.005760052408707604,0.24555023716621,0.3488996719541143,0.07640852336091197
-0.73539505088476,-0.12506128928036492,0.8240466788618697,30.875048230332332,10.046900188074849,0.0,0.6053860459596059,0.0,0.06884827062707563,0.05870967311635304,0.03498179670531118,0.13317021209341967,0.11781873094990644,0.0,0.0503574102695703,0.11245487291919665,0.06236227341679787,0.023137825572921898,0.047947765488486595,0.2999200125804177,0.0,0.34306604687131836,0.04173509560562801,0.002154279368231579,0.0,0.0,0.019567459469341058,0.05013479590027487,0.2983437176617717,0.04219269555215968
3.683687075731722,-0.14906301620606288,0.26564015382959283,38.657898171355576,9.795624353592466,112.85447339740512,-0.1680762463606848,0.0,0.0,0.05043759505149854,0.04022790735566459,0.0224088806567709,0.0,0.011295246641430785,0.0,0.1751011248403598,0.06815049354258539,0.0,0.0,0.06541701549825905,0.012328695133808312,0.3853803491105964,0.0,0.0,0.05146677916793034,0.034990571811208536,0.036131015741063574,0.201442113802768,0.3286828595374173,0.0
0.6517923408847901,0.06371953282632548,0.14097881407642382,31.614361509437458,9.106138963409704,90.7979463309426,-0.921890503702089,0.1337506078801249,0.04967386741281833,0.0,0.0,0.046249318978624436,0.04466016395422991,0.0,0.09279898656451449,0.12085144680358212,0.21202264581102365,0.0,0.033639529885494526,0.053741455258795014,0.05911536973940372,0.012261836734665466,0.0641919003084553,0.09945140268683324,0.009464188202046503,0.04482033257134878,0.06633921156449933,0.0700760098875428,0.17760241645148644,0.0
7.4925798979508365,-0.1394962975980798,0.8768722032114153,34.6515244532695,8.07645966160052,87.60974739712927,0.17276920469317894,0.16304456257405248,0.04211795215368984,0.06705871746888764,0.03942187386232998,0.09331098303838996,0.16819851229426325,0.0,0.022499861363763744,0.03605486222597043,0.08049088783457695,0.04351170652352772,0.03455446780575818,0.0,0.0015805518407717295,0.22479258783741715,0.0,0.0709883605159849,0.09348257155660124,0.11974172924202806,0.026086351525695647,0.1293081264608712,0.05355844187731132,0.0
2.4964276594842865,0.5933244286294805,0.5183816520434907,23.18356990756612,10.242481758518302,35.26417377376208,0.24122141961422472,0.0,0.09671697138097707,0.0,0.03479810173334946,0.0,0.06786264835100254,0.0,0.03245150837003469,0.271498727599543,0.10986760652893796,0.02226433435972449,0.0,0.14348788674474725,0.03899927254920436,0.26886929723636527,0.0,0.009665804253085743,0.09332515006227436,0.0586946690022125,0.03520700932292778,0.0,0.1713913479322972,0.08394804601751016
-0.08801812706116419,-0.6089330923182034,0.6243787612692052,55.17147128484335,10.522188352090698,108.49380759014326,0.3456111512263365,0.06086338472700325,0.0,0.0982372601741584,0.09431022555766622,0.024583360526523754,0.13863208757852485,0.028909694574504777,0.04456990639463858,0.08483970966453873,0.0,0.0,0.03969258196246811,0.0,0.0020058002555314453,0.0,0.07514742395571278,0.01092718282967823,0.06928710217233466,0.04211749932155587,0.01241131707697505,0.05027019134166119,0.14776545524553752,0.07692079089626047
-2.3254931769143585,-0.5239435058646935,0.614602020712861,43.44170246872792,6.839000997082527,45.58091768826971,0.655584417615133,0.10523365380059618,0.10817933049725778,0.0,0.0,0.06636959389921818,0.033943468853386165,0.030813905201669184,0.09017044356767964,0.2977426244554201,0.15419043406016025,0.01497968238285103,0.042350369306649205,0.20404217123684726,0.014141273638873493,0.05466142820219838,0.025968944932815485,0.08643974802665914,0.04710201689430872,0.07618286318336101,0.003165296113477699,0.11485548200123441,0.3880274084516966,0.11411980851688583
1.6760645761049466,-0.18477638390215725,0.6893056163330521,71.96787118077376,10.279472827101246,48.73983194165253,0.2487294968510005,0.05834139057771764,0.10933666129852154,0.0,0.04786869596079851,0.0,0.0714799078011686,0.010194965221380792,0.0,0.0,0.01653685470631988,0.0,0.09554422878766047,0.0,0.0,0.04263825611787658,0.05723033288752269,0.0,0.0,0.014040366466545951,0.0,0.0,0.18195319062883697,0.12153479070449721
2.6872986546624205,0.03300084657681479,0.40109628751993687,31.47160532036191,9.160223945841931,138.41097481782728,0.9309981694002507,0.07494424034982339,0.0,0.061324559339329246,0.0,0.10983494189630902,0.3087846208452645,0.0,0.11380261612154252,0.0,0.004144783703837057,0.0,0.05549971554300409,0.02233475474861113,0.08424769729088699,0.549118020599478,0.07591205031019141,0.0,0.014971693333519387,0.049969804260541796,0.025211918140053288,0.19802649906383227,0.4174018849644273,0.022382819955422326
-2.9563622665376217,-1.1564219579283992,0.7152813882726252,46.58489175818215,10.15770428041172,130.43674283063154,0.25440636722629634,0.038283960292909244,0.09571166782807819,0.008678158123593106,0.0,0.05841702969738758,0.17744868354418175,0.027956611688717926,0.07629957798172887,0.13201580098041216,0.13052021227277613,0.057459409053990135,0.010707503183220647,0.003674205226504218,0.008498607368854784,0.0,0.10370264274362415,0.04344819413461941,0.12176064759256588,0.017400715850959567,0.02085446820616394,0.10424700797021438,0.24510894951215606,0.028062363002940446
0.03705774801645223,-0.30741793930227446,0.4352351305215103,49.76566905105034,9.942097917003569,45.972311574487804,0.4088275410344627,0.015043009856770338,0.046318656043332906,0.019887138605919775,0.0,0.09480833117538862,0.10093694750018153,0.0,0.0,0.0,0.15934257697647056,0.014477154399009507,0.004175773429922473,0.2561891338420077,0.03520787565877645,0.002533335551413385,0.08457077733860806,0.07231312553468985,0.06809843194420083,0.04668290608317954,0.026691684093156098,0.24478620732974504,0.24190038001316022,0.06477176417084274
-0.5810700656303176,-0.7060340019593904,0.25288367143187235,52.860254364231714,9.19651716926178,75.90928476755822,0.18033675884701791,0.0,0.0,0.01050306637446791,0.009756699322250836,0.05235256922938733,0.05714258057999913,0.006575838068611159,0.0,0.33425346171071435,0.21073455579239386,0.02140819254803203,0.03588209541155171,0.0,0.0,0.17139952475336778,0.09577759307900541,0.004898544959031706,0.0,0.033624301962940376,0.0,0.12785968516455956,0.4721478081206386,0.0950923446845451
8.525768067537928,-0.9079085762322987,0.7290393061978369,60.014670422690926,7.153395253659847,84.6686045647723,0.7950429756439173,0.06281363528496785,0.09616501159105814,0.0,0.02478069029681803,0.0903108138302966,0.07389995917978565,0.05765460657980885,0.10306056508461708,0.01844755560084453,0.17754729342577474,0.006988363806369442,0.04741415458798247,0.282858163513288,0.020283502270788005,0.4265394006004489,0.0073744592896182876,0.06521451805962279,0.08784931136031135,0.0,0.0424816443319504,0.018531327647629908,0.25292577052060605,0.058408306157857554
6.276997515906985,0.12896010621794646,0.793871034181763,5.293498419758841,8.236777649414833,107.34230667049827,-0.08798724014670689,0.0,0.001383249935429362,0.05151383810881515,0.022604992557096398,0.04554286937240641,0.12132270792596983,0.059088176456048525,0.05914845142692096,0.00914543742008829,0.007584493140514417,0.001981549004808285,0.03593338706920306,0.09473742848037195,0.039839926915014846,0.06067555526348281,0.0,0.0,0.06567997387093989,0.03086748465799631,0.0214004809618469,0.1608982525891614,0.02995719324385271,0.04724322277028152
14.733142760627835,-0.724652128263671,0.4691057456414621,53.66906756324289,10.032292359422637,33.53477506965967,0.16441687078077907,0.06379464994324933,0.07201839917110234,0.07114604088020193,0.0,0.10434572575102802,0.052710962919041156,0.02701289356083554,0.05870691180946259,0.0,0.13269328500521163,0.0,0.0,0.10521860374949904,0.0,0.20774924467241906,0.104448138481201,0.019736970318997096,0.03779619223759192,0.05019134226300169,0.050820927823056826,0.009085473067928923,0.0,0.04704311703326491
6.358017156910613,0.30729223260846117,0.6428804343534757,42.165186174067045,9.457408029954255,12.459276982565527,0.1797592401015876,0.0,0.055694640287127554,0.04190834191379021,0.0596663406122557,0.10223854817526562,0.056296223003768436,0.0677670245586176,0.1370638000669731,0.26445977795942177,0.18674829229175754,0.0006012842500381487,0.02330904706886054,0.0,0.0277406003232468,0.0,0.0,0.04520333392696485,0.03531789844459429,0.05553148613246818,0.08671871274310508,0.052271105879204915,0.4003388434899675,0.0
3.263523915244066,-0.7425651549808671,0.5991158674215136,28.80401067910778,11.5,51.6565774189945,0.22094343290813054,0.0,0.05310142960778609,0.047728109157682316,0.0,0.18052481978848367,0.1847668756396771,0.0,0.13125782320675816,0.028813594248598598,0.08327576350897328,0.007387854368292013,0.06755224103448654,0.35347366286205584,0.06931997076117316,0.49446336301379257,0.030417343651197797,0.010081480007412758,0.03770399761832537,0.038172530692247186,0.03746634303507555,0.1617688220335728,0.2752437797890565,0.0
5.499955383752436,-0.08333118850140023,0.6027783303228588,49.30538761057027,6.4101514346074735,48.09415338572965,0.812815333772365,0.052956036757618334,0.0,0.028884777290754345,0.06589936735165272,0.0017540550983727171,0.1362031130028568,0.05074401314585719,0.049311833842592516,0.010795216964316193,0.0,0.008403728113402198,0.01412555745335824,0.09534728364959891,0.10136279386382539,0.13614005823701417,0.021377179261620496,0.06646387540309978,0.014111779341697411,0.06254280801757167,0.0,0.16277395465443678,0.10280694654038272,0.11207065359106627
2.301809007661608,-0.05122083671685429,0.9006142379681477,38.515650966996716,10.498417506167689,58.064897843029385,0.0038002447496826575,0.010189780770472286,0.0,0.02735634460608189,0.05032515701610796,0.03512784494172195,0.0,0.035157751317082805,0.07762909723615616,0.007594337892926434,0.18028370534834598,0.009219453125033375,0.0,0.0,0.027151027713258738,0.16450603646127854,0.0558624113114303,0.0,0.031088090673061064,0.0,0.006558688434395037,0.0,0.3798138337264848,0.0
9.429144710528638,-0.6110731101687947,0.7670147389262556,59.70345789057944,9.612279329704572,0.0,-0.7727762581634471,0.0,0.09616781538959365,0.05421833055160653,0.0,0.0,0.04554896799418386,0.03687705978869405,0.012841949411706036,0.0,0.15353103616460045,0.03126664704175825,0.12801205250939962,0.20616953455420212,0.02962740949578971,0.11706096461677165,0.047034634348892206,0.05740132419363323,0.08551159317749527,0.07446489321409205,0.0,0.03347926654420487,0.19664009791320858,0.03084129455753351
3.880203788062558,0.4409274108563994,0.7696909867655204,24.944452883574954,9.633200768252696,76.82458121063702,0.6239120296218543,0.0661169562975325,0.0,0.08200199856731374,0.057964946723643,0.07026321494499127,0.1451660132944029,0.0,0.0,0.005864909550799088,0.14351997725857663,0.035102915244079005,0.011237785665499801,0.12906910233480148,0.0,0.27498499463797516,0.0019244839082010953,0.0,0.03430129870190623,0.0,0.014773284181254488,0.07935323082877851,0.3882452775375489,0.0
2.1120586259566516,-0.44407151638718945,0.554276462053175,49.56765682573823,9.64833565362197,0.0,-0.01934500279646803,0.038781368859258765,0.06693050547433388,0.03380163630519821,0.0,0.0,0.06067740628592855,0.022958979994622264,0.09733771605186217,0.16886863106513716,0.18499042773399263,0.0376675460946059,0.0,0.11422177155440348,0.0,0.2002371624048513,0.0,0.0,0.05601126782291074,0.0,0.05431041010553227,0.13033345342632266,0.2476696282535779,0.0
-0.7134599698571114,-0.12049825728833495,0.657352436162744,24.36507815785216,11.186652885795235,87.4925319350948,-0.42385520619250194,0.11801633282219855,0.06377482176632204,0.0,0.0,0.11659850446747022,0.014312220137759166,0.06901382038576567,0.09378476194444671,0.267431358540624,0.0,0.025645589496685585,0.0,0.08011088858432011,0.0,0.05002927961613396,0.08645982687285986,0.09295090855768119,0.034577842747168186,0.04014600341756615,0.0006747149515086703,0.0,0.15131408913793604,0.0
1.4691846506457735,-0.007711659802948301,0.7831687707241801,42.283045154837616,9.15211145160133,29.107219664445317,-0.5445178101250354,0.12522390317861304,0.015796775060009396,0.046869768025673185,0.007829394325416097,0.0,0.13982973014310787,0.0,0.01999305002277202,0.20693239218124893,0.06745638348482291,0.028453272659546777,0.0007549810053142474,0.1620445875875351,0.0763344787811243,0.09708990467527562,0.023624092462158065,0.04291657624545482,0.06878970306598767,0.0,0.04497387317232242,0.022582486705645735,0.1756035346522196,0.05051622139634442
8.496525655312256,-0.5353360406491816,0.5909366067982639,46.371454683689834,6.515873262470654,97.53638103418032,0.28353472225472787,0.0085745515313966,0.08004446847929624,0.01083998758790331,0.020568677584044712,0.14712536324145808,0.1268851304681579,0.0,0.13024139427191467,0.3263753799301339,0.2513177941903246,0.0,0.06582685454676525,0.4798028507879942,0.002303156348134345,0.46565296885359797,0.08366352835233437,0.0,0.010991449144291766,0.0,0.009137172309619915,0.08613975265820724,0.19764979318984643,0.11128706613580472
5.859646369413793,-0.49489177592333305,0.3750138831954492,6.862984586516582,8.562184077317507,57.62338329780127,-0.028641279482720217,0.02840629804309755,0.008921231059411928,0.0,0.017297341552282526,0.001792344192164258,0.0017618337712392296,0.05100592775457019,0.10448569758150573,0.20863174355126546,0.03053895943398917,0.0019544346112503165,0.06755147708533239,0.15203650580658554,0.061546871090533306,0.1558634650588392,0.0,0.06277092239083759,0.0,0.014932443528195774,0.027756943103490632,0.1960246726444826,0.13931882220954364,0.11310018261801533
3.9095814336311507,-0.653233658174102,0.5774932054569557,51.70387976677094,11.5,93.53127631927343,-0.0619508021141566,0.17273257324915603,0.0329041619822538,0.005952684898537836,0.019223894081208764,0.053791182995094784,0.29482473356565414,0.0,0.10958526909649526,0.1389172838190734,0.07595103627956434,0.017918853606256883,0.0380676462592219,0.23199609418010153,0.008201124363980307,0.29034007988223376,0.0751844721199794,0.059370387873363115,0.03918047738854022,0.011281259187306783,0.0,0.0,0.34590221134227955,0.044536827377118914
1.7872006754039154,-0.5737420775639133,0.4768724773318711,25.588560466332332,9.176967498891218,150.4526885510021,0.4197600507168237,0.03588127543666971,0.06729135315056077,0.08385935508640094,0.04942158851598709,0.09681070174679407,0.0890602076713825,0.02935359311467102,0.1007052428425658,0.26890057170918835,0.10622766931171454,0.010152026577165942,0.0,0.06096395007141999,0.087233812544479,0.0,0.14004335811535315,0.12751116417729041,0.0,0.09686136744849137,0.019158875549627846,0.1489885521237989,0.0,0.0
3.577773009543132,-0.577719790529652,0.32762474985461576,18.477156044155446,9.872569984842665,97.64697954015612,-0.4606375425249166,0.10744205636454751,0.08463482222258793,0.01790713970101408,0.04470677353729825,0.10583636723105547,0.2632717298640464,0.0,0.0989074728289992,0.1433583882683146,0.030508364062088275,0.0,0.08074728343883789,0.04976163952602353,0.05558753923848697,0.18897897686980944,0.005216334311808735,0.04263647170406977,0.0,0.009332785401305367,0.033521700459915454,0.028498145024789284,0.21907108242290352,0.0828090483519722
5.437400805484595,-0.10364777159372707,0.4272746598730526,46.58262426928175,9.236346920918741,81.47388947684767,0.1335361821805791,0.018488642201141943,0.03304125747095909,0.0,0.013257880390852763,0.06459695105495009,0.0,0.03414791750206653,0.09183982048544187,0.1105856982695592,0.041863918642107846,0.02103798106380487,0.10068127245876003,0.004714960629030568,0.08976971543790772,0.13061937157009926,0.11804676497465244,0.029546962614713793,0.07416117517353023,0.014812477338588296,0.027620093653260437,0.2608246682313276,0.22014605571494955,0.11173366806497814
-0.8459628773311367,0.04682336984821045,0.4953659240362208,27.704742295380996,8.559754335251878,88.32679730766506,-0.3684359337498483,0.0,0.08253923146417588,0.0056090141708273755,0.0671666130305017,0.0757191305847312,0.0,0.0,0.12513727568505834,0.1795696221746984,0.05725864285492337,0.0,0.07897459286837757,0.36755643672354504,0.05398639174789009,0.0,0.07348171642414641,0.05557091693366781,0.06688328760020715,0.036380208478272114,0.07847218809066811,0.09185708091999564,0.1400346484376192,0.0957966583174468
3.2979910256172085,-0.16964452590800633,0.6872360353754893,32.45098241737103,9.679833518714409,90.43761646479769,-0.1249421907722168,0.15071702153098077,0.00411557374031276,0.025105637059987376,0.10083041404655979,0.005966615679172636,0.0,0.0,0.05062190611401936,0.19224505536385364,0.23426899674455282,0.037423252195984046,0.008102659402278039,0.0,0.0,0.2009085421869837,0.03972294461031867,0.0944778559570389,0.04920373750187158,0.0,0.020402800659870608,0.16177469839645484,0.1303865247450969,0.09190850402938051
7.1693478095197225,-0.3675693930559011,0.6484099037202083,32.38192883203205,10.709580893509942,41.179814785132855,0.44846793689466546,0.11897044474542284,0.05521979345232664,0.0,0.02988821020260548,0.023043091448170037,0.0,0.0507146062051117,0.029131334767977003,0.0004707553468326492,0.16824529813198735,0.004787024522142307,0.08525131805231909,0.05466019408951425,0.07748682362653984,0.0,0.054560647628855895,0.06557220549945693,0.10702625737936182,0.0,0.0325561430308373,0.39651066079189695,0.08042218820971053,0.20108878521640797
-0.2546669753994921,-0.3759383209017496,0.7759152772265745,45.15628530668048,11.5,21.517040639211828,0.09592216772456348,0.19406831826386414,0.046373188394362524,0.027591909349554713,0.05924951456744708,0.0007788958411629743,0.3233431579781645,0.0,0.018490526171503527,0.2187642444067302,0.18662069793868696,0.008381400279293096,0.056399353029069135,0.03339779143785572,0.04472550213623235,0.034367345417359293,0.1439296624217496,0.06484751403689817,0.13331574082103093,0.03173035395322972,0.0476566844630974,0.10286178855448491,0.16061156590575193,0.10285686473355762
9.360008167888083,-0.21607523441098153,0.5415626614474719,48.904148478491386,9.355710625466504,119.29198720942867,0.544864542421256,0.13543630586003816,0.06182211376113432,0.0016098272543993708,0.049867560300969636,0.09827533422315254,0.2228691531054491,0.00737234368664366,0.11159226999523236,0.03596110116898797,0.10820413743562365,0.01610989615445373,0.041741093104793126,0.2516935238163829,0.01850987207024501,0.026053151251020784,0.03799742024140465,0.06472293906455039,0.023314427323739867,0.0,0.0,0.22092387921656248,0.18254990881333638,0.08559040670519036
-2.7252548273014217,-0.695105507421094,0.8661684284940697,33.0351554824715,8.461509579830304,94.20399535956726,0.39634281264298454,0.2244086672222573,0.003881929939103749,0.01565158068363074,0.03378471586788266,0.019741606824338724,0.08395646871804727,0.016785221835222536,0.10396983036517032,0.2732791611778843,0.04384353666043408,0.0,0.08434455351223961,0.0,0.04828581040499248,0.1549271335854049,0.07466375144727685,0.0,0.062332148871327556,0.07761097310215576,0.07949143979916715,0.042458959878571026,0.30567783644770685,0.015427803592556109
2.3515921489207154,-0.8194026521404663,0.43085817294697726,35.150299106413435,11.229661369701489,67.35525267009871,0.3970389610205945,0.16099634241171717,0.0,0.07372634563379014,0.025909289496369777,0.021346045549902985,0.10732763662003765,0.03186384636485513,0.1437223855782,0.3089645724263139,0.21662650600476402,0.004143883968090711,0.0029194883333312563,0.0,0.0,0.0,0.0,0.030447297128760695,2.2692072091309856e-05,0.02440317235310055,0.003993331676969783,0.0,0.4374364736110905,0.06741968307267455
8.180935274224383,-1.118572188072854,0.42539749408572125,66.77383721300026,10.06094762215796,51.358767052394114,0.08305024886419105,0.02853085511352,0.08097443419909897,0.11587726805858153,0.0,0.0,0.0,0.03818109509233676,0.01722461051638651,0.09820687920719154,0.09423825573600571,0.0,0.06836504837907592,0.006846675246010986,0.033547436176829745,0.28396219236031656,0.0,0.0,0.04836818571326656,0.09700949252128988,0.024163596911322326,0.0,0.0,0.089334142475135
2.5948853453300194,-0.28740612131874493,0.5669722624967095,44.87308653144149,8.854596902272917,109.86051016858164,0.30622666686988353,0.15909977761531724,0.0,0.0,0.05351122233047545,0.0,0.0,0.04080747234201401,0.09199025551616305,0.17416974831536236,0.0,0.0,0.08776823727892868,0.03835289682937812,0.011672981805543983,0.0,0.09859267885887397,0.010602882514188235,0.08031019714437518,0.07128915139243533,0.03155054594481323,0.19686392386971863,0.08964373019150168,0.0
11.967076920745908,-0.6436912776022226,0.6613563724245122,45.249997772284374,8.783853001613037,136.3463592663801,-0.13086453170939405,0.0,0.0,0.03943043319657608,0.0,0.024923155467710137,0.009719781187774904,0.034654150234971565,0.16142596632710002,0.06575218662451271,0.15495229436230645,0.012638684217504652,0.0,0.29264279001867505,0.04206712180491169,0.0,0.013347842555902618,0.0,0.08445471554724712,0.0,0.02842924244419507,0.20376453277911782,0.30866236456305324,0.0
8.151553393399446,0.7919293096487414,0.7757283780340589,43.772819992307916,7.398841295901736,76.81407285069636,0.3161074024512137,0.09147221922333235,0.0,0.0,0.014293701678769682,0.09372799491745296,0.20683938404976165,0.0468536534653778,0.1175887271418328,0.1413262766689734,0.05146967499989074,0.04950496488244639,0.03392761662928935,0.2849645463786693,0.045249056327169315,0.11069310139660388,0.03925629948204045,0.05434506613979282,0.027339243783296666,0.0,0.007128626291751847,0.12501904482950246,0.33270815538344695,0.09091266370303609
9.509010592741117,-0.9572349072659375,0.39746413053729823,18.816462612483203,11.5,121.22363797645369,0.8974915044832587,0.0,0.05101591609588012,0.0,0.0359333819065868,0.05244509958652167,0.050223002111221784,0.05293370064058456,0.06609796976516019,0.18435542604485927,0.09898926943858298,0.005429673390739678,0.07991864683562735,0.15329984457733906,0.031087059896943797,0.0,0.0,0.0,0.04318403633488734,0.0,0.08369968737549296,0.13295278401657262,0.214140468614552,0.11485054573738065
14.905893595226352,-0.2721397427387507,0.7918343660782623,33.7287571327259,10.189553012664206,54.15585536328226,0.8241545002286231,0.0,0.00519283878737339,0.01612381409911095,0.0,0.08217917433450694,0.0,0.022582285636166332,0.0,0.061428285062925185,0.0,0.0010932857752754526,0.0,0.0,0.031340513432658285,0.09492842609143995,0.06870862975806627,0.0,0.000823065745815435,0.005535955332609581,0.015614955167413437,0.04013717561882568,0.18973741924937837,0.1467511559360965
4.68423939013813,-1.1619214366611432,0.7142995601346249,24.79042851263938,9.321620671373134,117.85816851398621,0.12667701379010304,0.07688013774196668,0.027921234880335998,0.0,0.03489748375854603,0.0,0.0,0.0,0.08378377383769477,0.22133593886956107,0.0,0.01713446684735442,0.0,0.0,0.05333120239171636,0.27925701351889853,0.11782339622280548,0.013047146282381182,0.0483029495667435,0.08090155771430589,0.01563589323170126,0.17883713376335508,0.2434410405265109,0.08123344477987263
4.690337368151707,0.4779232791882214,0.5667111970725254,44.797691975804916,9.032833647423578,135.02863824153357,0.09084533860559268,0.1940097451511998,0.11377006638321355,0.0,0.0,0.0,0.13221234758699044,0.0,0.09804984800935357,0.0,0.050495575022337924,0.02533096501046948,0.11507172678521872,0.18127690401488616,0.0,0.28403211144278373,0.02048357337756589,0.017936201873974857,0.10656210369238686,0.02416226728812688,0.017508126743078743,0.033626059440971204,0.4249151478272361,0.06919556864401341
6.72245205582153,-0.4631057888433757,0.8191435741935921,35.50504523447902,9.743909697752638,41.90830170401799,-0.7846062952623463,0.07222758446552023,0.01213036731909127,0.016976699220605632,0.0015543405971944618,0.17177248663955683,0.1500546034418384,0.0,0.0,0.009391656854857655,0.07326893669917313,0.023620973145029794,0.0656636484419158,0.22332334105874158,0.006917707865707168,0.039418565707604825,0.063053796070556,0.00372439870474681,0.0,0.10956445593384387,0.0,0.028743769195813257,0.14012797396425866,0.13175267614286337
6.944377083868243,0.6121729966177757,0.5959025338635933,68.3377590733169,9.839018470006549,82.9143231544588,0.22887120348382609,0.14432069501180683,0.0,0.048308996408251564,0.011168479735919414,0.06711156800590942,0.27305887125076816,0.0772400819613527,0.0,0.06108591930094776,0.07892365036258088,0.005176898314748339,0.003241300861017253,0.0,0.0,0.23440358805813938,0.003455122004094195,0.05760658004061665,0.07115516830230682,0.0,0.0,0.05751740165469371,0.3396612859880473,0.0
2.1220554744247266,-0.5201901515804834,0.7948592517184793,26.567085635111287,9.10423852904959,7.68977831954011,-0.30992721398976286,0.12094646533670494,0.08511918379597917,0.05462336292574915,0.02026282227229587,0.08819906776076619,0.061304814305919164,0.005929717464343846,0.04868223630596432,0.23949518373496775,0.04721890231330728,0.0,0.03496598968525644,0.11326104958714424,0.010010863027463934,0.3596649232117772,0.03675432387102005,0.02527184535565433,0.05498226292899755,0.0,0.072502779696931,0.020492593855713448,0.0,0.06562978278157128
8.75211272554882,-1.3801841978897622,0.8619769803955628,37.068721882836186,10.243684897286306,95.0762132363766,0.14640865874475997,0.10668222036928447,0.08704312279187436,0.003008631725775153,0.056761067286291496,0.0,0.3263712800884436,0.03853375930891957,0.1118310271374564,0.0,0.0020521019416267355,0.023666470209008035,0.08596177911276699,0.07082911692764951,0.05002910079871867,0.194404573005288,0.0910706405558609,0.0,0.0012836947975104207,0.053030386492830234,0.060668768367197486,0.12939440951484327,0.25546221029568034,0.12305404997406205
1.5944874840790915,-0.023453932633483526,0.6576492184284771,52.22070170462342,10.966538962764545,107.47062245967761,0.4062499626942975,0.0952391776798868,0.0,0.09443305883153415,0.0,0.002850980680674471,0.15922141444673366,0.004158445242800778,0.0008686895168829797,0.0895245363418602,0.18158642470421954,0.0015881518872006579,0.04294478834568157,0.0,0.0,0.34261882707306557,0.0,0.0023990415055392747,0.037225135014813324,0.0,0.0,0.04686035728375255,0.3517152170756441,0.0
8.664083832969458,-0.46655480911904135,0.6528445446714198,24.54855528067167,9.693533321290039,55.38087401831582,0.1005755479754852,0.19466200885725088,0.05799458097423709,0.015617050220116089,0.0,0.030992019866925756,0.09544099272573414,0.021070459811416906,0.09065718447785859,0.1329703050594854,0.09247362335030831,0.0165417550429578,0.02809722178128078,0.08267140978676228,0.04749312840252453,0.042570926317338276,0.07896609922906983,0.0,0.011657586196677824,0.0,0.026228102333210497,0.016788656931793433,0.09398479352952013,0.027087280592010824
7.419402373603598,-0.5521433221500827,0.8782321528477659,45.77934467775482,9.758004967160272,34.08906245017101,1.5221988369100927,0.004723302679128946,0.08696035149292028,0.03715372027526506,0.013439683471234011,0.20828002338505852,0.0950738432182035,0.06373677714902502,0.043277105795211365,0.05729353091618309,0.09712516542990006,0.0,0.030682103122555735,0.16169645479269235,0.055298942266453266,0.23117748977112546,0.030919067669144425,0.0,0.027471725749948023,0.05200323798423021,0.0,0.04807202722916049,0.2058909517918705,0.11734260907895652
6.492032087478196,-0.27265879051460135,0.6435534992603961,46.7927122300783,9.60194112344704,89.53260759423019,-0.2395044674054604,0.08320796798776266,0.0,0.0,0.0,0.010997160726918677,0.13462573802007732,0.0,0.14238659234742124,0.0,0.13753238994379638,0.02336254937640483,0.0,0.06011495583391388,0.04225539283726308,0.24516867103560802,0.09118395305061844,0.038342312097352206,0.09622026965293931,0.032949003483535716,0.002657965284265488,0.0,0.08395647863492686,0.025358639890279446
11.11856234026489,0.4887309604191974,0.5098402614427052,43.78910074300876,9.111622290558426,114.49653129203202,0.5345231196550295,0.08503522334182281,0.07581291180887992,0.053243939384289285,0.02281901370795456,0.0986389289137623,0.1687491967171831,0.03643362671159178,0.06606322742760724,0.1262439014147801,0.07554030062272767,0.02773652494752751,0.01054535048050198,0.11594675694899562,0.0,0.15193972531212457,0.0,0.014048153916223481,0.05001822873120108,0.0,0.07616628125387026,0.19022142169644402,0.24988817283640202,0.04978590936240095
6.455053157258533,-0.0030445639095067756,0.5533207716869847,40.867573108262256,10.675968900418384,98.8892598371465,0.5849827146059039,0.02392145851848059,0.006485605157175271,0.06679586375505457,0.032633571357051604,0.12879054228927259,0.08369288860244363,0.013057932385961877,0.06210821461697157,0.2140975151821607,0.019269037520143695,0.005042891185555841,0.0371046669159032,0.10461131359296433,0.0,0.2112807360869855,0.0,0.01192670537830743,0.06544807674696276,0.15194205082157264,0.04288270933559313,0.1838709187466475,0.4515252631866081,0.0
2.5467447131165746,0.30416393927335306,0.7630150709502359,35.04930628059179,9.626915827152452,32.83446115939983,-0.2574889284110345,0.0,0.0,0.10914975338567244,0.0,0.0,0.01381283834007456,0.0,0.04998347120000065,0.12578356398197965,0.06103263203346766,0.02671031327771911,0.038318154779783564,0.0,0.01827146225994492,0.3389490361637272,0.0750111065771494,0.04065733302621794,0.09327131978432818,0.03797669801235037,0.071088602659244,0.0591396134191924,0.4447647884751579,0.16662789677670684
5.088723481634507,-0.07118567155687555,0.6409241943560198,32.8264241424663,9.363412969978036,67.39511749062464,0.020697324556974567,0.15909734273683526,0.03827164857383731,0.0,0.0,0.025722450055782005,0.0,0.04822970816120366,0.1065561758168313,0.060018081244178394,0.13525197507163242,0.0,0.0,0.12589993711294206,0.02613636690167189,0.0872110453734732,0.07091928390867977,0.037781269974861066,0.11596580097559483,0.08047501055871686,0.0,0.06027567122638175,0.33375285500740315,0.004229606966923427
5.78153233010487,-0.26821300685387345,0.6380317576311212,38.817144450607955,9.740634300725468,82.42585160570258,0.5701362741585716,0.06069052572902391,0.06359563926746903,0.0,0.00652100889264866,0.011732057468952263,0.2280680750209126,0.09292922862126235,0.08763977367895318,0.17728541650289303,0.0,0.01688296958565103,0.0,0.09871282421698867,0.0,0.0,0.06735956150753171,0.0,0.0,0.0,0.02686603147140662,0.18610062190993615,0.20254949096565178,0.011887266425625789
7.979754896421962,0.34165587226035865,0.6949191852263482,21.888891279053613,8.488472882495314,136.13642892815605,1.0972631516967999,0.17083266513828446,0.0,0.023337748517852308,0.030807434381576893,0.0,0.08625160519943673,0.06699898459311546,0.12532230757708462,0.0,0.1323628086725655,0.035258428518869685,0.0,0.0,0.023917850776453444,0.0,0.036729750027795854,0.03764463526217881,0.08102182777814178,0.06964515696023332,0.06056193484069089,0.17566467902228688,0.2513401947959046,0.11058659268007456
14.531165180661759,-0.42847761401577683,0.6085894979809842,68.92663075699875,10.194179858555932,59.16129610026215,0.22739676287999971,0.08639286429781695,0.02747198892216008,0.1450948785575015,0.02593001351583962,0.009508648807981492,0.0,0.04851389987170851,0.04323114059037164,0.08599489849298814,0.2420402787937272,0.07628772919126882,0.024866906371627896,0.025416946336916504,0.032812838442106404,0.044521100513541245,0.037770239938699,0.0563277780719372,0.054038595977700006,0.00638144423432517,0.0,0.02849994079780952,0.24292439174985495,0.01910731019584355
7.355101665623946,1.0889474752156199,0.423021288608177,10.539839660977478,11.3073223250277,79.43802708737516,0.7393388672816468,0.14873363418946597,0.07582285221768607,0.018609678048951965,0.04744991706817622,0.07245887728924941,0.10921250475340068,0.022704868033240032,0.12256642313576613,0.12663614454326094,0.0,0.013490197772757135,0.0792733123681894,0.0,0.0,0.35573108399212794,0.04537669974094183,0.09108223618096357,0.07732989289000627,0.039817872498684126,0.0,0.23514294848148326,0.40237283667706825,0.04253602458601077
3.702387035997503,-0.48289771546082216,0.7865178356931801,40.81980715491832,9.33710526247064,25.903306759084657,0.7520072457983672,0.11385510120000226,0.0,0.1185583092978051,0.0063303924458899975,0.038306911286316504,0.15244234541109603,0.0,0.041169859295108704,0.17531687722945336,0.21877393574143267,0.0,0.015674255562977937,0.12161930352634635,0.06995456345727755,0.38999372436261315,0.004800216462749918,0.01086286569699126,0.06944271371899942,0.0,0.0,0.02310601242254933,0.0,0.13610417597072366
8.43860867647968,-0.12487664823322424,0.5099608544322245,32.74013626525711,7.992866276289803,89.80400251669855,-0.38625716354138107,0.02863920443327149,0.07779976851581015,0.07567917930967505,0.03451086131418686,0.0035067852114570378,0.13718608656195871,0.04097734234409557,0.02463427655640507,0.33119156222464713,0.1739027483561835,0.024514195734676284,0.008064727205153051,0.317050123380024,0.062299921967511954,0.0,0.04672601997563404,0.0,0.1491361841860535,0.07900390077510025,0.0,0.18128390378371195,0.25277405143736353,0.0751359032163092
0.2538594473576259,-0.7314349160324597,0.27786752528077696,49.6637771190305,9.064724522872217,95.29710511353076,-0.07774100352805113,0.16174363498990893,0.014944938401236306,0.06435269442044905,0.028994569777360923,0.0716607241944921,0.0656770311716478,0.060694947566032026,0.02082193712636521,0.12938235559902175,0.07041454527404367,0.02440588460166339,0.03150658201700044,0.1315741990017423,0.0,0.0,0.07636936262368263,0.01699939205017632,0.053994569059473765,0.06275906270546196,0.04153334893876072,0.03125421646366158,0.3643850463411175,0.05313748353797385
4.397982537177917,-0.06563896144440262,0.5342474090547359,33.82276580948288,8.548541622376026,70.46029781402409,0.1758509434772903,0.09768492360074382,0.04918135204526024,0.09153110683147722,0.03402740017904084,0.09562712146288649,0.1843820121658209,0.027352114729124584,0.09326774664201208,0.2153472483151646,0.06365403576262646,0.028043275878396206,0.040787473240486455,0.07472031238524954,0.0349668902795458,0.0,0.1309066997505144,0.0,0.03178527600981159,0.0,0.0498413298171324,0.109019111249886,0.13159818396734418,0.0
5.8302913025812435,0.1001758453841129,0.6101232981828272,59.368315334355145,9.344018017904732,4.273704024762267,0.22246195535607652,0.0,0.07368786386125453,0.09475039515714122,0.03526416517127217,0.10096415658855562,0.14085665378292866,0.03248643972274766,0.099595390386499,8.66949383469956e-05,0.04887451027507038,0.02151549542782562,0.05173602243149347,0.0,0.0,0.0,0.0686116475462845,0.09607373587271849,0.0,0.028354725051029914,0.019148453130848373,0.09470912658219738,0.2907339982490272,0.03184117329745069
5.035633258074008,-0.08205395626940165,0.4782579638179998,29.3335068026868,11.056375512371028,56.31609452997708,0.16967504229647662,0.13563931167635324,0.0037438808804237528,0.015998951467841426,0.05116902403312141,0.11945518053450477,0.26841566105769576,0.00873740587319614,0.0,0.22517461643683123,0.21871756828384303,0.005577169393565283,0.07241834778338549,0.0,0.015051031634176744,0.28740519036831585,0.058213732665621964,0.04759605486670734,0.08310519617768383,0.0,0.06911264464845401,0.0324952950694059,0.08107800290933775,0.0
8.416581369250652,-0.8595927339767403,0.4645871987462338,10.212409103936992,8.65570475809434,111.63749470381556,0.7485193457672543,0.0,0.0005423242118679228,0.0,0.030662660175921758,0.0684904379683828,0.14243491619055726,0.0,0.08098427191208918,0.23553801771809368,0.14295976388843765,0.001973405183169924,0.05500521988804939,0.07267894435197035,0.04620436331788221,0.21454293268880836,0.024626387147518337,0.05253528555633049,0.016231569859193738,0.06868742150461271,0.02230482418210397,0.026273887481859208,0.19444258875837062,0.03356160660863619
7.961599432286804,0.014622455122194622,0.5690820845081231,63.40580124407273,11.5,89.58746935533303,0.4805193827568689,0.07120859119218552,0.0,0.03760469625365265,0.0884054357549834,0.15706345847215752,0.061567956802004706,0.0,0.016566467053657753,0.011667379922684532,0.18427010405468125,0.004293654985264171,0.0,0.13580865185386085,0.026196074992706826,0.2384632774637612,0.0,0.06758100787708764,0.0,0.0,0.0,0.19329570426489207,0.13781473615550985,0.0
6.609715329392639,-0.32482057554282817,0.8926202362551969,43.68311559456378,8.708655286995603,67.80282852278026,-0.02053764010018727,0.13527192894636852,0.0,0.05814685317050519,0.0,0.03256730556001741,0.08668157830400437,0.017329800338860186,0.13083218809541197,0.10562128113870826,0.0,0.0,0.07655300440694038,0.13312176962977587,0.005063615257499671,0.03849564891475149,0.10544405289334234,0.026622448673508412,0.03522251181837034,0.0,0.08040779986763769,0.10504383915144641,0.1690809284915451,0.0
7.184407766203111,-1.1896651180017812,0.9332344996934099,37.05375170676379,10.297094047412498,147.76201063814779,0.8255631127821046,0.058597362767170924,0.04431780588411929,0.012688880034477193,0.03505537332734445,0.0,0.021945499394589438,0.0,0.03352603942965432,0.0762184863563688,0.1108786363341103,0.022120051562901893,0.0,0.30648339034385547,0.0,0.2780649257461041,0.06316632449799249,0.05191277382893207,0.1097277963779956,0.0,0.06893664835973827,0.13482220394369046,0.11940075010571866,0.017820718156073695
6.050609785417131,-0.782131365900359,0.514931396995658,43.63333099323745,10.539043757444766,53.29893561586275,-0.23813640800371283,0.053761014602890386,0.07084233605362875,0.11353189397092997,0.10239171592986343,0.054899677775036196,0.13783006129672845,0.06218943160929828,0.13777731533108148,0.0,0.0,0.02260307755512126,0.049570553390002096,0.18524531386003554,0.011188845760027393,0.08880781874732924,0.0,0.006089251041750385,0.14066047806912113,0.06289949557124022,0.03195751169516545,0.11060383403033393,0.23626746104837354,0.01648852043474544
-3.648871046448366,-0.1257163691221963,0.828218957737514,46.338828070344704,9.620272304096801,133.21563008118858,0.38127067839256085,0.045688193014333786,0.10634158694509091,0.033986469508914825,0.028025489114329477,0.0,0.03367976777425306,0.0,0.0,0.1898987349013512,0.1715953826798348,0.0,0.0638089629508484,0.15416141936721017,0.0,0.0,0.0,0.0,0.0,0.11849880503621857,0.07198181692974202,0.004929795798778724,0.3261042735529885,0.034612612015395484
9.187800279682026,-0.027997079717126755,0.7163086197836978,42.038552229966676,9.437420492559266,72.63732985594886,-0.2408688028075785,0.01493148811373967,0.05843766559761432,0.0,0.051482962175979204,0.0,0.12855561486618605,0.009708866935124325,0.14191171402117672,0.21425329822453593,0.04965298753215634,0.0,0.04939124091820611,0.0,0.07391448545441026,0.18797365708802327,0.0,0.054971409681500924,0.03872057148011346,0.0009316006722939613,0.031274339230282076,0.0,0.3038308515312386,0.05689646268324588
3.5471546560667218,-0.14686209384668486,0.8311754696619185,50.26226386845035,9.77442191950765,120.03439800681969,-0.2326624993314449,0.11288861584850568,0.010051475211365991,0.02432755002769087,0.01038899585440958,0.0,0.19992905449594384,0.04669016134657514,0.11462972092187076,0.0,0.0,0.032250291265351116,0.05486531899386362,0.10599882412669391,0.07853257453716504,0.056378382336194854,0.00016526310981052061,0.0,0.0,0.015311596999580537,0.014921421341930838,0.033667249876290786,0.3598045140697485,0.051453317234543945
4.885608508313955,0.09673057338500685,0.5846935325766723,35.024085334505834,9.787040826194731,28.537633496323487,0.4413333499218757,0.07991086653775703,0.03974808134322365,0.022937160545339605,0.0,0.008588873591988296,0.2582261046507769,0.000541400396506601,0.0,0.19276098908727785,0.0,0.0,0.0331051874634623,0.0,0.0,0.0,0.0806851135979068,0.0018822019348056877,0.018611676578711163,0.010197066375076783,0.0,0.0,0.0,0.07507002739335403
3.596685757495556,0.09522322693250962,0.42732022844112083,14.717538776632015,10.442582281832806,122.24751742799285,0.06463345574349824,0.0850799848760532,0.0,0.048655880015746764,0.0,0.0,0.025983600762607542,0.008165676589009341,0.09540316648127062,0.04985747350403814,0.12370066585051599,0.0,0.0,0.0,0.03052841323791329,0.3689522408358986,0.05745935597563829,0.09583726313037529,0.0,0.0,0.056455924297473814,0.03286775276419389,0.15277234193472145,0.1382699358735103
3.6449391821553476,-0.8785751991437015,0.46518834422150224,50.7975950656454,8.780437072161515,115.85840589061172,-0.08610803596892147,0.2581733810167776,0.05639625157095175,0.08676637908201945,0.024501427288570486,0.06335266494365027,0.033849090682245564,0.02162150316086571,0.10073028764063902,0.15467357826359118,0.12549447677092124,0.013399618173595074,0.0,0.0,0.0,0.14407153643397164,0.05816783459779151,0.0,0.04687853024442944,0.03162374156778776,0.03894330064208618,0.09343849741384169,0.29620664266250135,0.0076146549051680015
1.871235690291205,0.07619225701998866,0.04178665306790219,54.43806168527476,9.791602978609411,90.8140088912288,0.04132667339987861,0.04847321430086002,0.0,0.02241792099102145,0.010211307899556666,0.04122963024783611,0.0034652806011387788,0.06621351307487486,0.01432811582023466,0.0,0.17089279097951887,0.0013463368687225974,0.0,0.0676140271906443,0.01709968129819274,0.22601935274717683,0.07041239978911075,0.05446631196601483,0.05805911202028135,0.08272472441635886,0.04432962164165198,0.11262772719587755,0.47479731300195555,0.06524026763851126
8.428530073673414,-0.2102810091094362,0.820243973323295,50.434650405366106,9.635470794128649,98.23077822786998,-0.37573455837384384,0.012164062725712618,0.0,0.0,0.03827702742231562,0.10524975230314404,0.07523069772758216,0.0,0.1404328723092919,0.08980619296673695,0.11236004680014192,0.023803313093544973,0.038698532519486836,0.0016257222471056237,0.010986033100989806,0.21530436268011593,0.03357708001617653,0.09780673004613807,0.0,0.0,0.0,0.07626913355025058,0.12794423026004828,0.009501470587567274
3.6014054243651508,-0.10760238122183746,0.6261584682793018,41.24055505727599,9.437413199951447,58.086721612809356,0.058962136675745125,0.11256842310252267,0.02235757176929158,0.0,0.0,0.028655377288919797,0.18299543140157407,0.0,0.0771340858797952,0.13345837549182527,0.12787724796414485,0.0,0.021074718794173643,0.0,0.010891259079300665,0.0,0.09322324575674909,0.01683003159317216,0.05939224017354917,0.07727379099872707,0.0010674683422557535,0.07604717739305376,0.44352522002952455,0.0
13.750006697105007,-0.025403501611068247,0.631271240467641,63.31547457542581,9.725713969008366,82.03447229661039,-0.5918656475286557,0.13819125282919995,0.0,0.05892170521559721,0.002399425356341592,0.03675404738342621,0.19241780997576735,0.04611198965762807,0.04005867011798951,0.13408091573612585,0.05147427534909061,0.0,0.042174916315062545,0.16248483292292865,0.0,0.06197511012607021,0.01282368586225038,0.10649390759240912,0.12289297927805104,0.0,0.03441475570994148,0.005920538805770148,0.15683595676561118,0.043384067570039056
-2.290798325698713,-0.037316262275705725,0.8872359826112162,55.10465662806545,9.43025685544086,91.790394343937,-0.29457918021646945,0.12259650214173089,0.0,0.01585217085654704,0.07430121472017344,0.0,0.04583872012520055,0.0,0.21007826948453903,0.14803459628164725,0.08946047588363537,0.0,0.026423710281654262,0.0,0.05761666639600618,0.37735330902736247,0.0500244741038515,0.04144091303007921,0.012132943805132732,0.044018967195333436,0.0,0.14741385340909405,0.19361941935672364,0.04099278119014008
-5.088586045001535,-0.5330691592433487,0.6221203107367346,49.405929857770765,10.386813496734908,100.9851031125621,0.4749166640724617,0.0,0.058914446868968254,0.08463123199996024,0.0820745925814602,0.041781771399786616,0.29671770436572753,0.0003763008609704403,0.06805166980403235,0.15017505589559477,0.06895941339964966,0.024231359268544844,0.046398317777216425,0.03059591785549992,0.028888072246779865,0.0,0.18608210701515174,0.05880777664400647,0.21971719194939132,0.06409180463836836,0.03977264842499176,0.07609494799002244,0.1327510895232153,0.0
4.607784504049786,-0.1029236927613621,0.8203088817382934,55.174113058876,8.910951239034576,73.7550213861932,0.19768610272799497,0.13203469614463906,0.0,0.005860887329442021,0.0,0.040913148127362034,0.08058423659983552,0.03469487062313816,0.0,0.0011619661729965758,0.2163916819835789,0.005187757913902972,0.09129853570039015,0.0,0.0,0.12186383670591222,0.05384448258943324,0.02390344451622061,0.13341504684992334,0.005344397429253713,0.04709838403228572,0.071566585312527,0.258226959930835,0.0
7.621738129229309,-0.2949811773676048,0.5614780069976955,35.40941194956775,11.326707897199611,56.626079367998464,-0.35032333691118533,0.11232413223278395,0.0,0.14018071482669575,0.0344262987415896,0.013579377710631387,0.3400162485699621,0.0,0.08942848061998679,0.12710587321347475,0.052540257762044254,0.035905967080884574,0.07052364681602241,0.2025238414782502,0.024064698374101422,0.010581802914092886,0.0,0.04270332686834248,0.06476926193264686,0.0,0.02396097602629417,0.09137446670224371,0.21302009642735265,0.038066907388184176
5.701313794575264,-1.0093724599899123,0.46366030210895637,33.379649102234566,8.8663759067529,58.479740915708746,-0.17930961891939123,0.0,0.018514531952710918,0.0,0.020064905750304937,0.0,0.0,0.08924955901540306,0.0,0.11787592708012401,0.15239330306051233,0.0,0.014569359650628869,0.12849167062499475,0.03430860956312986,0.03962028498557517,0.04907868527294933,0.04254087386690734,0.21137993448251166,0.0,0.027434985940095847,0.09757030766245114,0.2918468909224067,0.04024635433068014
10.402579038337535,-0.3013833562961607,0.41665139920600175,30.377956832419315,9.966155472422823,15.316584926204044,0.3368656284264095,0.08574141682880079,0.06742926875077646,0.0,0.009925074280525139,0.018212495315132228,0.11714944198783128,0.018057100482503134,0.03583394787628441,0.12764268607747237,0.027182353612725453,0.021068994330531318,0.029763378109710192,0.0,0.0,0.2903341507213755,0.0006637311937344528,0.06726120319607135,0.0,0.10998377837786613,0.026976665011618998,0.01095703897137687,0.27162999556593087,0.08237053477213718
5.3574078467217525,-0.43282797813421325,0.2585206671604962,28.895726497475607,9.886799777101508,127.23175911717794,0.4919699994676931,0.0,0.0,0.0,0.034373744403370814,0.022821406865527288,0.0,0.0,0.1336930205020005,0.25106377080929915,0.15792962564272417,0.0,0.07321111368514788,0.13772387457072743,0.0,0.21089343074176026,0.05482671105632156,0.0,0.0899056506286314,0.12400214219846281,0.04807115672545443,0.05336796815199802,0.35982508143343117,0.0
9.35760612373772,-0.6448510582564122,0.8741090444318655,35.367403271472384,11.020598869853616,7.581595531905464,0.43178615635682355,0.0,0.020404607001766665,0.07154646843978722,0.02330303050729674,0.0517912308517602,0.22419244281109668,0.031559439795641395,0.15773350636764785,0.06043998536855551,0.04508445204602784,0.018634662183122985,0.0175699611887484,0.0,0.036022268171714555,0.0,0.0,0.0,0.08136092235470697,0.043331354721539914,0.01642013156848877,0.2737384749595151,0.23136733885540484,0.0
9.157608314919436,-0.7151778424250353,0.6710466375221426,46.72883531018201,9.214120918128435,67.7999933690178,0.38064243778039575,0.1557576896543962,0.0615536349376659,0.0,0.09552345450999244,0.0,0.0,0.03619375161073733,0.07054909862876647,0.18888219610781368,0.13316717329383557,0.02600727638943167,0.012554905723345755,0.04413653649074882,0.002911587329466947,0.08127236462947554,0.018951052757273035,0.0,0.04547562688875618,0.0,0.06789083870173658,0.14033428429329742,0.15029054042392584,0.025923914112804612
-0.416624912933516,0.06331534136559697,0.7909035940083281,43.537524372963425,7.042001413967948,111.79980395805609,0.7782994317367002,0.0,0.0,0.11126285403082306,0.01449013628752657,0.06557644893423897,0.07307917421112688,0.015164528700273865,0.0,0.08105989724214381,0.09539685061477353,0.02673736734995595,0.018578047260589127,0.27259072243740223,0.01615821801085729,0.10898913123130191,0.061129331706494316,0.0,0.1053288639198452,0.12136949938963303,0.0,0.09371914769298065,0.5141362113078234,0.0
7.54899212517576,-0.024971929878338295,0.03709976003938176,56.45480779685893,10.165503436540135,80.4473653709491,0.2253983188606682,0.0,0.025656912618514764,0.0,0.0,0.06860635027964321,0.28786924106704337,0.042177251419051334,0.06104581158772442,0.1282477830873732,0.0,0.03792891694637262,0.0475958870699901,0.23870401705205085,0.014576520252544266,0.09225428054886506,0.04393427802164558,0.09420300725029007,0.0,0.12088622603695999,0.0,0.00835301349379032,0.3952645854343565,0.054862483493845995
7.043566980096879,-0.32700537297332083,0.6893785346847223,22.76019149865872,7.969491445685643,100.96531999244449,0.41586044051928095,0.010146550939983158,0.14405750438087214,0.07940173655467868,0.004253145182983177,0.09329709683024193,0.224432955844799,0.014524997514408059,0.016279339770520658,0.10459139708149927,0.14518533965677977,0.00474421737823228,0.0,0.17776404246152466,0.03897740966298128,0.19944390312170365,0.051030238751328234,0.005063439852464571,0.0,0.07741278960777803,0.059631058551102664,0.18996550902688109,0.21674479815593597,0.037638109144264006
10.169013722936544,-0.298571211495141,0.5849822279907833,19.234741667641277,8.434685211009269,103.22306941564435,0.24434553167490217,0.003143594492379234,0.0,0.05979644231208385,0.010470966183174266,0.14691762773152053,0.027377867579996044,0.007939693878571139,0.0634763013514934,0.2800697627780517,0.0,0.04624038153552831,0.1192520931610453,0.0,0.022321438246726454,0.15997403509070343,0.023298782967233582,0.0,0.026285301680334675,0.03272403117951364,0.0,0.07321695830946329,0.16943082256653483,0.054147772550243944
1.585348778475093,-0.0268448170181958,0.42791570672057544,14.799974147435869,9.256724330330279,138.61486962180308,-0.029021329817957908,0.041110854496283745,0.09971242678405987,0.062134425839403234,0.025921489270061576,0.03272778201866506,0.0,0.027320232127153534,0.11116065203088163,0.0,0.029044092370922397,0.0,0.014244177193029561,0.0,0.0,0.16945787865124678,0.06847753775900473,0.06334826359993846,0.16131991505468576,0.04599032603999534,0.011711101151093424,0.054144173333895436,0.23091378467469154,0.05826754255233289
8.61772913143177,-0.09944363468084406,0.6548794301359566,34.933849465934884,9.049841101232326,0.2309028421188799,0.8604612498142346,0.11083767760189794,0.07772370657905883,0.09310936084448489,0.05266391594226405,0.2008400940177467,0.25647980200851017,0.0037087764641778355,0.07399031660919446,0.10543632155096383,0.0,0.011362020634993466,0.03947039457039987,0.26788094487955516,0.0,0.20362233417795603,0.12363612390085289,0.035544131226942874,0.031792471019081836,0.0,0.03518514201960965,0.01658615793512569,0.18862443032440918,0.05721785744300496
4.227408421071854,-0.885416576562211,0.3982469695571669,28.516658033942107,8.735687581463353,0.0,-0.3706269512376452,0.09110586270885827,0.020199075657359875,0.023611595355322715,0.04367967439260485,0.011224221265715862,0.014900518835752496,0.0,0.0,0.06265956114330745,0.06246721107515456,0.0,0.011119149297752238,0.11691215377468236,0.02795745659987066,0.0,0.003618907629965369,0.014689464837030318,0.0,0.0,0.015946328618061247,0.10631601359539508,0.31212071676492537,0.11371187853858811
7.665783571873558,0.18099419332306654,0.5580894917185543,24.77638463667251,8.799483558483757,0.0,0.07500946765715516,0.0,0.031077342205601356,0.04677628700233602,0.0032313617895360306,0.028343429442165467,0.08159180436665438,0.02992130637786483,0.08158062720619867,0.13068295204772767,0.14537783823530367,0.024358134413165852,0.07519025700703783,0.21401279120101313,0.06434245810661485,0.26132277713692365,0.0,0.014926689122236717,0.0028795220831249607,0.0013306903895880101,0.0,0.10159563833132335,0.19585130288130143,0.07987319371273327
7.78334894026216,0.5998008558848408,1.0138162244608926,59.82529975836115,9.564375559898819,124.5719839572819,-0.01316536028367074,0.0,0.0,0.032146182536144055,0.03755554249748763,0.0,0.0,0.03733006514744859,0.123492044667138,0.14475016589724166,0.09080530653057194,0.02282654033283734,0.020704832187938074,0.266337368629827,0.004782964489149107,0.05801400749331315,0.0,0.031003397266369203,0.08330559777575405,0.10976260875704485,0.004182115047489646,0.06007397004526796,0.4180544061370628,0.0
9.291295818328255,-0.020683022473502982,0.741934091521127,19.11172944804076,10.73385981959304,111.7348352363557,0.48613479360502493,0.0,0.010106533097823944,0.11001937906861615,0.04183917683870356,0.013558658344283749,0.0,0.028946352961289508,0.22091700637659673,0.10269998518122679,0.06790034471754289,0.041151546315382245,0.0,0.11280721899068519,0.0,0.0,0.06529270216885043,0.04561249159728998,0.031179928493468543,0.12371094551313688,0.0,0.16133542537967854,0.3617547542028383,0.069323473059356
16.58339114404744,0.2765249340969217,0.9020076644624255,24.378008515106718,10.16673079274437,126.60168985730913,0.7456965584772701,0.17957660172563253,0.12320729122753854,0.006041316416344224,0.0,0.0,0.020472589739263955,0.048261376752717064,0.048214324709205045,0.25035327153918013,0.2520012641047905,0.028002603696948125,0.020204644054522762,0.219723522460243,0.023937805046075664,0.05614103848727604,0.04362075964316585,0.008144308594420026,0.0,0.05545220600772054,0.05884085296237229,0.05579702826476508,0.3353251706721187,0.07894483218177317
6.852510257026623,0.3843177474857309,0.7605738263550194,49.49654046903098,7.994719434844405,75.24256013833379,0.6180552569219644,0.0842733649199954,0.10735529740377031,0.0,0.011893252993491397,0.03634374346105498,0.0,0.0,0.10343070852800097,0.17365469657982158,0.15306730101457947,0.0,0.03457511626774502,0.0,0.046345999933021007,0.20446422092492816,0.04204056323642262,0.014777922972689777,0.05441984188277476,0.01741995164365021,0.01473072647877037,0.17939237927417484,0.10445502984755883,0.10934208861245248
7.1977492525251625,0.04568725978609378,0.6706083371241475,34.132182069063596,9.623483648708117,89.01143690599353,0.31560683246317894,0.0,0.0,0.14135712807065579,0.011822852219130008,0.05011638110125679,0.1602729045578875,0.04636600170408875,0.0,0.1554456739093111,0.015021486026752962,0.007876942413651427,0.02485231576235269,0.38440106942575947,0.029980188360215355,0.11922386849486748,0.0,0.002558229122361217,0.06868387760632222,0.010961169102453183,0.009285300305114935,0.02509598088818038,0.15567055125595475,0.0905898715248395
7.863311329072502,-0.020397888349919013,0.8367564249627081,1.7263365315017651,10.622383745130074,87.56163782709869,0.2202940096437479,0.04398538807422076,0.0,0.020767071707494526,0.05006970718340016,0.08345556443315674,0.07413930182221448,0.0350351064935963,0.020365888215851696,0.17834994947209193,0.04082702768431807,0.02814944849050567,0.039216432798977775,0.07619158194158798,0.040971382578335366,0.08237891093960739,0.029773538117097577,0.02323145571398958,0.0,0.014156376308926782,0.0,0.045093805652070454,0.26498514163860887,0.057181891366422904
10.462188216258184,-0.16504868645588233,0.3789628897575801,55.024020448101,8.952616643017837,106.33674133561016,-0.2048860043009315,0.08118655417427907,0.05707146390362679,0.01744272424015432,0.015804765025317385,0.0,0.05820294792378218,0.0,0.03523613217463216,0.08938697833152581,0.14059548549166245,0.0030519967377164925,0.051224123658807616,0.03615353887851634,0.02885513728346938,0.0,0.023723961171982763,0.12007424278812669,0.046846497710493436,0.03247226601490355,0.013068649157265404,0.2346993496239006,0.6594465535259317,0.07360285166939959
3.86983531773072,0.026584197256578457,0.9959241141686819,48.395363616304266,8.099979696578426,37.03915051880706,-0.5329560653897164,0.08620486707337138,0.04939107736425265,0.04252452817719412,0.027877132844683256,0.030645275152741812,0.0,0.07201228333793822,0.06110469113576951,0.1272858675115437,0.10940614835064436,0.0,0.030935694091597292,0.2646878271382672,0.0,0.04648096324138723,0.0,0.0,0.11354942192775438,0.10366535960168652,0.07023365531816363,0.0,0.295981155302683,0.0
13.078713065562994,-0.17179105014513188,0.5220373302840623,34.703129964528685,10.733138372346506,122.14955211023371,0.22733727857520344,0.100071437721851,0.13075920073255298,0.007538033082652985,0.0,0.0,0.17406693408281174,0.03609248799039863,0.05734716871874587,0.18200424875149301,0.10106679569650205,0.0,0.01627797351871084,0.05221427241790956,0.0012745016274018674,0.13063754248383594,0.07195636454151678,0.062285612013637595,0.0,0.0,0.004754235944032436,0.10434708207952688,0.21781802747578796,0.024881296114089527
9.841539341645737,0.08012655639778926,0.5590325182629546,38.304243039391714,9.053800955948,45.933938969641055,0.15308791417074882,0.10793649517154433,0.10603478953726628,0.07819502155873209,0.0,0.04050452607736306,0.12194068876778127,0.0719657106454422,0.02876740716041796,0.17547811459607632,0.19704776310450303,0.03302433205625413,0.0,0.07877741476242234,0.0,0.07610083460571679,0.0388414532850699,0.08759668119929728,0.0,0.0,0.03755453884825191,0.14988896997871068,0.21422399402769654,0.008915005710077153
3.1058029368647406,-0.6015928768821697,0.2335681565102316,69.30120957878964,6.8329401652345405,59.94493823869073,0.15927135647930787,0.07180749773756843,0.05463828494229204,0.00451640763352883,0.0,0.021890404064073343,0.04831092541281691,0.007833616892808795,0.0,0.010232177782037347,0.0,0.025182460329307182,0.0,0.15865320659991358,0.001636680059221584,0.30576952803001944,0.0317510415186284,0.02141137032851436,0.049085548301755336,0.043200421897858624,0.019191315134538277,0.10789274662321427,0.3060900640393598,0.06864275423929314
9.371025917408392,-0.4819181502870712,0.8934374199081636,33.62397165608628,9.60014767787219,72.0591644414949,0.6984043768707187,0.07463453309792457,0.0,0.0,0.04895302418432723,0.0,0.040418656310715964,0.03027442848514773,0.0,0.17477771678649306,0.0,0.051198864039329745,0.04174560715329035,0.0,0.05079094000744624,0.0,0.04923248972698917,0.0,0.0,0.06863346907628928,0.0026288145827431976,0.2385543007394768,0.2084782536124794,0.014198799642012799
-0.8286205906757376,-0.23985443599111433,0.6638497714884432,30.98407897478758,11.403579590121527,131.99744039197506,-0.11280626279168354,0.02749054911834297,0.0,0.015959603307675367,0.04362987272004429,0.05823745492709256,0.06045537354316717,0.0,0.10192433298649375,0.006930518279989112,0.27776272393384166,0.015650341930279005,0.0,0.0,0.03880521293342612,0.02750403772944937,0.07378204337756805,0.05122400445833833,0.09229118563081017,0.015402862707486796,0.010607857083297199,0.11930168482264672,0.3060982810379249,0.0
0.9834033526962305,-0.46898854589943983,0.47882552431178016,63.368758252111704,8.726817895761855,102.24981198313561,0.751256579068883,0.0,0.02048538550798462,0.040520969061841584,0.015035418563985516,0.08785851473480633,0.15120360796856908,0.038393148301200566,0.0,0.0,0.04444048559639733,0.012258888823820297,0.05099064412046052,0.01946465954290104,0.0,0.10153988850122808,0.0,0.0,0.0812039828183204,0.0824911561794658,0.0,0.29053219379617523,0.31786180504636774,0.0054662526598514075
6.855715319956868,-0.13581897416880934,0.595467052810734,48.267791157137076,7.587100923902247,123.21355660095203,-0.07861709493205143,0.03535924215392544,0.0,0.0,0.05067931605683148,0.09056083170755969,0.025189961064476234,0.01866627252352692,0.09890762553968813,0.30067319100538903,0.19284476886824728,0.022292158715314443,0.0,0.0,0.007121954572335732,0.0,0.0,0.01013762213496544,0.04542722850882628,0.05329357450492188,0.028174868812939742,0.08997994710654125,0.319937511433174,0.07702330866911386
10.723300128966427,-1.1056592580902946,0.75125290130446,32.10569771284964,8.660870192177825,120.71069906841649,0.3129782389829096,0.1790306322605237,0.11171065514355699,0.0,0.0,0.04774099472154966,0.18319052625264035,0.002105792410772883,0.06261825770959835,0.30499651028208624,0.18023303610454522,0.01744516176213707,0.020779864411783405,0.09553296065137842,0.0,0.13983832214383862,0.10118019704704308,0.038131923007633475,0.06797510859621428,0.052444212845149336,0.0,0.20334679219460908,0.23858642489740373,0.028309698423412265
10.800646025498361,-0.5593724554221683,0.6289725667039067,48.733473620284144,8.551477819760853,149.00734100001867,-0.13871964712662782,0.14777283266622313,0.05837414283438247,0.01595174178175106,0.0,0.0,0.0799960659489306,0.03127247496638237,0.09516671774323907,0.03998236934595109,0.05138349839760499,0.04089560737234817,0.006969011958532324,0.07914035834275585,0.050188898244935415,0.0,0.06105664831336135,0.026860419326309278,0.0,0.0,0.053835678384736525,0.06816409866136214,0.18426433718487284,0.0
1.2007348675434795,-0.6532537896399271,0.6468341701253045,55.82455690824587,9.485245953371724,106.49265403647311,0.34585124973989,0.12796374302136027,0.04733720733918651,0.0,0.0,0.10838997603639067,0.0,0.0,0.127345189142225,0.1337273471726805,0.14511307968576004,0.004586932513519502,0.04337914182200901,0.10468215220203346,0.0,0.30824703964800804,0.0,0.048866713620318455,0.09783050552245251,0.09084973572773264,0.0020647707578760055,0.08768116932823254,0.29604374699978353,0.0
5.178301428144334,-0.2679621180145739,0.5742928231124246,51.587833063021264,11.213294634587488,127.78258133462451,0.10396197893687993,0.06630729958852843,0.03735224342416695,0.033690176165805205,0.002609662485634656,0.0,0.0728691203899244,0.09659038794427156,0.09324130547933394,0.10207291148834703,0.21656506241177748,0.014901959445785033,0.0,0.0,0.0,0.0,0.021894425077925606,0.010491588456330584,0.0,0.07145875623865236,0.03771269305503945,0.24296268715903319,0.28346407824108577,0.11068838658125274
6.565664022984528,0.2085934046744043,0.573443257967802,72.15617813612741,10.672301003880593,66.18162994403885,0.24054922606322304,0.044734585078977755,0.006449753163337232,0.013601999860210025,0.0,0.02357680582048627,0.026885668385772984,0.016065009145698896,0.08344120788422947,0.0,0.0,0.0008829969895254395,0.0,0.0,0.02302920616301117,0.5690807916077079,0.004074363845292195,0.0,0.0641326958689808,0.05353151631617896,0.034386002453086144,0.178073499806928,0.7562048235740957,0.0
5.753476414496463,-0.778578439451551,0.45319893349306206,52.686589141941624,9.034925696852754,89.57931857336118,0.38501349722771,0.14683144299672893,0.08680779640001936,0.04022112586348925,0.06118315400885242,0.00320152482400253,0.15164287880660324,0.0005312222985739117,0.03690490241398079,0.12864546962874748,0.009633615463787756,0.0,0.08135822607561288,0.14494927443881447,0.05437910410547191,0.15356728194204422,0.13239391784286547,0.060761223396939304,0.0,0.05081616918697502,0.05497118819313633,0.1024653330451827,0.422129832197694,0.10373977364945755
9.412867803152412,0.2927370917444595,0.3674144228713798,28.415586538449116,10.711937558320834,108.90665306398748,0.46288535012712195,0.04625835024682006,0.02619192670955711,0.0,0.0,0.16157575081870923,0.03494764701063719,0.05152373149312006,0.011552270096913883,0.1043621336004744,0.07323319327985076,0.02655427814727972,0.05146138939312212,0.3081093099467602,0.01865272088628634,0.29969063746674024,0.08010479394251085,0.10418299363527843,0.14648127101799027,0.0048067158461363065,0.023572366573921873,0.2283856245602911,0.25694121691450006,0.07905555080692286
3.800988426988868,-0.23398364997671545,1.0993153069052646,52.587252437456705,11.5,141.5337164316,-0.2456172934919466,0.04211954921209798,0.022707556946473972,0.04640842872937478,0.08212314724866462,0.01861501425698575,0.034174133592363064,0.018515634521585108,0.09706516276722953,0.23049437966542652,0.15082868888961148,0.0,0.11072234642271105,0.07493120321050761,0.0,0.12435537718209695,0.00930916432625362,0.08419747729248896,0.15060333397962497,0.024614664004404405,0.0,0.14026360391757267,0.2323395072550436,0.023557888190621733
4.273561265516105,0.002992198999264256,0.3498648812736836,41.49089354781167,9.55309778799171,69.72486652694936,0.35853334947872484,0.14610560608641543,0.0366344692037063,0.06167770409708942,0.010888108538091731,0.0,0.05444961134551128,0.08563181027582883,0.06638205711658916,0.1583430365801315,0.29318447522612784,0.004229998394337943,0.0,0.0055204232686905386,0.005590447636667904,0.1257647903472155,0.022705557551657,0.08681355873340792,0.06552982038401906,0.05664300796830524,0.007301723796317642,0.17417953454989227,0.0,0.0
1.6223551155082854,-0.36322398782412096,0.4712928365977809,41.429029399706884,8.731890451025905,52.20369896408919,-0.7727593715314398,0.06959018251064462,0.0,0.11069434725356868,0.0,0.03794160310696482,0.06479338885567651,0.02763181454891934,0.0,0.0,0.11957434454034788,0.0463356044573716,0.0480876119379085,0.2593441452203219,0.03450713646638303,0.27184998637616964,0.0,0.0,0.0,0.0,0.0,0.03856966059116797,0.11586889962724992,0.05342327483625701
9.716627777200145,-0.299164983042528,0.6077487044119317,42.35242206331737,10.115235990214368,47.067315362880365,0.7382024654751248,0.07894549068322834,0.05413936451914378,0.0,0.0,0.0,0.11464414825410481,0.0,0.12565352622774364,0.13483863873508145,0.04048813097998937,0.03814638802367974,0.0,0.13401124921819021,0.0029750328505173187,0.0,0.0,0.03988977571089926,0.06332485306353929,0.010227293897595786,0.032894390355899784,0.05656394672185387,0.32219844794282726,0.10406701246397568
3.5612066733507994,-0.8803569635130555,0.7710994432006805,25.05405924364901,10.218134325289725,60.622514936943645,0.4705022436547836,0.0,0.0,0.10268525909267023,0.0,0.11249759173073276,0.12697324200715793,0.007607735903050113,0.02552974928708518,0.017617487431099074,0.0,0.0321382642020695,0.0,0.17166965751604496,0.03853074929932935,0.2790772296368487,0.0,0.011960727914853312,0.09166258874679364,0.005308935267691956,0.0327177156956925,0.15828804797744758,0.41609086441246534,0.07499335979839326
6.98223820512856,-0.5793916380114523,0.5648306588673125,54.19765304901387,8.426065768568863,162.47952313577088,0.14620412902529956,0.05705709018486152,0.039825902108622635,0.11639706401208506,0.0,0.0,0.10637168176586237,0.03968001469130518,0.05506922610868935,0.008994438290978526,0.08769187944455326,0.03001698263272845,0.08275913199069693,0.0,0.047475189915295576,0.0,0.059679445067750816,0.0,0.05717239440999711,0.0,0.018346363648552258,0.05318347090191137,0.25005306495637675,0.0
12.78732079706348,-0.30404216728850575,0.537718004647721,64.82758008545392,11.5,97.82319407031154,-0.3526669811442882,0.000909504673724075,0.05107083607823734,0.07296501805929495,0.0,0.00789431639241149,0.1618663606712168,0.0,0.11166626221865904,0.10846749175720813,0.14794276122406055,0.0,0.009251184817108394,0.0,0.022675722663991937,0.10624625588356082,0.0,0.0,0.13117398946340864,0.0,0.04545193287806866,0.19936841050362752,0.2171636021170995,0.0679972699238895
8.128817509209785,0.010714172075203948,0.9388463728850809,30.901056954192782,8.117615074453205,28.859913457840527,-0.2235934452851719,0.018923332515073756,0.0,0.03677069173165275,0.042388262397429016,0.06091846996025417,0.04537116773012171,0.06182565094750743,0.07038599852718903,0.1168574909112136,0.11984467463354728,0.010161415227818821,0.006880421059188888,0.0,0.0,0.33539379734965613,0.0,0.04221932653410905,0.0,0.005993276001636804,0.10676742441111997,0.0,0.36008682743446574,0.09233778201446598
10.104358138280942,0.3339302323997595,0.5527298119297788,29.1603691723732,8.764961574884744,118.15472933745127,0.5000263832307237,0.1307546422423836,0.08920581065229376,0.04179492827068665,0.0,0.08031471124390868,0.21558357585347032,0.0,0.0659659608533516,0.08229747183965688,0.10589234812646275,0.0,0.020419934535087638,0.22841825565557572,0.05433581498385601,0.17474880735820217,0.052859980551011945,0.0,0.0,0.09485202768649341,0.0,0.02801636651191884,0.2107034903213744,0.03926728149686712
5.394638001799047,0.14418444274564124,0.9324795294132107,31.550998635689716,11.407817350339846,81.64850151325523,0.2944374543858211,0.061451034478776666,0.01857082920696057,0.0,0.008305671415950113,0.11449631508620198,0.10426650405883826,0.0,0.09172931345704727,0.113332483360553,0.1056667443517927,0.0026525112327437537,0.0,0.0,0.003491968092431342,0.03811259775682631,0.039503298614239936,0.0031833619654330833,0.029043993116052536,0.0341744525765794,0.018807127230296282,0.018712596030391812,0.2915332633669511,0.03609224627998113
6.187491765431086,-0.3490245650826352,0.5641124881754742,39.63490818059062,9.701496104395018,45.86468328346811,0.24970124226601814,0.06372148719526273,0.04393046671992222,0.026822092035480537,0.0,0.09880311271970962,0.15822218136500416,0.01092994443746519,0.0,0.23656261125137407,0.10062958408498106,0.026880516341809182,0.020556611978783244,0.0033733492826553135,0.0,0.28551454407978427,0.05962325512112543,0.0,0.08887641513848293,0.023456710222204046,0.05106839587706866,0.11756714238177329,0.14847039164829012,0.10240965105125899
7.8434611385222155,0.2525063245784664,0.8135375038075756,39.77843106199454,10.036869660021342,114.8224923838098,0.3615042178064416,0.032857860814503786,0.08564344010027225,0.0750521860566173,0.024914844402555272,0.049100629426372694,0.03753680548611203,0.0,0.0,0.12556196179159576,0.11496517122764109,0.028613649825162773,0.004330494348692371,0.1790712611007208,0.04668070741229169,0.206475941039933,0.0826442238569965,0.012021541392032348,0.015445988654600909,0.047422501606004724,0.0,0.32629765959662205,0.14159147692571378,0.04263019519339876
-1.3747001223683801,-0.04955562722586124,0.5707608320027807,35.2959358538973,9.098535947583182,0.0,0.6932973414091637,0.027701606118998086,0.051086432536175265,0.0,0.017680252387964415,0.06419951182158182,0.0,0.06273883922594076,0.08640941055366697,0.021736620194488923,0.14504326475685053,0.0,0.027852249954079596,0.09134763379863012,0.05561697721391884,0.5458840377010561,0.0,0.022082394295275636,0.11064813722060698,0.0,0.0,0.026999076895017612,0.4474836038538099,0.08785638188597156
6.672879481246265,-0.385747111219641,0.6050334385352694,46.59429017876918,10.415196763969377,84.00506511986181,0.12280687152494076,0.17273448085505527,0.0,0.0226189059008245,0.02433818779950825,0.04354917999395307,0.0,0.0,0.03891144064190297,0.299728856279494,0.01996448025280849,0.020753688533775072,0.032622905699220175,0.05452642905852645,0.06028356306007414,0.16913171666164878,0.0015659077076974753,0.0,0.032127642314733404,0.0,0.03663830551446254,0.06605331493963865,0.45472867840973474,0.0
1.7000506215885847,-0.32237249378672456,0.8716852744607171,62.824902484579326,9.64616350900377,108.81137644507506,-0.6947744829309294,0.0405584851676659,0.0,0.03047802550161273,0.0,0.029115239619217668,0.038343259142541095,0.04713659924316284,0.0,0.15374362761945398,0.0,0.015046669164928136,0.05658326549061651,0.11046412141803828,0.08445248422677809,0.20297681763888836,0.024601282016590627,0.0,0.0,0.0,0.01253713063044433,0.19155070411753178,0.2410451973923156,0.13670366447423454
10.070654684783442,0.11986821284062182,0.4382621099774638,40.20126225945273,11.438583303355033,144.53980045804514,-0.4547701292866545,0.00464500440835245,0.027739232040578914,0.051378605926189196,0.00030386692793200193,0.053984011924494174,0.042582379075122655,0.027390231256221552,0.0003743849204158392,0.2270244284129429,0.07779462725158691,0.027939541791147788,0.011283216840499068,0.21103159340857952,0.03832030973664875,0.3337344400883528,0.0,0.0,0.04791369800877788,0.057114474392232314,0.016412312226436052,0.11085564786181307,0.07007646554197289,0.06078652826837511
3.043231461871857,-0.6696132479630199,0.6175128360134639,49.68912591545268,10.601015525362792,139.3423924413746,0.24495290860121344,0.10090600431588474,0.013762717403443519,0.0,0.026560793460752224,0.07865689986901805,0.09702827269410372,0.030926708381929735,0.06624191490383846,0.10847657840993669,0.0,0.03436627490830495,0.08020918515205622,0.0,0.0,0.23109936290019506,0.017293930229082207,0.008580095240388077,0.03891999649397764,0.013719073082853538,0.0,0.12082969431344881,0.17600281493874465,0.07884326650504334
7.250008542417014,-0.5311841356482786,0.7193285929820914,53.27632369538607,9.903284322564922,43.76551166208142,0.46226381601593647,0.2431468390313635,0.11120532081225451,0.04585282026549953,0.019024022857011012,0.03858452508076649,0.0,0.039593329026013736,0.11183549566053684,0.10599095274307956,0.06266333821665532,0.0,0.04979437799186516,0.0,0.01426845665915418,0.14449118934050373,0.06979912772379378,0.0,0.0,0.0,0.004022011894610952,0.0,0.130842409550718,0.0
5.203542433649608,-0.26191092434720314,0.6530699490960433,26.131789577686078,11.493784672939572,121.41337113426349,0.6379411351218893,0.08966296269202897,0.08661265259620599,0.03839115431380183,0.0066878421345000095,0.057846185238886474,0.1862803322535314,0.019439057321024796,0.07330199285084439,0.2181192043129755,0.0038484202279649993,0.0,0.02514657941144176,0.09800291730479668,0.017611594930992538,0.3724254792553416,0.08080366983069387,0.03731689740074728,0.007718293933333578,0.0,0.05421212864870061,0.1730740117016142,0.2148889977485101,0.0611270547660042
4.522312203177676,-0.661517758342772,0.3552295826952602,82.82585015817531,9.962637512111396,77.89149908925117,0.14124546980792843,0.1284031842787083,0.0014829793586831619,0.013653069482579864,0.08054851819550751,0.14621055922873977,0.1995452527665146,0.045768887105216066,0.009903201627277244,0.07173279622121707,0.0524964890034983,0.01251016784616037,0.054058140927774515,0.11838339662261053,0.008341487679591999,0.21535634172551027,0.009619676536101442,0.027378260387534343,0.04944029218905768,0.0,0.03827724601831502,0.0,0.3553429565583523,0.05268812784109744
1.5881473409833862,0.31117073950821583,0.6294768837771745,31.25974890481354,9.053488137637114,114.19464951646879,0.15849354392714868,0.040718383528479285,0.016536182936441997,0.0017134974574589332,0.021486927799031386,0.0,0.0,0.05205915412714272,0.0,0.0,0.19591494105018933,0.03019547529392796,0.0,0.16253505798155535,0.018432343525946956,0.12475185770391357,0.0,0.020487940188981868,0.09713593217414815,0.10508933178431294,0.05811237902843467,0.0740922093605098,0.0480880272089626,0.07655671514933507
8.27461649536317,-1.0690679965140422,0.5903693793125643,5.551621548907846,9.03043259526018,67.75316867299281,0.6704395682692219,0.10626993055723334,0.0,0.08272929922876539,0.018725346027883415,0.03897303376361985,0.0,0.0,0.06107289429973557,0.0,0.13654795079239213,0.04341843546523316,0.06122923906720366,0.13015025069885605,0.0,0.10256809943898557,0.059718533869606016,0.0410953563970026,0.026775273085518362,0.11125242097453286,0.02952220372472922,0.17630726278403067,0.15040343182126542,0.06232751298233355
7.958704205263723,-0.7442536899737594,0.6493489245985565,50.92518828023279,10.829839398641035,132.35380944145118,0.643210530371009,0.10622682977239813,0.04725010267729403,0.0,0.0,0.0006465282805959843,0.07588879535575192,0.04276886019404642,0.19124774786700863,0.07722607382255485,0.17267825145394783,0.0,0.0,0.114512252967369,0.001085673531233091,0.0947818150639698,0.026009786626388205,0.060120073663940954,0.12305493218182162,0.07576078651620746,0.05371258516241853,0.13431807053526593,0.4518419308488929,0.12052700649934797
2.6289820487233064,-0.2862921307789889,0.5925600476376716,34.38923314983276,10.628579886573291,123.09019023635688,-0.06285995524789184,0.11067080952768588,0.04101674179418627,0.0,0.027505499415761674,0.0033389097313162655,0.0662873421850753,0.05268227708467679,0.0,0.05578799348102919,0.19600505527978979,0.001660114908235903,0.0595818658484008,0.12123014950700757,0.0437223619199644,0.23246628806518221,0.02828134642072818,0.0,0.0,0.16736713989048174,0.00666061597647361,0.03507996120712418,0.4972950177716079,0.06306540424270476
2.386591876216159,-0.18196612832806985,0.3703032946296961,32.55602450536337,9.090525038471537,125.29346033111807,0.0503388893830472,0.0,0.0,0.0,0.055239937290078936,0.05179543892148203,0.10959390168574612,0.03319340428942222,0.020865445307365484,0.18717549365677777,0.09482426945574528,0.029917784768476036,0.0,0.0,0.014550947865490504,0.17779654742948608,0.0,0.059279313488596476,0.1923876752920718,0.0,0.01579566199659712,0.21050704329715597,0.2777542276813977,0.0030201760206202202
1.846428352453417,-0.21930946986680475,0.5239765550034415,30.455399662226437,11.5,122.84564523746158,0.604415066117417,0.09632709045381,0.04981042871868396,0.03514690529643558,0.012632294039146463,0.0,0.10133153024402276,0.0,0.0,0.20868083002727073,0.20454679239000226,0.004343406949753513,0.09748493430904094,0.1751412720040344,0.0,0.10328521727764561,0.04223532510166858,0.034476609916469114,0.10026249334974532,0.028293314098279558,0.0,0.14498899624449102,0.4183750400587386,0.02508967645451525
6.023259698231099,0.9556888208259977,0.78609384588727,56.32942166452357,9.615400580570812,0.0,0.8260681693924204,0.11272591398278307,0.10563897967120836,0.11165946736700812,0.010585446357893815,0.17487828514816273,0.19862846405156914,0.0,0.004080734999979629,0.21857851151452967,0.08000452428914244,0.00207027656507593,0.04199249262663315,0.24049007940603845,0.0,0.11212710798012557,0.0,0.04610833665103857,0.029016200120532517,0.03926601763046973,0.037368034832683396,0.05802369211582031,0.0866249590666554,0.09688050638059933
6.733277325175756,0.2436745721775787,0.6098240162996464,14.092533417658128,8.892360971942475,37.55812203441036,0.989519900888533,0.04535584409751144,0.0984284858995414,0.0,0.02465697191225652,0.016615732332285988,0.29656894438914794,0.0,0.09556672130302098,0.2752937142609001,0.18026365807537745,0.0,0.0,0.3167276894963166,0.013969350957306363,0.3156122977841507,0.06462757508536927,0.0,0.010190710540452584,0.046382714526957206,0.03740519761010272,0.14849119913734204,0.411258728536948,0.026648001977957393
12.524837761096348,-0.013935900011214225,0.7009664320671299,38.021882190578914,8.739226144906272,47.6160637930093,0.6449828107541629,0.0,0.0019841169765762376,0.07530429176468742,0.0,0.0387428322722112,0.04627305387660599,0.0,0.1600420469439157,0.0,0.06947402216986583,0.0,0.06988522522574334,0.008036682124024044,0.04178532399695194,0.0,0.07170812870240076,0.03241872689841323,0.0,0.0,0.013722749221441424,0.07428721140623451,0.29983325547561146,0.0
5.696598669448619,0.38019485179136137,0.7199107643173535,27.327857968127574,7.935191471027039,157.36278186223444,-0.35078893778215126,0.13469897964964705,0.0,0.1068953451871304,0.007143840624277614,0.00572914387944809,0.0025888372544622396,0.0,0.1287031720930846,0.15580522809423825,0.04796422735308211,0.03864168876611129,0.08492722853682713,0.440617472375633,0.005121036034083322,0.0,0.020478416304790945,0.030757927232816392,0.0446942309155931,0.09052609439437159,0.0,0.22196726865883654,0.10310668163034045,0.014373610550650735
4.30138113903694,0.8066210859574141,0.5484982208849654,32.176595232411024,6.937097878048503,104.66890553320431,0.6752000087868124,0.06455395827046564,0.004576530087972586,0.01691541489350069,0.0024477135996333332,0.0022711423647005305,0.0014719111156345638,0.0,0.057507957848443834,0.17938704218717516,0.13314029847090034,0.005211202045694514,0.08012232641183628,0.0,0.0,0.0,0.0,0.03397215757535234,0.042317146406304844,0.0,0.0,0.06854282583181091,0.04026094197527813,0.0
6.23987510390805,-0.029733724043698673,0.6851708952149274,7.389079321064855,8.802743569491716,164.2431756524544,0.5681512997063123,0.08552488030177335,0.0,0.015540627696723246,0.001576665894132124,0.04715503187544954,0.08250757291004504,0.02184389481362914,0.046719764684830495,0.16067187910214248,0.12495957641901795,0.03132615055080128,0.0,0.030420429497387685,0.032256994648956615,0.05864648331467015,0.14663510939419916,0.050649348766221756,0.030015337953002853,0.1011651119479751,0.0,0.0,0.2061972413761451,0.01434375572925101
10.382806421663744,-0.07129178637019123,0.7058815956064437,25.69212286759941,9.247947648747681,130.3899880005567,-0.06315764969922799,0.0,0.022233907757312946,0.03804420163833917,0.0,0.0585837729034456,0.059891589534069006,0.055493805836759294,0.017337881366235534,0.0,0.11333735730324163,0.01444992959720912,0.01467595516102699,0.10656902035808102,0.0,0.09751568397351007,0.0,0.0,0.09909763345849387,0.0,0.0,0.0008504727968492581,0.04029158630852592,0.06948462712152256
5.743594126285357,-0.8999127445313359,0.3049884895750559,48.431901791179094,10.206242564814694,138.62342273079824,0.23093257036044826,0.0942952709629366,0.05041003544424741,0.0,0.024106549365767636,0.06294435391933721,0.0,0.0,0.08636323741155998,0.069066766671077,0.23075105693742093,0.005720187259276288,0.06335829447777516,0.0,0.0,0.01409587859994671,0.0969362693871621,0.06651976920466211,0.06803858611319707,0.06958022901729966,0.03900502480530559,0.20759670013622833,0.3282858352972908,0.029634923705802417
4.497825652467259,-0.6925342971619683,0.673216301309674,61.93583582857782,10.165318134996442,25.663455928825115,0.13017354160006944,0.0,0.0,0.03269805557875349,0.031030419558760382,0.0638206626725859,0.0,0.025723531082675305,0.06525996952822864,0.021514098561673217,0.18137426596680595,0.0,0.0,0.0,0.009623877076577698,0.024903727665161385,0.08101825013739393,0.0,0.038702129529350295,0.10506990682947509,0.0027892399093037423,0.050319490968012054,0.3068448919167809,0.06910154605209898
7.123869119873784,-0.3224479898313112,0.6927707634784872,52.98945505395438,10.059011534352372,81.30461554383847,0.1456600842768248,0.0,0.057153132105544846,0.10143228140049666,0.05015792332073575,0.12198654799944225,0.0,0.022040531267211002,0.06520434336688365,0.2059976370825093,0.1962722123827807,0.019134844665608518,0.01309797854085484,0.0036631858646507254,0.0692593253998119,0.2931801642337388,0.08278659793277567,0.07760323328973816,0.09742328869732333,0.043558615965547755,0.0,0.2272947050485471,0.2917398723935479,0.0
2.4153794738362064,-0.43486484894694954,0.5288244669083075,37.12258019772228,7.994525110461324,78.99940952091403,-0.28784258193705037,0.2526802031134668,0.025744190321733737,0.08181824549823526,0.03574012111367095,0.08673012148101596,0.1667270791333521,0.0237890631653951,0.088868340792003,0.0,0.08364572160210006,0.015915096871240826,0.056705981771805726,0.35764002306475956,0.0,0.0,0.10480602560464812,0.0,0.027298789333153883,0.030282858270665472,0.0,0.11892496031852645,0.355138855901276,0.08289877019112173
5.102765332200478,-0.8983576529114595,0.6086014299361541,73.20299710192869,7.438487070884518,114.34686453421091,0.45730018030592834,0.06367778984104758,0.04715513738851419,0.0,0.0,0.027565812794985822,0.0,0.0,0.10313894721612779,0.06592730949826484,0.0821514940355228,0.0,0.017777445256814427,0.3449595262983528,0.020117752752629933,0.24863813165294318,0.0,0.09896005147383469,0.055069397685753224,0.07025543968634959,0.0,0.08064448601570019,0.405458663021543,0.0
1.2496613570373105,-0.5648809772873116,0.45129739549761266,22.190552804000394,10.49574082460735,52.46428255226344,0.04879781622325047,0.0,0.002207548146878912,0.0,0.026956346697369488,0.0,0.09084460314264863,0.03916891864654698,0.14841436613029096,0.0,0.008930812970185456,0.020885483623221568,0.041223784672910976,0.051533239420874934,0.04793051171798917,0.10523387711146304,0.03578224977627678,0.05784404289132873,0.0,0.030401255304130438,0.037059702737296626,0.176388921528504,0.3492753244603261,0.026550855438847755
11.155528136128567,0.06993412415721922,0.5755530488422512,28.622969444438752,9.005746041227283,40.0183829101294,0.30128279187013507,0.11394802756163203,0.02660703973751314,0.0,0.048325103509757605,0.06918449279280872,0.0,0.018695531304942087,0.12975052360446188,0.11119288704402443,0.03508264983647226,0.01791466417029816,0.0,0.0008288852540129371,0.031680064060512575,0.27832169666334305,0.06288486059779017,0.07973959102523877,0.0,0.1271714985562848,0.0,0.10659542398100491,0.04657923803410163,0.0
6.6126187082607375,0.16163060625911735,0.6151758708627849,48.63432684974683,8.78609190079585,26.575723187626636,-0.33553630295628734,0.040280370528821365,0.0,0.003539285399821672,0.030594428138458928,0.00816306870908435,0.12907878346097698,0.02889037033393567,0.08464122404153437,0.1856979810614332,0.18688500095699584,0.01999292682064237,0.12765867199084918,0.0,0.015510246340701611,0.32144947169253324,0.010855232656052469,0.06446389676192124,0.07880714965199245,0.0,0.002635390451393955,0.18164317470269079,0.5752354411009493,0.013231457912596934
6.201629760919173,-0.2708264219114663,0.5806990482470477,78.91568627171131,7.785312044203259,105.26604655470855,-0.19428567005632474,0.1361798716020477,0.08237290614065323,0.0,0.012805299560527884,0.0,0.19102225797147915,0.0,0.06233587315084259,0.14486318424304784,0.1742659325046536,0.0,0.0387912930245927,0.34713952624334515,0.0,0.47844831327016435,0.005054294211202154,0.08436759608664698,0.16488434831059795,0.0,0.032173941136206176,0.13424147493323918,0.25079849405027826,0.0
0.7463016404560054,-0.2336799904882346,0.5835162272957517,42.95461691126963,10.504264311892515,145.51314501409743,0.5117422300006218,0.10517287099538708,0.09016154871460161,0.0,0.01570246728601497,0.14027703580916656,0.08184585766629063,0.0586132347361043,0.12624113353042415,0.0,0.09745275493221789,0.0,0.03544596421919132,0.00020513927790406783,0.040282750113294845,0.2136228219014464,0.0,0.09357244443490823,0.017024803051694445,0.0,0.041398464853352274,0.10133726732644081,0.20228271259728609,0.03467701417542867
1.7597292906524253,0.4141652453049902,0.7607493346966461,37.50083547806636,7.831815078877121,55.995114377141675,1.1801030316776693,0.06939797727448752,0.0,0.0,0.02228329882184659,0.0,0.08252165448984473,0.0,0.04056898524826037,0.10795744685905381,0.10141487389168767,0.005469920033344138,0.013890436944862194,0.15855943723033264,0.029169425283370586,0.3332664669637859,0.0545164798329171,0.0,0.06477939454229024,0.0,0.0,0.02600885124403622,0.2222657384696868,0.03246302446420267
12.184709908512733,-0.14045900185128668,0.5266540385605982,28.424151426535456,10.100273610607555,122.97939012594841,0.5554538526682289,0.1037856602821727,0.08137899819205018,0.0353333952367878,0.025256811986197083,0.126717487349977,0.0,0.021754849270907987,0.06455011325933427,0.10045172218553441,0.07374173650675017,0.030147571689930656,0.015093347574529301,0.06968734337407732,0.0,0.02210263133442142,0.0,0.03827574235448426,0.022360099612207477,0.10754461063989607,0.010757159854729807,0.07143907553547296,0.35325780768998727,0.0
2.9104981131811654,-0.4181578046097941,0.8182730669144586,30.221087839616736,9.414584866372072,135.3357949560512,0.19523417992340886,0.05681660279197658,0.05729492930552675,0.0,0.0,0.07215989724840072,0.16842667335254924,0.016143711498477358,0.022086346871225508,0.10237667697470398,0.1273726706798583,0.0,0.0,0.12128632606144023,0.02805124595871125,0.20791309542830136,0.027053353849153826,0.051512341750149626,0.001567893766697484,0.09036011410817145,0.0,0.19591606062190756,0.38137016895544523,0.03822055524117239
4.30102124612998,0.13432920639111123,0.8084501118273062,16.448359615872157,8.002338589111899,53.06140552067776,0.05967564436835171,0.0,0.06461038936446556,0.09276786172098582,0.011456456155233035,0.09108643458750203,0.0,0.0,0.0,0.1881667679569394,0.06192162255850775,0.016703818490460074,0.015297346375421654,0.0,0.019126473812322384,0.32784094873559466,0.06384550433384796,0.07803863278150823,0.0445293533185971,0.0,0.0,0.2551493660313796,0.327002557395827,0.047765308065396736
9.574221519694909,-0.5302684323150599,0.7503944919104857,44.328034997666556,10.383798632696024,48.787782504043165,0.2339382938672876,0.05710279837125272,0.055281988975588434,0.06074677408297949,0.05318822476833478,0.09186852136282853,0.20677845112163082,0.0,0.0,0.181987473507216,0.0,0.0,0.020111526079257924,0.055160895182046414,0.02892724534221339,0.0,0.031092810495208116,0.044864124914785676,0.1813131167812818,0.09832991000896733,0.0,0.0,0.3071948859882675,0.0
6.721956202945139,-0.21638799805210684,0.49994078373984535,29.230658361484494,10.041285800387723,131.94548438341243,0.7180452426561761,0.0,0.12438171992196037,0.0,0.0036466024087127864,0.05496270594981123,0.0,0.009599993819676182,0.022807249535188825,0.06450591680919368,0.031047252473618683,0.0044476762170301085,0.11434758015958689,0.02493539776081366,0.06217936985030728,0.12210669240953398,0.004182379134877401,0.0,0.0946487901450101,0.12358682126898365,0.051777272225814554,0.07066232117741522,0.19788370246422343,0.1271488470572056
8.953705162382855,0.06624024691588659,0.4885319067077326,25.89997681952203,8.25489607775303,64.23171372457823,0.15573240680085054,0.04078805688506121,0.0,0.0,0.07443720888520461,0.0,0.03922012236248498,0.0,0.07128108820526734,0.1899128985769043,0.17735676039288342,0.0,0.04542268556079457,0.2216989923331652,0.07486911468488576,0.0,0.041688416211025196,0.05216379573248864,0.06524914857072325,0.0,0.033363581165792716,0.0671413668779556,0.4518014350336895,0.05694903212568679
2.344922103503108,-0.23523533832358437,0.5731690489548605,34.63984582667005,9.726118234693237,102.35852339456001,0.15666252968389027,0.08511900346368381,0.0,0.014400790398893049,0.08555929905109536,0.010289625671049137,0.0,0.04100878713253037,0.0023815282886493414,0.09263510094982029,0.020205573262244814,0.027242144954473482,0.0541457071437625,0.4139920539044568,0.01680352410545625,0.35002438556548443,0.0,0.055982046982281986,0.012770178838900165,0.0,0.0,0.2541429622645452,0.2810126570967604,0.0
2.6415345910940533,-0.5346668055747962,0.865602781344001,30.914007601634502,9.654168644729419,79.81554435693653,-0.08214339243747137,0.0,0.1256641083680534,0.0,0.047060205608690606,0.11441919486116539,0.11683017161047862,0.003860075772761066,0.02164656335697123,0.0,0.0,0.03381932286129064,0.0144838338065737,0.2655242929364763,0.07113647764606758,0.1607871910083659,0.06762226455566325,0.08846917752578104,0.0,0.05332993560567845,0.0,0.26778006910351715,0.1867793913919826,0.0
0.18244722067872665,0.711457321411777,0.6641343316336036,41.91750648617423,9.37117192671461,87.02146997235079,0.20125663311471223,0.07014043189373033,0.06255072653552003,0.0350419343149264,0.029711168757141478,0.025591825449336227,0.20710036862432935,0.0,0.0537532990433468,0.0034976058566475593,0.12070646468601812,0.015277990212388938,0.02934385891865106,0.05312391930561752,0.022396103368048068,0.3974801915435122,0.050064980219757034,0.02275603530215494,0.08458724872107004,0.0,0.006161609928470299,0.07534496816963665,0.40563534097305576,0.08318773795750906
6.453121833171879,-0.12770300953914934,0.16906759770347884,45.10617604275339,7.781958178762567,32.10401788511563,0.6622331573695583,0.0,0.047869022884738745,0.0,0.0,0.04805415488579341,0.0,0.0,0.1381409552185682,0.08172494241416564,0.0,0.02044726726624425,0.0,0.0,0.05246454482811355,0.4372741931092259,0.08143832033460464,0.04597083598125154,0.04182156300723285,0.02144878527421989,0.00652837747030403,0.1420338588941684,0.11793280163464229,0.13195242563284681
6.630361619646076,-0.11224711617328112,0.7944974302672146,21.115388216423206,9.667300809597103,46.14950322744875,-0.15914490203665693,0.041753885659227656,0.019484770647588287,0.0,0.04364280964846695,0.03777656929354695,0.3099357915191401,0.06266426631329403,0.14834299251326796,0.2568221810327233,0.050460398688250294,0.015567345854411647,0.05100394622993465,0.0,0.039119974452643036,0.34091307925785497,0.05931527272872207,0.0,0.07095338403141878,0.0,0.0,0.12761041541011617,0.26929699117071254,0.08209152942839307
2.9517181209050958,-0.08143195400295475,0.8393702987009688,45.185483861447814,8.754317973814196,43.363993787581705,0.744981717691212,0.0932150806036847,0.03403511412235806,0.0,0.0,0.04704353298878751,0.18015011881515633,0.00014457748250931712,0.052339912918640576,0.007577850963632796,0.036375232605365515,0.01707844430895279,0.0037857217421635586,0.0,0.010921988138518314,0.0,0.11645982699602833,0.024631127243854196,0.04082028344651139,0.0,0.06828361067470592,0.28708602729824123,0.07684082718526919,0.0
9.111272758378972,-0.2140721962676252,0.6314755094417007,69.97809016570486,9.271775322865448,101.22116263453111,0.3286578434048705,0.046332020345735664,0.03464787082309604,0.0,0.0,0.05056263213526149,0.12360121484237402,0.09282315769866625,0.010250601223742425,0.05293270694833834,0.13530425151719955,0.0,0.034247075069201424,0.20564668444890288,0.0399272759550973,0.0,0.04416034563505928,0.0,0.028536956593492816,0.0,0.0014953666044216773,0.0032828429594950054,0.2875597349325149,0.09049833599422645
9.775332103189482,-0.05488599756049528,0.5957768490988561,28.07709300268017,9.414236538924092,52.77881232081555,-0.6325127790853019,0.07095723219452264,0.0814250504214932,0.0,0.021285869206491097,0.03940176855009804,0.09161013936709153,0.0,0.04916428237723886,0.0,0.1520639825278352,0.02431342577304326,0.0,0.29813013093663066,0.0,0.0,0.06447889951077664,0.0,0.07730057022658077,0.023465796221409357,0.04062906200947591,0.10639674962702655,0.19417654334105122,0.06458312887207733
9.895869350410086,-0.2574651125096386,0.8853498296958611,44.11047269845763,6.375743150951147,134.31792644230686,-0.22175968411237318,0.025097245675187826,0.02743850203152061,0.04332105253335797,0.02751087895677338,0.026522543627878006,0.057876131380150124,0.005528873911023894,0.12132648077380302,0.2039329136421659,0.1266486202402518,0.016282399131654596,0.0624557791692044,0.0,0.03112844975417805,0.21368287754366574,0.048021381752257036,0.039734425455702875,0.0,0.0649100983936156,0.0,0.15748329496871583,0.3760750596085958,0.011599550547165265
0.3748974358434154,-0.6344059677544431,0.7047262933482367,58.37551801926387,10.10757114529249,99.46645715099646,-0.15205470922060332,0.005748800918293155,0.051470283242580114,0.04097957195262648,0.05227297269624968,0.00803168841803583,0.18569673210363397,0.0,0.08554935711698143,0.0,0.0,0.02088201926121777,0.0,0.030684626404298435,0.05045396352971488,0.17300723452890004,0.023760655042422738,0.009030378245115094,0.0,0.0,0.0,0.0356319722423857,0.19303836775631494,0.0032222939211931437
-0.1308656430477555,-0.2310674296289226,0.48619802730948136,42.27074948433206,9.794355471971928,86.72798900908347,-0.020136253178952013,0.09776225038377034,0.02703890924993053,0.0,0.06002811077289483,0.008737606253321963,0.046176889675194566,0.02212619014692869,0.04785012846443559,0.16646977743855085,0.19748679574238165,0.02155323672866947,0.0,0.07697757270171093,0.0,0.1293145053849198,0.08043723405321138,0.11389674225716262,0.0,0.0,0.038011602835509264,0.12137544163259506,0.45184321387435467,0.0723525582380782
1.4153799989453146,-1.014527697804126,0.7717830118663096,34.97106243706683,8.973482311858664,85.52479848988119,0.07984138048823747,0.06530212835502398,0.09660186671561077,0.05991172683639287,0.013529644411600143,0.0,0.011082987752790166,0.0364588204771992,0.12871631573768247,0.09057505398556825,0.21586378023772634,0.01386608909328662,0.014331691243098748,0.18270616920951666,0.03802553736413726,0.016237322845448043,0.07063187836934803,0.05437096220218497,0.011235670357317158,0.0,0.02885918334311484,0.1579669647657502,0.3248030015060652,0.01624444528149526
5.405117102886138,-0.6278103093297167,1.0354962772960932,65.23982390342371,11.177708278314874,49.89574962734734,0.40749423694484027,0.13902109220308895,0.026940260970842313,0.09936342921221128,0.015305721462120728,0.15032494734390586,0.011806684260329811,0.011768837348851147,0.0,0.10390155102156165,0.05823803384894964,0.04253826861227622,0.0643227999129011,0.055832519705404815,0.044901085901804055,0.16705926780894,0.04699186862615491,0.0,0.06248038599243829,0.02586027844120484,0.0598711520562186,0.0,0.26653812449508296,0.050882654680101516
5.7559710933972035,0.031442530336665164,0.381134731400041,38.615795028266945,10.073300923802742,109.58845760665665,0.09955283989428933,0.0,0.05207380301816776,0.031130942689285325,0.0,0.09602616334679402,0.014616702580057928,0.008326846340480093,0.04006493859603659,0.16451621975665254,0.07178127095577294,0.0012835937893086145,0.03988912420365291,0.0,0.03647200976763661,0.27349654781118465,0.037174109120631495,0.027538802891905998,0.03940587272261699,0.01798149809075056,0.0,0.060661224967536384,0.12262976122454836,0.11331025354174606
11.284804648278719,-0.09765826051416403,0.5650483092336496,28.77839596799556,9.323411585510037,64.66118150748328,0.48230355578014544,0.08413245159521018,0.0,0.0,0.00761614012483194,0.11277422074142812,0.23924327445237897,0.06796714280900797,0.16236144476484687,0.0,0.19484422723041422,0.004062641617510412,0.037021161623441254,0.3533264932050629,0.0017342477780335416,0.2757634798595259,0.06126570042074023,0.11370420898295888,0.036474803945783424,0.0489189181274087,0.0054827875444344466,0.20477689023319867,0.37174153040114155,0.05839548206305131
4.548306137841061,0.460542068614176,0.750292743874199,70.06843894430378,9.380030199020934,76.03629610393223,0.08036840052282337,0.00860920240531747,0.038964363317435774,0.03767333887128819,0.007977593324454513,0.21672063798251678,0.0,0.0,0.06878406602246218,0.09260335580870613,0.08112176048709134,0.012518414892449444,0.030158158395659346,0.42199620417871325,0.015597447357812473,0.18590909300991534,0.07555878984962666,0.051662852365545596,0.0,0.0618825660709986,0.019201583349734364,0.0,0.15098683494443654,0.10449342512098966
4.056225589960551,0.08986604253985375,0.8275634038005782,16.439961523651704,9.22967829625691,105.33783486746408,0.3921423332991023,0.033661158373441386,0.0650383580377495,0.019663692514553056,0.06704179907418095,0.11472525609587311,0.05635161644756102,0.04749037486915843,0.03823219756349149,0.1220579780844202,0.13308429164563929,0.021318742613109704,0.007254700953142238,0.230574803855976,0.0,0.0,0.04634306992763609,0.07527053281066998,0.03796642695024927,0.07283286402326768,0.05388844473463563,0.10297905468091426,0.41039525607915506,0.0
5.832492991993116,-0.3454494864225026,0.7013955776072134,17.420076206326865,10.381501272815765,85.28306164416267,-0.21940766063259193,0.11109412992667206,0.11084343239761615,0.08935468536365647,0.0,0.025195303002697074,0.0,0.06509335806647505,0.08028971615799077,0.1254118105836212,0.14998509569755175,0.0,0.10234602446830313,0.18268590956392067,0.020210829960627372,0.05033095681371008,0.0,0.0806386508491117,0.04383921759854178,0.06225297609727712,0.04450375621874275,0.1264554386929244,0.5059420011795364,0.11927962415341398
6.105815126852787,0.4034115617923306,0.7806217423155271,22.55033051191414,8.03584534764208,89.4351599250247,0.5942836640214518,0.035227837323434985,0.024587986198613312,0.004821677315552164,0.0,0.16250584762969927,0.010669724415243442,0.017389031847211488,0.06583928804332881,0.058373062659209884,0.1445598631956106,0.0256722668340468,0.0031840287222324112,0.20071774339827353,0.01090467122662997,0.06048075925311831,0.05294486803647018,0.04512500757556624,0.09623370035836964,0.04979680053543145,0.06538761785336428,0.210777657785292,0.31680254214841513,0.025253560097694583
4.890974394190022,-0.1048379092398236,0.7038418040164549,48.46318966430458,9.857216870053263,41.65442264436513,0.08533871879199328,0.12584459704039835,0.0,0.0075342606455820246,0.036062583382175176,0.1207953337843268,0.07225275831804912,0.0,0.01578573509436601,0.1471032527755221,0.0721047474631134,0.0,0.0673744116298041,0.109490117029012,0.011233267539116038,0.0,0.001628001905738044,0.05019770813666685,0.10384174791462167,0.0,0.019505557457841965,0.0,0.3406825651369684,0.08606515520812232
10.489234355693545,-0.05830147591485124,0.607326670290774,57.33797568903828,9.15246260977493,94.0673364975494,-0.12532496345978344,0.13861453106962962,0.1312629276272961,0.0,0.00872753340315652,0.09421271659734096,0.030687486212911584,0.04273679148485392,0.09092055111318369,0.04493846051453138,0.0,0.012809270509517037,0.07483149802773537,0.18970739698922046,0.044806081850547845,0.41463751926438464,0.06565111160503095,0.010682946117120062,0.0,0.10518483103562282,0.0,0.10762961891096849,0.09710895821175466,0.0
5.081202188556107,-0.6490200086401318,0.7498607703411586,50.68908960996216,11.5,63.952579486133786,-0.10758852039889888,0.013755404177995673,0.052822137439840114,0.0,0.03432212267481702,0.0,0.21665269719321267,0.01966341233895795,0.1315402768698105,0.0,0.09557423217918207,0.04908567181788899,0.04658202948618393,0.09588178122173806,0.05460404305616624,0.0,0.014567946214471786,0.042788363757313694,0.09158251187360741,0.0,0.004074718058357532,0.29671199141181537,0.3329698769359807,0.10075983930989346
6.748983552878181,-1.2357222750297165,0.6562899331995198,48.26515610588322,10.913466633056819,95.47834263971673,-0.8159683539572236,0.11712564079033089,0.08343529467440475,0.0,0.05016263211226315,0.08083943831265603,0.0,0.036557342746179874,0.06464327629557932,0.0,0.010078715405463512,0.0,0.12258285634829454,0.007688891864525288,0.0071978869246661515,0.15080133281010946,0.0,0.0827498400220913,0.07457996161266157,0.0,0.01631885837181491,0.1573154342613099,0.3077885525864525,0.03155174232237545
7.819277889526453,-0.2578409712816767,0.7848273218109181,48.27029003045333,10.301467438936076,25.443794614345748,1.0125678384850407,0.023391483543263966,0.0,0.028325579207261524,0.0,0.0,0.06638269602665231,0.01891139738826598,0.0,0.19900761581843487,0.0,0.019152981500286728,0.0,0.11813644249627656,0.05722412474601141,0.05535110100367727,0.0,0.08724123369387943,0.0182618354903729,0.0393184484019876,0.048647666752425066,0.11089790209581875,0.425129134480616,0.01954515730459877
5.217428933761182,0.18207267385851428,0.6447058012690889,37.64896095669702,9.227864615614303,0.0,0.525738837072038,0.02981197133337443,0.011705315828683008,0.04125735394389678,0.01446456757684927,0.0,0.25152493259035913,0.014384939167040452,0.006194428907977605,0.0,0.15104136465871626,0.0,0.049342507306349564,0.1414962363153712,0.039360087903572885,0.23327074320462626,0.09174515402702402,0.0,0.02275523390743744,0.0,0.045642074098284344,0.05198504026084137,0.2305615022581866,0.1242999314389151
5.847531966160481,-0.345732503224442,0.5557675684149256,40.55294682062854,9.231653380057425,58.7632351386755,-0.3722873121941488,0.055356795244298006,0.002774394689465314,0.013013633663331243,0.08865974884839875,0.14080110722061764,0.005786249122969295,0.0,0.0,0.09972319055583996,0.05097677193992898,0.0,0.033874427723361425,0.004643507374634481,0.04252797787543123,0.17788460377787807,0.020560273410066165,0.02354424435383809,0.02031601138923215,0.0,0.02223550812034094,0.159271211987342,0.06414835997443138,0.0
6.436679472680578,0.10798551077501328,0.38315648918840817,60.348814496179585,8.325057402065063,97.84617369341574,-0.12458055123820777,0.18230820818811677,0.0,0.0,0.00028333994980871136,0.055934177770783085,0.1820380731068273,0.05773306658693987,0.0934545921016017,0.0,0.0911556642985991,0.03286176861523907,0.08483577982196008,0.0,0.03308871315215347,0.025978585415502214,0.0,0.06414791028410684,0.010868028291986832,0.0,0.0,0.2859346995926444,0.22357269649609476,0.05346678285232795
2.148562586163304,0.19785807171546005,0.6684044560343826,45.38657558872041,7.9229168614068275,103.46180617021932,-0.22641600135736784,0.0,0.054065880091679994,0.0,0.0,0.0,0.09474806991383826,0.014400915849442374,0.09688838064980275,0.0030683064837619956,0.0,0.01905185909329862,0.007739237346561054,0.0,0.027392781701061773,0.11421600040104746,0.0024791256101635503,0.050924590720197435,0.020812597775759695,0.03149329012288256,0.0,0.008003695393322366,0.17762058809726985,0.0
12.185706166164023,0.2901330699147996,0.58427575976404,45.32766343194084,8.28422437354228,39.79498063005837,0.44301804902256314,0.10062331433331115,0.09141729836529844,0.013870773118702991,0.0,0.05842632381699503,0.0,0.0,0.03791030563936173,0.0,0.08151640596142906,0.019255148237782273,0.0,0.0,0.056445783118680135,0.1587505853145872,0.0,0.04715416684888431,0.152878364116612,0.04190998330357798,0.03047373461849169,0.08488821768112545,0.1397014948608522,0.16709760161721104
2.9791669218009553,0.3334829660609836,0.7458608594087468,26.276788861737998,10.151817985080864,160.38368009947735,0.020375897833133344,0.1301685022515315,0.08308777604389153,0.08295586913894351,0.0,0.025770959184531886,0.0711885546450321,0.01400457089901117,0.10923781172112147,0.11097225612147735,0.1572706324923741,0.0,0.038587602326434545,0.14187538244263828,0.02569343895459837,0.3270952237402227,0.0,0.0,0.06102596478770381,0.11844954788040468,0.06713000570386295,0.1669860886160766,0.3108131055211333,0.008103433256551652
5.361794511164145,-0.30247041502018823,0.63447049583464,20.771474241582002,11.131177046695345,83.636064885843,-0.28013846128518577,0.0625398375280381,0.0,0.06769108649165612,0.014081483650046026,0.14643181766260768,0.21274869160145846,0.0,0.027009288485459096,0.19779733160118274,0.003519724635837329,0.023350789576506353,0.03688785273215585,0.07061955490623142,0.054434157238714045,0.39306534801113213,0.08438393481220166,0.017444635122465454,0.0,0.05532975218132685,0.037045202624957044,0.134052414520582,0.3532976249601896,0.0
4.79151474136191,-0.10833677532150383,0.590217809047025,35.58306978352972,8.469011619393774,104.15667028712107,-0.3020819168010619,0.060987831637037256,0.06307076861777568,0.12137439240207551,0.03478710710635788,0.0,0.0,0.0,0.07210843289646432,0.17705378917618508,0.0,0.0,0.021192667225120667,0.05048923142076712,0.013834115172975468,0.017941557816080367,0.04815088253121569,0.0,0.08898179718770474,0.0,0.03735774253407782,0.0929667776150579,0.16518756041522042,0.04522832508444209
8.140313864652862,-0.24284654175691928,0.5694126164753545,16.196637231988383,9.778241123456839,164.19334654349123,0.3928142934432641,0.06894574175684819,0.0,0.0,0.0,0.09856658028117725,0.1345180901540704,0.0,0.08207267861835918,0.06079642895596923,0.0,0.0,0.05238695488240736,0.21825444433302368,0.012771084291370817,0.0,0.023959114108983916,0.07402515985234934,0.0,0.03576797023820791,0.0,0.044159928459061235,0.46922370039166306,0.0
7.205171977654029,-0.5267408179562689,0.3976809560139456,36.23324106194542,8.903337497349984,59.97380964217827,0.8137882015572987,0.03864695258150672,0.0,0.05602172597850265,0.0,0.11180488299596064,0.20453087386860264,0.021764042884980517,0.06208027322172194,0.14422429673294263,0.08213465225723471,0.03822297919642738,0.028016765068671397,0.1799626911256064,0.0,0.0,0.012982369611963987,0.05228225121512585,0.0,0.03391732369962305,0.0,0.17065662111865515,0.2622073338130613,0.14629120031394666
-2.6265823115154365,0.21087316527205408,0.7400888267653377,40.45448613725709,10.850134743474047,79.25301687441942,0.20767827715902656,0.07153868825307039,0.10039248724807673,0.012309012024637389,0.025945717941883613,0.0036921282024214575,0.10304757643996341,0.019529010428185067,0.029539724212386105,0.1464370011720587,0.03078992234896582,0.009803912246904037,0.004358154363903591,0.0,0.01988642735876401,0.22370033263891723,0.029707005227224522,0.027448034290848848,0.16149775221724222,0.03164655384376323,0.009299576266954929,0.10320423877481233,0.48097263735696394,0.024605699518631986
5.855207722158197,-0.46004926768034793,0.6926190796027277,47.81784213169283,10.531136482019846,117.16165361738706,0.45737341818941235,0.06430175680759574,0.0,0.0,0.0,0.0,0.0,0.01186319430694591,0.11891481875767036,0.16228364536953332,0.2391467343896514,0.0,0.008360508903617107,0.4374433714300532,0.01039455975031611,0.19501891002360824,0.003540982937167453,0.018511716665940613,0.04788194373104478,0.051511177168733435,0.02342960947492651,0.03909308700570659,0.34364859100598566,0.0
3.9267054775089014,-0.4601857803331422,0.6895107507335347,48.420295268704045,8.93618796228791,122.78551596023863,-0.3124207502019858,0.11276257293231104,0.1315819753502356,0.0,0.0,0.1028459854429837,0.005985699532948266,0.041094209994432696,0.0,0.13669986802171355,0.015733868628940606,0.04316391715361072,0.011356464248428629,0.0,0.0,0.34123267486032927,0.0,0.07980383347329165,0.0108859098526293,0.014232320978676095,0.0,0.3100305042297422,0.4264749865210693,0.07750652174793513
9.56087341966266,0.1083690314440881,0.2726466795613197,57.860917530000464,9.911907388431025,70.92454927461839,0.4943651852066358,0.024542847593023588,0.08065951612781742,0.03206831014805174,0.0,0.0,0.0,0.0,0.03604242104117103,0.12828578076908298,0.045019231305604326,0.02247759545523826,0.07477763633529154,0.2291972783944412,0.03467019094860905,0.111363787955235,0.026812813866271053,0.018924721044019308,0.17485271514880715,0.0,0.013904556508261437,0.16921609353505107,0.16676956293113543,0.01892462085619851
4.954677074085085,-0.6598815671857345,0.699111650007063,11.139570305791189,9.771290142237525,50.149570944035375,-0.11458718230259796,0.009250286760304108,0.02830312796483888,0.018145007531925595,0.026497842764985347,0.024110070007269585,0.0,0.01586194290461418,0.05375806096137814,0.15114615275309562,0.049782454665547364,0.0019802608443153877,0.05026023756311178,0.0,0.0,0.2752129103380597,0.09334030660279262,0.04907067479020073,0.03030321919475009,0.0,0.0,0.0,0.10847131820288292,0.02618837947571746
14.10031718697693,-0.5460163440603089,0.1413587008074137,46.47760374699796,10.208891754456253,102.43715558237658,0.2980511403918359,0.20503619503234752,0.0,0.0,0.0,0.06423029318974993,0.23538607037060777,0.039457693336080436,0.07465074724797584,0.27882890985909287,0.0,0.015968696280695943,0.04440593881873976,0.05236740211887092,0.03266068781869855,0.0,0.044503032366841506,0.05280652458509884,0.039089916656663795,0.0,0.030843898425844153,0.04562693895990198,0.5373181623355745,0.0
8.204636967865886,-0.6237406033654723,0.2732527608685455,62.34322549798631,9.769773541005115,138.1531129548385,0.17804656367857266,0.04600321798351185,0.1347792089772242,0.03774599411346112,0.0,0.0,0.0,0.029250931715543632,0.09784939075015266,0.30503560597547064,0.22223427232906823,0.0,0.06347954997685173,0.1799539448420555,0.0,0.0,0.09011576230960441,0.06261290627322012,0.10649313400088978,0.07470141894881618,0.02998059520921415,0.03157186123232602,0.3115506093660486,0.0
5.477520908610854,-0.8467602115842888,0.7500587635600695,37.86856976248321,11.347433365863766,105.35557440061223,0.3823454379800725,0.0748451808922909,0.0,0.0,0.030507143382237027,0.015473667514709268,0.05589336211729057,0.0,0.0987760413614903,0.10484908951692731,0.13093479337231367,0.012221023983867858,0.0,0.2806857206505039,0.061658802658930506,0.33412292009642375,0.04235280141903122,0.0,0.03493131191320238,0.0,0.009680449021808117,0.03946958594535758,0.4444990753504154,0.006375567012846278
8.025331835172295,-0.40351144280654394,0.7689530949726359,32.0712353584071,9.617948610491226,111.69166239779682,-0.4709544883598781,0.03626537626982631,0.0,0.017650278593578775,0.0,0.05478880921317454,0.001829351118778827,0.0,0.10214321416091099,0.025574717795579058,0.15462268695273335,0.0059852253128139694,0.0,0.04542086893592816,0.048801571913080585,0.09878198293726992,0.03254230166840043,0.018583437338083368,0.009155426647448034,0.0,0.03155691070785216,0.21732764554937856,0.4983551132465692,0.0
1.2045874408235653,-0.2869579567963487,0.5958250965651166,15.002481705329409,11.118890650767987,42.258974990235124,0.3711806198502146,0.0,0.0,0.03421471441383181,0.04443476320679364,0.02441534919319926,0.05226419450210261,0.07707030248518465,0.09052527223820028,0.09825512444582046,0.20979906951965496,0.001819152508615994,0.0039859675433289825,0.23245715520857024,0.0,0.0,0.04944621897259694,0.026086559506097725,0.058591198851068345,0.0,0.0,0.03606393472311989,0.2601094852570436,0.0
1.513713797241711,-0.5004176537384708,1.0335748683696213,66.65425727856575,9.81374891681904,82.44169385283276,0.04799665552767807,0.1795057424062886,0.03150972816836633,0.04959727789770976,0.043829054752872215,0.08816970688104683,0.0,0.05615157458091102,0.044574034099718815,0.18327202716094979,0.0,0.0,0.0,0.080367763237881,0.04407080568522695,0.022193304426262217,0.078825382867666,0.0,0.15197981830392226,0.02991055604759145,0.0320879821025157,0.07043698649483114,0.47684170105678525,0.1016044992645318
5.3114113912510295,0.07994924267131931,0.761762678725759,25.338937465900017,10.612919344224865,122.31371442812767,0.6556494263415314,0.08587547259864395,0.11904765370574275,0.018992828635886576,0.017949763232406945,0.0,0.005185625686953674,0.0,0.0,0.09718772097437482,0.17394617281742866,0.01627423670570264,0.03265071007003639,0.0,0.05019226640386654,0.0,0.0,0.011860648663995527,0.09223426416425459,0.07946922900465292,0.0,0.05674631962511916,0.41168210342879485,0.09988902148083326
1.2163983691404514,-0.38982349673139427,0.5408124520126042,6.798078911046765,9.451706884153143,111.61355600748004,0.13504501367102728,0.04633500362863011,0.0,0.04824895828877385,0.013846191256818016,0.05823196204361476,0.009533172351054109,0.003434931609717494,0.0792286804379766,0.19288962859881742,0.06688140938580413,0.04371352012360881,0.0,0.11133499212006139,0.08157878372275011,0.0,0.18120542148680585,0.004064054125238477,0.06849553213281578,0.0,0.0,0.12456268789013894,0.14192544387175074,0.10229365293955794
7.445777821857741,-0.2885312069626928,0.5969623095428993,47.96780833067764,9.236476707095463,74.95727019873289,0.08136970162944981,0.016261050058031253,0.05425476267475021,0.11407914098232684,0.013809591221602692,0.014516414213126303,0.0,0.035564538463413925,0.09077379025707183,0.1743936312572929,0.05753480279394732,0.020449266382944274,0.04409669171089561,0.3501948377442334,0.07248869164004079,0.0,0.08725269187276527,0.0,0.12624681873092808,0.0,0.0541036293452999,0.09438438153916566,0.28395758247220915,0.0
-6.093233045168183,-0.42550791220970596,0.5540607178320819,37.349538305873814,11.5,87.56534930514186,0.1513472804987286,0.06623190612862792,0.031492113993057534,0.0,0.0,0.09987697678698401,0.1021542568621231,0.0063583680896628445,0.01672766252817602,0.0,0.05376127485957673,0.0047156779884973705,0.0,0.3730784783644425,0.022101565396524085,0.0,0.11917372752894291,0.03787461049038383,0.018587667756203893,0.0,0.0064828939400173695,0.209971286050521,0.08849522410275842,0.0
9.192734763794844,-0.15819074075290784,0.46850193467178786,41.79570935932488,8.30864876573161,129.9046411191318,0.34460783151486374,0.011352063532551915,0.06726533766945142,0.006936066373264086,0.029656816423343356,0.14629413887168236,0.10376236483380782,0.0287300989175627,0.04951728020357562,0.1612900414037577,0.06509428602471108,0.013207287237989378,0.0639084558317648,0.005937404290130344,0.05589308406278383,0.34087432219873737,0.0,0.0888705959153249,0.03985498763688979,0.00106968065197666,0.0353953699549071,0.019018481409857582,0.5501925704981614,0.06972040331570792
8.310935556848332,-0.584648322113404,0.7273490498537173,21.27782226257473,9.750261270127424,119.63142970335946,-0.010264636724044013,0.0,0.01621409106630824,0.001531102463078405,0.0,0.09514795926707093,0.13794012909248857,0.0,0.028627636167339987,0.050582564831284677,0.16469425371242782,0.0,0.03132769788194102,0.08221680499811648,0.004375705566691871,0.18478917660799554,0.0565246598545104,0.0033388436535097994,0.02796021663090905,0.06427913062237606,0.0366575378686249,0.1900430457844117,0.2693531673362056,0.01563851672469248
5.506405396321117,-0.3062443048972137,0.46485025231270294,37.46003485247833,9.740510104927575,59.63838866864722,0.9198827052844633,0.08992872475079401,0.058884773447848905,0.02446413573920474,0.016109901251531757,0.0857591427136872,0.048328588195526954,0.028950643553266382,0.002429978012201864,0.04251947568926217,0.11494411184161217,0.023849475560482943,0.007720049445979885,0.03514240552502558,0.012350977930206305,0.3036314169422837,0.02202335399992517,0.0,0.009683190633391757,0.14946881217379854,0.0,0.0751142455438545,0.4811468463174787,0.02549027497917518
6.955641888415235,-0.9660047502119823,0.8930188087420847,10.703661135856482,10.447094235738284,100.27665129035994,0.07453864897115942,0.004365904765539282,0.0,0.051587346689355246,0.0,0.0445403443775765,0.13822631864515583,0.02411281640967624,0.02593317534664466,0.05204671907833846,0.06772559202233389,0.009433260102781843,0.04019004622080194,0.13889454167448811,0.013558026516637029,0.3580822678710177,0.02577133451471733,0.07737741863709774,0.07057431837291252,0.13879474747376333,0.005869879619859578,0.0943912110649083,0.15929098040673895,0.0
4.378235724744334,-0.0009671213292556935,0.44109801265312487,48.107381564979896,9.81772040591973,134.96242166462528,0.9475207654012721,0.023673491961320306,0.0,0.018993594262831388,0.005277245929553366,0.035910009523065826,0.0,0.028675043309952346,0.15152175951954075,0.035431114471398295,0.1755557044368593,0.0,0.04302843622097102,0.00530565666128377,0.04885796394617911,0.0,0.03472060503930926,0.0,0.014260385268724023,0.02283615766972191,0.010182536302183564,0.0,0.39972643404624164,0.06891444142733
3.5801647679088324,0.5437903131708479,0.5372708258801988,11.673216484716434,10.779763482254367,125.13801374917696,0.11165442228201558,0.10621285503562759,0.06252300008963482,0.0404178109216452,0.014205960888456121,0.057226531638658464,0.11935696321396115,0.0,0.06317686691133269,0.0,0.05455984845743165,0.0,0.05620227578799976,0.0,0.010452726783450352,0.14601232808189996,0.03031210653210194,0.0,0.0,0.00536376074313992,0.023821751803572135,0.2579793621142283,0.07607052506263914,0.00102023400095521
1.8236867086637032,-0.8510648497264092,0.41680138884851886,24.510593917292944,8.754986994140033,68.43627959175333,0.35291355135140134,0.01973232561665464,0.03575223033403007,0.0,0.0,0.08603001874769503,0.0,0.0,0.09797111159246374,0.04333646434770538,0.16571198793716296,0.013910025470298203,0.08504593226399691,0.0,0.07253919635700348,0.03777365945871483,0.02461081930804577,0.03849686401694921,0.0914121645783792,0.06064821538280132,0.0,0.14738683966363175,0.2027803048155093,0.0
6.715736078168364,-0.039379302683469786,0.5750702972908628,23.786828149529427,10.105238173792834,101.02267944410886,0.4867752449016461,0.1510825597037395,0.005376005630823931,0.0,0.0399944311115003,0.09075466446146291,0.24498722149264607,0.03922385034574159,0.10984657875581307,0.1061448045806575,0.01581010868659659,0.04285723693247899,0.038109271863628176,0.0,0.0,0.044539761775683515,0.08480311390684916,0.0,0.1108427333915647,0.003979949734136672,0.08010958241052235,0.0,0.2889319189851349,0.0
4.88754744031334,-0.24783356623104258,0.7444540073105849,87.11897343583877,9.771867952971885,23.765318800826392,0.375462894261405,0.12455820154849245,0.050157888351554006,0.04736178282712459,0.028417065093088337,0.0787459678907928,0.0,0.0,0.20459139152172062,0.17029596909255845,0.024405255456955863,0.009475857255926432,0.04427448950198663,0.0,0.009793577979732812,0.02788961895644622,0.07051461807549836,0.05237234143703198,0.10526003205112783,0.0,0.0,0.0,0.35253882684994003,0.0
6.995511250172862,-0.30655358752917367,0.41667310186233075,37.51631478244897,9.764816106837522,87.6464697294783,0.2753357117623861,0.12106486845525302,0.05999673640848848,0.007461438935129435,0.03849403379677207,0.0076724909768885186,0.12225316894697152,0.05216973044251143,0.0,0.06048033701825515,0.10072524947630207,0.028435288013005787,0.007416314832420244,0.090069512407626,0.0,0.15053922559584187,0.07511853110807387,0.0817388454329899,0.00807885832423981,0.0,0.0,0.2209948069281592,0.42699647137907176,0.002973148334128671
1.022432892617391,0.3623144696676722,0.3679143656720319,41.88305933940105,8.156904659440846,145.08811904079846,1.0670321471319983,0.12081309225124046,0.10239372619471554,0.1342543775366707,0.02279781518851356,0.0,0.07830490217302205,0.0,0.15473556577025996,0.0,0.0,0.00694449601583137,0.03422394511071562,0.24733647818234006,0.02884910307259503,0.157302528494252,0.029446674190316928,0.0,0.1362260692267446,0.028960170156192844,0.0,0.11561873160719063,0.3642428008750482,0.038097793757387824
12.547405121878459,-0.8939289782733082,0.5504607189707796,18.163608543954336,11.5,147.62125114282088,-0.034715769584411,0.1528573499605296,0.17315836617366512,0.07442851797553013,0.007015156444703437,0.08760393747190501,0.06429937689104782,0.0,0.0,0.11727290550155886,0.06526585812994078,0.0,0.0,0.20869328096978984,0.052039721524377816,0.20565205133077313,0.11506959290778186,0.033959269355845104,0.04859816804202875,0.02974944811007864,0.04209327695978203,0.08178535351378635,0.4496696438001039,0.12452482859531244
4.934537546206248,-0.013945899003917017,0.20931416634608546,19.64272116637298,9.666035839664428,60.742865512149365,0.36183906758418954,0.0,0.029976335261531126,0.005650512050435843,0.03113274455280577,0.07197065643875405,0.0,0.008184043937624126,0.03456892423371603,0.0,0.05663318481456959,0.07316214223732193,0.06945361327408563,0.11411592311502819,0.0,0.13253760520060812,0.06964035092018138,0.02091258401544683,0.0,0.04706139187407522,0.004540210723691663,0.036326549688478676,0.27595565012073103,0.059439357239763485
3.8193277003626127,0.19294133552504167,0.3651056588707303,43.30394894313379,9.063477759750045,99.03364618755369,-0.1171868516915836,0.009815764265065051,0.068779714399476,0.02807056975092603,0.05180459911198572,0.0,0.0,0.0008425540303046691,0.08209185352536331,0.066276924968594,0.051269955815600225,0.0014189466274820012,0.02134043798244663,0.26697029828674007,0.046058343301394175,0.20525619713217713,0.0,0.0726696619761943,0.008616309605533626,0.0,0.0,0.20110904385321499,0.04947261768148453,0.06489269268952907
5.460466084169863,-0.6340755892727088,0.7403765413147504,41.351765391041475,9.393707337785939,78.85931894464886,0.6131181360872362,0.0,0.03515546616002264,0.05356687429387705,0.024244263627197685,0.05160350910078514,0.04216148451370888,0.01888564823886955,0.018161768494994526,0.0,0.044635941060864284,0.006406144656333452,0.027083293442707112,0.016970038786878888,0.036869396750673425,0.16912826063325617,0.09312657447903219,0.028365406687276846,0.11288226416446002,0.028616035205096813,0.014662942778633652,0.0,0.13753691918016187,0.049862188751618304
1.349520769731571,-0.40211710903377584,0.7156328689889067,57.432122463481,10.412663995201527,48.89607796189832,1.1532313112653394,0.04931165796263466,0.06527959001883464,0.03949551638494399,0.03148863503793705,0.04625474997319348,0.08961151072651816,0.04714154587329253,0.1278332828343664,0.2945370106601514,0.13757871395779314,0.0,0.019631853836689903,0.05245071577464238,0.009558826405914198,0.17617046644411283,0.034012926872351294,0.004931198125680963,0.06547748121501493,0.06976110574702096,0.07128253839516187,0.27459091925905177,0.20151676224504816,0.0
-0.17754842059346831,-0.471566305174811,0.4354349914044844,71.51781438394312,9.651802608912247,97.80103447033991,1.2039968292021084,0.0,0.06993261454087654,0.11097681581144904,0.0,0.07902809612027999,0.0,0.007110534858594083,0.0,0.325264158088649,0.1626286063418865,0.0,0.04402711931623361,0.1606649440899392,0.0026596742811490874,0.0,0.051597085786319496,0.0,0.0,0.08765128989074408,0.03141349175119032,0.03901050436154226,0.23622737318113793,0.11715589851981054
4.7329846899880055,0.23341618460308883,0.683318453318468,49.40488994678959,9.109569595548836,67.28815069713502,0.2020182005589226,0.17224265084936213,0.010867016866368866,0.04426575288986528,0.027104598240527918,0.0,0.017156169335309085,0.02614189574130566,0.0,0.15637689242281239,0.21408529193947834,0.009627722501251374,0.0878865506087109,0.13576467673106934,0.003810456446318094,0.1592083386478772,0.00426201425466935,0.07410300360998899,0.05320609975632349,0.0,0.0,0.04805688670248108,0.3527070467454875,0.07641990664813679
0.9709283986081854,-0.6867168061765109,0.40668503368257736,21.036186467383054,8.034703513893154,150.3009524977001,-0.23484010788938303,0.0,0.0,0.015373634885354572,0.048317346273655304,0.03076328314478992,0.21817448133956346,0.058915579984496785,0.026211621561201402,0.14433513212274635,0.025773219037655698,0.025918619220763495,0.021524517577440234,0.04764057328729711,0.0,0.037577322336008356,0.02215495905959604,0.0,0.18842855536420922,0.07663848011474858,0.07859786760276655,0.09478948057147955,0.2682774156203371,0.01701408738017006
8.15596092064694,-0.6857673944352636,0.6812104165897319,26.70026442740582,9.762404802928097,93.03817727468913,-0.14434942905963855,0.03966450280204498,0.006048603993283077,0.022601035596501628,0.06057621604973737,0.0,0.003242810385585146,0.047003673864168635,0.20500332164194898,0.24503009785784108,0.0458498248896696,0.0,0.006829483744951303,0.2140313573625068,0.041169434209479244,0.0,0.024734542928285787,0.025497969741411906,0.028969992466788847,0.0,0.06325232448179077,0.11233981174055883,0.2493163522398905,0.07684920562784253
2.5243492601570687,-0.2965886505436069,0.6050986478780495,24.644167830871034,9.418805905002026,82.97289767898792,0.718718144915754,0.07340674657342199,0.09351066448728121,0.0,0.058777539559976597,0.19211506041024942,0.07556481607532556,0.0,0.09477600299775157,0.18814346465879497,0.0,0.0,0.023406490303654527,0.09864792142642773,0.01162359511934828,0.0,0.07250973730760746,0.05659989481597778,0.020355421554754043,0.0,0.046450881212115464,0.0,0.24864507480458808,0.00557071232438882
2.416551518184514,-0.15438093589090462,0.6231563439641777,69.89775997376228,10.28899302061818,68.55078356701414,-0.03601896627881368,0.09472754231539754,0.0,0.012819784807544676,0.03245482919146585,0.0,0.06324645897824556,0.0007507727048399176,0.21467422960845708,0.0879653999221201,0.14857861001124512,0.03094790813983057,0.0,0.0,0.0025704251052727153,0.10289815777055009,0.04810024353273501,0.034450033883519464,0.11108532611480233,0.0,0.009906581080606294,0.09935326999656098,0.2640174122951349,0.0
-0.05256033156490947,-0.8709230410655523,0.5565728015074155,61.283866699048076,9.524813283620032,70.6865113359138,0.7201568771772354,0.006423295664076657,0.027743548368671204,0.0,0.0,0.11535250268862537,0.012452016919457687,0.0,0.10542079792412165,0.07874169250553233,0.0500232890294925,0.0,0.0040757421919152895,0.12708306150376825,0.0,0.2112248254014437,0.0,0.025552141808880137,0.06927402339178648,0.013187048712141746,0.013665038217406986,0.12244656102394758,0.2602788535516779,0.02011824829823144
5.113231135383031,-0.25739298942788474,0.703417721572333,32.041452962386145,8.612759168830069,36.67288104110752,-0.3903266871348523,0.0,0.0,0.0055567215757679304,0.01625601216233716,0.022905553557391708,0.07764853573994418,0.05258470530342281,0.07964650013609106,0.05028612485487705,0.0,0.00038674354815909986,0.02623036133868321,0.05725641340241808,0.02358357190720834,0.0,0.05079930462089176,0.030644608027652176,0.08812281447882919,0.07773686580367284,0.06043604505932636,0.10676652011898591,0.08639526803645081,0.0
6.471533272274492,-1.0021130975065726,0.6894721201216945,54.841234833229436,9.77915192614921,35.92151508157715,0.673376659068859,0.014102664939849602,0.07527462670116725,0.03003374949074531,0.05504703321727371,0.0038305726350888816,0.0,0.0,0.0227084397375596,0.0,0.1321112358711672,0.022226341500205228,0.0,0.06740261215199467,0.026639966344366547,0.008240947442470808,0.012964540845834049,0.06410123877215582,0.07123193645202261,0.12515432871919027,0.0,0.00997514526599072,0.25487557766638325,0.0024012331300045306
7.99400606337171,0.18043955165270298,0.5507601376354797,23.275262830435793,8.613894333121861,42.15858821077987,0.1213345321538131,0.055739442328263354,0.06633940256502222,0.1505889136728088,0.030239061633361076,0.0,0.1396022227654069,0.030386831395825195,0.04556113760119575,0.015279358658538675,0.0,0.0,0.0018741688228698684,0.05909855823541269,0.07425462488453942,0.2984242875121018,0.0,0.0,0.08157367708886917,0.0,0.0,0.08152736350208169,0.21380792170591317,0.08366141074330927
5.303520260319769,0.14963971013657307,0.8124272480870173,34.029101180867656,8.104638859608935,77.50646413859765,0.7614495879948134,0.11881192018264325,0.0,0.005731520629106399,0.018693534893843247,0.005927804370960348,0.2505163995132027,0.0,0.06556212047119168,0.12365204568083518,0.0499121431687715,0.021457096837913078,0.02871480230236599,0.08547434516468291,0.0,0.0,0.011653922261082233,0.09221821131746971,0.06895393144484782,0.03496207872830774,0.0,0.0,0.2008995916981567,0.0
7.027596761940841,-0.2774665028341661,0.49976291744244067,27.52678956602374,10.143548590763482,92.86971469167959,-0.4381434955840062,0.0,0.06307992581560898,0.06058793503371297,0.00564905227914741,0.041099839900893054,0.06356986974319243,0.0,0.01898263835843251,0.10225588646719516,0.07330183633200403,0.035090791763032994,0.0011536027257056693,0.0,0.0,0.0004963799523871049,0.07702610083158984,0.0,0.012256029439119506,0.03338532652230076,0.0,0.28096327496380097,0.39515139095084617,0.022420556937099195
5.282307738384961,0.26192937988230597,0.4579370222374894,41.17930351322918,10.58516584702066,118.08744886927457,-0.03587650424243882,0.0931214390856547,0.0,0.04541044284383029,0.03485183394768322,0.0,0.15628892530929359,0.0,0.07817513940261342,0.08182527928338795,0.1238462040874534,0.019267706997811225,0.07168686253073586,0.13073469628388656,0.0005471444463434096,0.15080071466512238,0.05296223872576385,0.029915433408130514,0.007710412708539019,0.03754075760816235,0.0534097910085185,0.09989637694755102,0.5064511689339966,0.08584072688956568
3.811675607981666,0.3416497532726678,0.48564340786314697,65.7447694766331,10.948496243049448,90.35021661249341,-0.3358485640532969,0.0014564837438457295,0.0,0.04875883786109638,0.01750625069039739,0.08572577830551659,0.08070246637587622,0.028808993045852098,0.028776695485444974,0.2610759792095079,0.06625372384560604,0.0,0.043759746049938535,0.3136477308415284,0.0,0.2665702071440648,0.0944591754238012,0.06279635891292754,0.04487322236529259,0.07516689714832919,0.040302901393390864,0.26206674362725974,0.2555419369181443,0.04671032796540657
5.365743064304005,0.36022404984745393,0.28163401386778714,35.766935624512655,9.207809397484544,95.18237062952329,0.030697574307994774,0.045071563642190386,0.0,0.0728094048061164,0.0,0.006292135295376783,0.12220464398683331,0.0,0.0,0.09159281026236557,0.06254286288370695,0.0320623042371404,0.03061152972542816,0.07469029748719219,0.0024089491376578266,0.3832295749978426,0.01989051464739289,0.0457166412358294,0.09357613976981649,0.009242045936875689,0.009423275569680156,0.0426335784843186,0.331893571771485,0.10132002853173214
7.950136777052606,-0.15648939296471193,0.32704714737488233,12.52344490207107,10.808508231229013,27.839879281470168,0.7262352002336453,0.1010955972774916,0.0,0.046629074190941186,0.04032527247599896,0.05120480203869082,0.1438172516099041,0.010661717163363865,0.07472671445358875,0.0581456764679892,0.1435586485959567,0.0,0.03985341367221326,0.20401122358027274,0.00048057912513867554,0.3044582392856019,0.0,0.09017021056358843,0.06598154331596301,0.0,0.0,0.005150355525480349,0.36804978551484085,0.0
3.7581657158656805,-0.3053833449124936,1.0443610426353334,43.98632622941742,7.968057625368231,78.82230112176035,-0.5152053518264218,0.10682968309997123,0.0,0.0,0.03147314019275184,0.04535609931473897,0.11937790813226307,0.0,0.0641937492634198,0.07569116911879673,0.14857345063198996,0.03498701735131833,0.0,0.03106463766345821,0.0,0.3806562219523556,0.09606736134141064,0.02640338176042843,0.03549048704595996,0.08940186491202372,0.0364152608723576,0.0,0.10301438347880756,0.013720990981434596
13.621271000484874,-0.2388316663221088,0.7618103380571384,53.51332491381469,11.5,85.2103308691939,0.5111137044419698,0.0,0.0,0.0,0.03262837444618864,0.1206826380475731,0.046082501112440805,0.0,0.08224538986585808,0.15599408574416396,0.04313014344327587,0.00792543190762911,0.004410862320030785,0.14308168865228282,0.07272209103274833,0.0,0.0,0.0,0.020274646962375246,0.07793453230950767,0.009237131445762962,0.09025100282340086,0.33715277826613693,0.014883435858803602
8.54494791736861,-0.3948895402416136,0.3697783859176252,49.42258380951797,9.078227774598757,75.00442477128371,0.24037154136241287,0.0588148693991958,0.02149391522078538,0.0,0.011463132288903041,0.030661818482239346,0.0,0.0,0.0003694928490439314,0.02210320706504809,0.1442418953898344,0.03971325057167641,0.04234218571856963,0.20195567481209198,0.04705194296753239,0.06656266432088212,0.04579049930609925,0.001577187224515858,0.0,0.09961872039552816,0.0,0.07678810971406969,0.03612061505102157,0.004128409233614655
3.0877830064182277,-0.2678205866511543,0.563955865249065,48.07302577678765,9.995306678852527,112.50797282990038,0.1098132914362645,0.15875346843401814,0.0,0.04684841341129276,0.0,0.0,0.07915873082358214,0.018032398276947966,0.1756358593245513,0.13552277126834816,0.0,0.02664245230168325,0.04628723535481952,0.196133673024699,0.013959389296427096,0.2757210511698549,0.0,0.0,0.019792424440314853,0.05303005383485995,0.0783455948994236,0.20793167774715132,0.23362610956733731,0.10350493786112328
7.2410631662511475,0.7098730844654979,0.2688721557161709,41.924706565407476,8.117704859496522,88.7047238341763,0.173337819866835,0.12025354855687449,0.0,0.0,0.0,0.01142287935491619,0.06386811842573273,0.0,0.020442918567080096,0.15101650565989325,0.14728328413730152,0.017860709075677744,0.042141241170635016,0.07149673601077364,0.03434814990470108,0.18599785951117903,0.07330651240402727,0.07191933998918877,0.07344114751769854,0.009065140652312075,0.00028531505750372874,0.10726163696628352,0.3985261083703563,0.09325110040772458
6.349846341995965,-0.5537102344042336,0.602111223295702,40.94777749462786,10.517525571335785,0.0,0.23785329490432705,0.13737930485487382,0.0,0.0,0.03719079341219572,0.1230240789330162,0.15355248804613664,0.0,0.0,0.0,0.038260634961790364,0.0,0.08846825102069802,0.22139654760823352,0.0,0.0,0.0,0.05334377488675782,0.0,0.01775837222770366,0.03938091407125652,0.0,0.3104719024800933,0.0
3.9911243734918056,-0.24986246795965825,0.5999761992750754,12.962013896012799,9.041080804948287,82.82754793000821,0.5229234367791671,0.0,0.09549059493070891,0.0,0.04424312663448897,0.03074638243453566,0.0,0.005346581732630662,0.08568536746955781,0.06736021574203555,0.0,0.005809151147847807,0.03699116431623537,0.0,0.0,0.0,0.0,0.045867250286572916,0.02353417858619136,0.09129566659895155,0.003449459481557811,0.001999398065406832,0.14024109794211706,0.034687515030371686
5.5014026016816535,0.06696092663090902,0.5845003394789152,38.903588139295024,10.282399303100597,48.8984350124227,0.9985204989984178,0.011573583039910157,0.06626706998616258,0.12576120863251158,0.02144599478103902,0.04599351975093238,0.07660647169469112,0.0252450433500604,0.041439966220151614,0.2218747659562713,0.023432071790593353,0.0,0.0404662602422369,0.0456601162621486,0.04163186216359937,0.26808823489171374,0.10822106756251894,0.05923040276837102,0.0823627946194608,0.08652326458624437,0.012984379672003133,0.3471567190339772,0.2960694595504066,0.11020321168234304
7.698795232767667,0.07505709442281866,0.8466106609371985,40.10145102577664,9.815204095753211,0.0,-0.0027796225540931974,0.003001457937775752,0.09677414322720235,0.1441211490053162,0.025240079640492994,0.08571123612106724,0.0011845475574929487,0.020077802006999823,0.08454681066121396,0.3215312080706349,0.18167785728239377,0.037179821734975624,0.0464632946901489,0.36507819653805196,0.06270383325111795,0.11461742586618634,0.031650676915049865,0.02010345597619826,0.052382091936492736,0.052851134006306144,0.005642926267458775,0.0,0.2913895534094698,0.030679125895724538
11.059926150638338,0.26531743703288757,0.5437231023086717,16.556559979386215,8.217521976245795,76.30335938356511,0.6457090345920886,0.09135420959052779,0.12513781111602437,0.05702062425760457,0.005198050886536392,0.06636592229464963,0.14443106554194363,0.07027925648593268,0.02409207031732495,0.11787095597267597,0.18604620037953168,0.032311525407863674,0.05332913899205731,0.3322081299131182,0.043832762502113765,0.0,0.027049714117364725,0.0,0.052184104146658125,0.06307513643845383,0.009586034821200743,0.11348424234842043,0.39310616209483673,0.08021594930765207
10.754747729977801,0.12403312220540263,0.27936066021191636,57.311908967013046,10.178344608420336,85.47495979521726,-0.05599504000316957,0.06227161062471438,0.045362694263413494,0.0,0.03971101804170866,0.1282809258310735,0.05228825580962797,0.09483582322970872,0.0,0.13045244049016844,0.038809117502463866,0.006791869845891832,0.0262737654579536,0.11842926212841022,0.044232803125865514,0.1669875671696634,0.08232527449020538,0.06957618933811684,0.12327637000482686,0.0,0.01169655720843624,0.0,0.2711792126475229,0.0
9.587198008617172,-0.1998177559976797,0.25450652507745364,65.21955579109628,10.405135079594567,120.4682276808195,0.1132635021726514,0.042351581993367915,0.0,0.09239759976487266,0.017754822617792695,0.12644726210104026,0.046673056551429504,0.04175236298216051,0.06794049263461624,0.0,0.0,0.03331459071787614,0.03959832743404271,0.12840584869439775,0.011573556184587844,0.23083955517638183,0.04019986849602172,0.0,0.03379627316107012,0.11204981849249857,0.018778972161249022,0.0,0.31078340069630905,0.036589084598839854
15.173272096982945,0.0894615720997724,0.748210067521204,48.64607150880307,8.384362835005085,96.3529283696171,0.14063157732126869,0.07794728528024375,0.0,0.09063280451902497,0.023993155507828896,0.059023465764126974,0.15937016181667812,0.03636780465145734,0.0,0.07538964443798099,0.17422010940768257,0.0,0.0,0.12223233545960377,0.05428494617023072,0.21216880949608002,0.0,0.0,0.02553911271516157,0.06167473967642255,0.007486474970232344,0.1646744328765518,0.073070793869328,0.0
5.920466566470907,-0.16696712917430387,0.6000605540081663,42.99486612095938,9.41066968996509,49.948933484318125,-0.13651222528174012,0.31702311999161126,0.0,0.011400331017028342,0.056705021425214545,0.10015160919256465,0.18055756575406945,0.002438857505890549,0.012563123066684452,0.0,0.04237122138198843,0.021993009516048496,0.014835516480401913,0.2494501134292122,0.026304449462185863,0.1845010376402861,0.07298483617277837,0.0,0.075022356017035,0.10298940217274732,0.008457488071437324,0.0,0.2362418063124584,0.1538687252986722
4.2025430578551735,-0.4748801329742591,0.4035742693153877,33.9964211136229,9.282844322196857,49.79186417972228,0.8682086251927206,0.027119406670651824,0.09866066685475988,0.0,0.02916379668972633,0.04130805575169878,0.08507464253000105,0.0,0.05136661228358967,0.19985593246932257,0.10106504770113094,0.026382252195767425,0.014069779139173292,0.09238717619868916,0.0,0.11457666427253721,0.0,0.0,0.0028321251068423106,0.07694424780258444,0.0,0.07832330002251547,0.2777478604607182,0.05600388306539261
