Charge,Hydrophobicity,Hydrophobic_Moment,Instability_Index,Isoelectric_Point,Aliphatic_Index,Hydrophilicity,AA_A,AA_C,AA_D,AA_E,AA_F,AA_G,AA_H,AA_I,AA_K,AA_L,AA_M,AA_N,AA_P,AA_Q,AA_R,AA_S,AA_T,AA_V,AA_W,AA_Y,Aromatic_Ratio,Positive_Charge_Ratio,Negative_Charge_Ratio
-1.210205669063419,0.5829937293822939,0.49803046924840294,45.176639372692236,6.639632565315695,57.69615606823223,0.15931011300365738,0.10793227458834143,0.11390779506662516,0.0,0.01951407518227753,0.0925659711431151,0.14727349360621877,0.005623217272823954,0.08307004897349846,0.068052936684108,0.11902362323945248,0.0,0.03671727003207773,0.0007388166880426261,0.009902546306400051,0.0,0.06174374923144278,0.050946385541055406,0.14865387980355135,0.04637221943294152,0.0,0.13381154446704732,0.031468398964695166,0.0
1.743804134401016,0.3000903678240338,0.29553757871234987,37.90333455438665,7.421611342932213,37.146961397677366,0.21281216077214243,0.017764887810158204,0.10351839595937404,0.0,0.031396171035348724,0.0,0.07466631435179394,0.0,0.0,0.12158411354089818,0.11038741740243926,0.0,0.06207939612821497,0.07822583874634073,0.024895788217205634,0.14560329620705553,0.13270544860139893,0.0,0.05534382045712873,0.09675861465080199,0.07504815119333931,0.1451307289621368,0.2583380723140511,0.0
3.029795647921886,0.13687563665663408,0.6559628745074179,36.12364227354468,9.09725083590626,53.41972497880907,0.13021739617351563,0.0,0.029657171469880655,0.006244344441306147,0.022790542042401454,0.020757287970935772,0.0,0.0,0.031490483369406255,0.0,0.0,0.0,0.03612021885984838,0.3841425033774948,0.026121876573181,0.5289121033270302,0.04303613077424044,0.024939614682459494,0.0,0.1816544532185374,0.0,0.19418022794914375,0.35247998231409233,0.029035191157047217
-1.3923319513092434,0.4148035900056928,0.32164510503775784,49.22335168887971,6.208251868371769,37.61843055642313,0.2614087385119509,0.09158554885737386,0.06816423760957337,0.06626187179235464,0.02000388339223505,0.0,0.07171005790925945,0.0,0.05890642050224489,0.1175417372675139,0.1342187948620474,0.03231884189854499,0.046641573199422026,0.0,0.07530515473353144,0.01402896783376359,0.07007931311215207,0.06938261624650323,0.042279868653616166,0.0,0.0823760491366766,0.05549446662022198,0.1023413068705302,0.08626593636680865
2.3755549619942276,0.6760225368816206,0.2887589489006101,32.651558272485396,8.344868248742802,66.34709230463676,-0.04751300751232008,0.09914256058919549,0.0,0.0,0.04657538024560397,0.05258001212527191,0.0,0.028160331372238362,0.12431007792042045,0.16015604100236178,0.36771634374383094,0.024215417786317535,0.003170099958481141,0.10044857786590013,0.0069891158651433,0.24117732911162973,0.0,0.0,0.029569737478036717,0.013325954272079603,0.0,0.031068881993504015,0.42949408196928845,0.0026958677937338957
7.905063980298835,0.03152022601848453,0.28662574413828623,21.966811381989835,9.975398406438929,33.303267764118665,0.3302349596928243,0.0,0.09253175237422609,0.04108905493727559,0.062439474020294705,0.0,0.31335041540084446,0.13410392918580957,0.04503020852073039,0.08641318498681436,0.0,0.03101813927543194,0.10368191129412983,0.0,0.08433095663754138,0.0,0.07273435743996229,0.06948796875427506,0.05897796855915824,0.0,0.05309854372079178,0.0,0.13740613590957698,0.10352864750131283
3.400862970135002,0.47366181129054136,0.20572231473256578,36.93331807273428,9.54693019676717,38.03410172892783,0.10320591712763307,0.0,0.02925161581335562,0.0005512946975590564,0.05212246724741863,0.09676238903626422,0.03848069839877614,0.06299835366739173,0.0,0.26607235435660886,0.2283742996053621,0.0,0.04871608432874483,0.0,0.0,0.0,0.08338474043962062,0.0,0.12803291733212502,0.10960203814104899,0.016724917676714288,0.223089385845477,0.3072762082779924,0.052673822609846856
3.7272231325487994,0.1625119532731133,0.5291902668581135,29.27355710042238,9.106060900567257,68.21222228115093,-0.0042833925892044045,0.018815999080406542,0.15259717937605025,0.013751482636692163,0.02188503531117841,0.01669184061062243,0.25494744134257097,0.00547747534207991,0.0,0.07287033400846846,0.07745845759361265,0.022681003285830916,0.0,0.14614990073727027,0.0,0.1740921784955674,0.007541610500645876,0.0007094989342689463,0.0,0.07360053679745249,0.0522969632317924,0.1425894128163378,0.252440140421881,0.035636929541694146
7.405084300701764,0.10764413891897656,0.34270999738305113,20.76774420061678,9.352794741983772,41.7588503766853,0.12697557428535883,0.0,0.0880028418870806,0.035143349359211457,0.0020560715189503025,0.0,0.28725132782368956,0.038524024812220996,0.06746703359231652,0.0,0.0,0.016040068232446626,0.03854381938953615,0.0983920272152097,0.0,0.2584763078189738,0.04744468542753439,0.05377968974402174,0.04742255174079725,0.0035557391181021414,0.05528970160370255,0.03595783253685688,0.25453467237682487,0.037199335274136186
5.984402568299297,0.32459501371881483,0.3705544628313442,33.92818221868226,8.337111118194157,36.214935275185,-0.04107869941781729,0.04375954961358885,0.1114804529823682,0.015515875387345803,0.0,0.08870588340459587,0.19329062709228556,0.0,0.024060765022142945,0.023115276613829783,0.10876271224723633,0.02309886322290873,0.0,0.1344532956582857,0.0,0.2757835540838235,0.0,0.0,0.04498300227573807,0.0,0.0,0.07992988949510826,0.27544230244734474,0.0018167272418123243
10.593711755671915,0.2871861993397945,0.438485646395002,27.817724392035313,10.538591025534735,21.674668710910762,0.05373482286525303,0.028879129016301658,0.029061061035231987,0.0488114465518318,0.008197931743818714,0.048757481083595955,0.072480524420165,0.0,0.05065391593320518,0.15818263890547257,0.0,0.0127807062127912,0.005302858864927897,0.06386459821213107,0.025876678361317743,0.3091060669784228,0.04460939431312138,0.0,0.05119257400985199,0.1036697749282687,0.018386498820963174,0.1708139955524493,0.43666344819611896,0.057009123945403736
3.9100072323423585,0.3566403125359004,0.22000897415376802,40.57181358804919,7.507549443447079,52.558076391480206,0.1563277693820852,0.06476316181085548,0.04593324526840986,0.04860534193249322,0.059127552671671586,0.02049871631617761,0.18629339412934592,0.0,0.08320097771104745,0.17212994811351467,0.15502475749854583,0.0,0.0,0.0,0.0712682784711172,0.019954717300635028,0.08042177576566457,0.012732696855055212,0.029337748217817348,0.0,0.027659530790945682,0.03377773039020686,0.17187372347059557,0.1077329903817481
11.468010133146674,0.09561148756284743,0.47473376792963495,35.845374642185355,10.447190276165303,20.744902912324246,-0.0033974136525212473,0.0,0.0,0.010007160648453382,0.0,0.0,0.2187995346156515,0.05679889090232637,0.10790601392592841,0.06088644360614615,0.042474381563619476,0.0,0.0,0.2775102040213316,0.025857697409141293,0.3396620166937735,0.0,0.006979712015262193,0.019940860425476457,0.041469000257712205,0.0,0.0,0.45734699548349966,0.0009189408275109556
4.066027270514772,0.23204581871880567,0.2950160828001073,42.26159305662005,8.02117847996448,37.54017227989335,0.12630157357346822,0.015475057436178205,0.09966434964312712,0.019008908404806058,0.034491982586823455,0.033030125403075074,0.11424495023359249,0.0660578976365497,0.0054530769917634225,0.062531873126769,0.01170596336530956,0.0019626223362620675,0.01825308960271691,0.1291213303816059,0.0,0.11653066405289356,0.09844004971363518,0.026757741134663397,0.07491977658754762,0.0937424329418399,0.0,0.12252922204660446,0.24512016522206534,0.05350126404704439
6.657766696204118,0.2577830485716028,0.3320812932403639,37.745928436616474,9.641138536750892,44.93444803286679,0.4045573667243538,0.0,0.009226071997218935,0.04236231708849325,0.03193371776581143,0.04427698126922773,0.01900739923684451,0.0,0.04338949821394855,0.12963089184449125,0.07419466248034798,0.022591019639283123,0.03462479703714706,0.012081222288644791,0.0777228326356666,0.09655967146530997,0.19284954091827855,0.09936023261143422,0.05446578677123309,0.0,0.034237106590245,0.07283085184405998,0.22304875638751143,0.07429580096948199
3.994530770477046,0.3466100689354125,0.5307412033260184,34.38529077430163,8.50704039101822,49.837806987543644,0.0229852668041967,0.10840939425397962,0.020001882654801788,0.0,0.04512893076181186,0.0,0.1164156161480807,0.056842644897588585,0.06268301502268477,0.3061929086250177,0.02727114399918066,0.01423557500996595,0.010976666493314899,0.0008652601035496199,0.016367783031655845,0.08626576814546318,0.0,0.06548472130313311,0.09973004233549992,0.0255065270566013,0.009722895250531828,0.034280828523404715,0.44930121594210304,0.04382037933148989
9.936188236623781,0.25158078704089926,0.4289965257532906,28.10455757472394,9.93827180387874,27.047103533748274,0.08329577888213859,0.03974110505200566,0.013801589936987234,0.0,0.0,0.04340984921277467,0.14236036253777684,0.0,0.061505301283617274,0.13580677865602336,0.21688010323095414,0.0,0.0,0.19990153841039043,0.002810216840470385,0.2101184016491658,0.05361478747660933,0.03183570967048959,0.0,0.0,0.01646022054316179,0.0,0.32084581515256083,0.0
0.9229015021415847,0.17878301147277642,0.35653187407952114,37.49708643952116,7.857446051168702,44.26471686793338,0.28654558712933903,0.01783864139980701,0.01517409245849365,0.09020619778057135,0.037385831538519314,0.08848113945007874,0.073609862652187,0.033087594930984496,0.007729893468900781,0.011408605800796695,0.0,0.01827388347020884,0.039777221043182334,0.11974007884797397,0.09004865502993861,0.15405942771225498,0.05475067753475034,0.10196917833493514,0.04574672659873665,0.0,0.033130338654738245,0.1012280173957631,0.19855550921599402,0.127591903943927
4.1506020166935675,0.05901280458219288,0.5586364541112903,51.44613585159901,8.234715571863457,47.93859044778087,0.0748258056879478,0.04043905793785117,0.10128772391867655,0.02001820693416812,0.028714720996089085,0.0,0.0,0.009617280900134525,0.049121991589801337,0.0,0.0,0.034963216114588275,0.015410132646054498,0.35647932062444326,0.024034468295462637,0.46118414629437343,0.03398279069744305,0.00139811445748678,0.0,0.0,0.08905513038676488,0.044220497359726704,0.42656968699393694,0.04873284805931041
1.4582612613303163,0.3712354498123909,0.2571834080412988,36.96053556396011,6.8723841523384,42.613585037818105,0.15769691683682124,0.11911369801450539,0.07437999026971254,0.007077869800283661,0.009786434379290136,0.004313150127091624,0.16244815365824578,0.027533140776663495,0.0,0.13049617135130637,0.09903924734393947,0.011987295850743727,0.027041313280630405,0.0,0.053686983820424805,0.08928528309316486,0.03035954466965893,0.04660952720637789,0.11797913441059751,0.039884079764280406,0.01815667988507677,0.06235376360286207,0.24731455309394762,0.016864250648314823
-0.8701980939311253,0.45318487524415857,0.4241558961740102,42.9649534738983,7.433204984830404,52.67887964662251,0.20831633579291448,0.15539196901352867,0.011251447155425472,0.08632482870524585,0.031669943689376395,0.017398023423181502,0.2160405476497777,0.00044298088592042636,0.0,0.07747705355901953,0.08582145969768454,0.016305843678383922,0.054536971295727966,0.0,0.06573855431560827,0.0,0.042513300638518395,0.04552766795105291,0.2194769959627304,0.0,0.02515892337512352,0.0,0.01569974774838817,0.11799450334570374
10.215820242998351,0.38705131402489257,0.3122293782414971,34.71898042998831,9.58321899232024,39.429959013442804,0.1441160430773259,0.04238019220312647,0.04597631764543314,0.0,0.044495136032589616,0.029054366037040535,0.00037165549599889325,0.004290566228309735,0.12733835354396605,0.14606239759428052,0.00022960400248195345,0.0385989925803602,0.04840951748118129,0.09665195406772666,0.0,0.1587351551371726,0.059249146254445134,0.051591163749098806,0.06190467601611776,0.0057721526998279,0.08177323597884947,0.11659950435055282,0.30908771699951426,0.01674499253030179
6.3949307968349425,0.28399880577343345,0.42096650348443926,27.074828595998305,8.658058761669825,48.04452719784427,0.046525113000609006,0.09652585212031115,0.11268329803276836,0.006351140451720078,0.006741407492556251,0.028643159565463074,0.06387677185573631,0.0,0.09807068973933786,0.0,0.0,0.0,0.0076150944447107745,0.11315302707339267,0.029200563474108293,0.4309454072730047,0.0006852988224334,0.009024179035744019,0.0700644117827768,0.04857389393298846,1.4912698746649689e-05,0.07723198826078366,0.36666992990161223,0.01309270089445249
1.8163857777106904,0.2724719235683442,0.2725912685934153,38.860929073684346,7.922162108993717,31.85359124053085,0.1874226833213828,0.0,0.18167380122757215,0.09861165537417026,0.004022076111060124,0.061315843564966055,0.21082979588637463,0.01886099484090139,0.02317794476606052,0.1222524242833382,0.08971682168069532,0.0012900693497793908,0.012146597667927318,0.0,0.0,0.0,0.10699238065885892,0.06857272079161503,0.10186854987915711,0.02650680580852693,0.05941216961016152,0.14723447694224565,0.054214458137390675,0.1026336610452723
3.727458914344697,0.38256347434285387,0.5307673241194723,36.09583124952158,7.827177718790576,45.935991354496956,0.13550326289452125,0.08263639236144374,0.0,0.11371626166462014,0.035807092701887075,0.0,0.1795154184380266,0.01100003966954599,0.01524041968454442,0.24218604118957043,0.15601940312369889,0.004247890029207239,0.11374106314306942,0.08902915638255003,0.024695054777981746,0.0,0.03514773776035083,0.0,0.13643956844133032,0.06222823325169589,0.0,0.0,0.0748867695365252,0.14952323834095083
6.733042702332137,0.28768495019741935,0.36561663420563456,28.43977156496583,8.91451336162158,64.48595787443537,0.08054855106050576,0.04259113917566609,0.0975040437105823,0.03104078951153126,0.006045388055040853,0.0,0.215106561617765,0.09646390361423691,0.08516564560444471,0.3180853889052589,0.23172160136104553,0.0,0.030229674478124455,0.0,0.0,0.0,0.0,0.06385101891206969,0.05053330957313513,0.0,0.012587243155380571,0.0,0.3833450516158111,0.03708638582749528
7.325371818077007,0.0839065288892088,0.27676998236199957,49.16826709699695,9.83002746891939,31.581499514278473,0.08517111077227857,0.048674728072633816,0.0,0.024569349200992126,0.045967233069342375,0.02561175462763432,0.08389882519219365,0.044521536708235485,0.027405652951458283,0.04738039264288169,0.0,0.025640579767811145,0.0,0.27727467344164,0.06135374399530685,0.33291639568791714,0.0358459332431544,0.0,0.0,0.0,0.03608954990872988,0.05133146934486694,0.42481862303204787,0.0705367056748975
-0.09814863500915028,0.418666657341754,0.5118523709142975,25.374842433382803,6.57122916141526,59.98404184938149,0.07612327398594011,0.020334454398635668,0.0,0.047131999080104056,0.035322571651787815,0.12731419520679,0.056829024677970255,0.0,0.05140718127916853,0.205651807491184,0.13969523750483318,0.03418013150184064,0.0,0.09248158246901006,0.035265382108306154,0.1688692610900943,0.08276193650489927,0.009338136120135287,0.0,0.10868648659089855,0.0,0.2095192535182464,0.335728540929957,0.08245502298791262
7.059931862455301,0.29487637437663616,0.3908237307825126,30.349181382651494,9.472045258556237,21.1421746153943,0.055748257277889804,0.038464514498854255,0.0,0.12646161171707274,0.011960601337168655,0.0,0.17581718629956292,0.05793347535302559,0.13366695389526845,0.12726130669517347,0.1001583284627613,0.008987153872702084,0.03581731404905985,0.06265458309690168,0.017271862818320535,0.10816961350717066,0.0,0.06862671811888742,0.06909709469079411,0.004375163335973081,0.0,0.0,0.29336432974995647,0.13842211406149102
8.865370800072041,0.2614160181108717,0.22122490096390546,33.94535273528617,10.045251491623587,42.69962586095232,0.0872543938864137,0.05459204069668264,0.0031745399052361574,0.0,0.007806406128567506,0.0,0.09688789268335318,0.031785628252864795,0.07395178624134323,0.0,0.10985616038090307,0.0,0.0,0.30698631768900353,0.02851785537323143,0.32082795902008177,0.046220522421603905,0.013488327022599665,0.12026000884116989,0.0,0.028163797822481497,0.0,0.32201029584926777,0.0
3.3426432661068985,0.49163870436303614,0.42467779450966914,36.81321008610191,8.527701905887849,33.26669976459832,-0.04751300751232008,0.10866406119195288,0.0,0.03537767719286687,0.00833911703457313,0.14419044862690203,0.044546019371696895,0.03216859043204198,0.07548379169161058,0.03330293733663067,0.07851236026165223,0.014455013251769344,0.02732882585108101,0.21944228702235477,0.004285848837107968,0.2609596951280235,0.0,0.0,0.011268856785656277,0.07225384318974643,0.0,0.2032551108594773,0.32643126706025055,0.04371679226339796
11.14723059966593,0.3648994503910952,0.3264659933989771,33.690064560006014,10.632463262215285,28.180440788528447,-0.04751300751232008,0.0846517900894318,0.033933778283884594,0.02978139818205134,0.011489615451110241,0.06314135222488355,0.2837610843268314,0.03704995389786335,0.1740524640590028,0.1883657850804018,0.0,0.021110684238613883,0.023601824198467694,0.0,0.0,0.15634683112307038,0.0,0.0,0.08533197616550625,0.0,0.02027424398771433,0.0036576388832647855,0.3817626952036862,0.04127120828926925
13.185587022446366,0.31745752103313807,0.5380272887201315,39.61250290170966,12.004474524947778,52.710566536745354,0.1554954433466829,0.051115804611275864,0.0,0.0,0.03207377280458372,0.019619669641492365,0.0,0.0,0.01236809003086737,0.08020585223591994,0.04400936840665565,0.008247664813754494,0.061059951483520496,0.19097094838460604,0.04772482111369745,0.34814744275897586,0.06491421045023246,0.0,0.1387926013100782,0.047438801057183164,0.0,0.06292398879825924,0.4120639646921427,0.0
5.598376222718483,0.11112852852335792,0.49306317476820916,30.075411879994835,9.182735020432567,43.736900353496864,-0.0464791259128985,0.0,0.04264815963740861,0.009638224259574273,0.0,0.011128862552593152,0.12781198387549564,0.0,0.052530781248536385,0.0,0.0,0.0,0.00974924655906026,0.42639194588518214,0.0,0.3999682315303831,0.014282094754251316,0.0,0.05949425459909756,0.06275744101477589,0.0,0.06778154125192312,0.3540983154992592,0.0
5.350725056061408,0.3505731897110102,0.47021660309949187,17.465808440569226,7.962502939856153,46.24081516016072,0.14282048681314655,0.1528734583142028,0.0,0.0812895173595531,0.020218969872062776,0.00457117750244581,0.12642536352287492,0.0,0.10445122435556403,0.16106919600039046,0.0635294826273564,0.0,0.047835523876319896,0.09788456124312976,0.0009867783680976676,0.04816947369150834,0.06912992061025094,0.024868404804017325,0.04807033315527541,0.007152068880046537,0.0,0.0,0.1988997050839309,0.1015080009554038
7.571581275045985,0.26192375343230323,0.3810083890513714,18.164430994693262,9.283989147826556,64.12653486479283,0.1875307074928048,0.0223033942414885,0.0,0.038195814771304085,0.017010596843190662,0.0,0.0,0.024639018899549857,0.12687357134270777,0.0,0.09200739882999052,0.024209213805349482,0.034169692963176346,0.17341755335338324,0.07744321754252163,0.3831340900344291,0.037297536412558875,0.038620047236645076,0.0,0.0693426659618121,0.0,0.035319604588378566,0.3854790335445182,0.05520626147848667
12.46872122566063,0.4009122495769568,0.35623043052474673,22.42222623690609,10.367800091515381,46.961778477549366,0.25201005747620764,0.18951556359711777,0.16782229758672054,0.0040330030728556975,0.044419162849286084,0.029265858548365584,0.0,0.03692288491805691,0.03754717586276092,0.34942070932480757,0.052701405143444416,0.02141204994801911,0.07679942810019046,0.0,0.053977846411586455,0.0,0.04356544296853806,0.07766744242105025,0.057806897313948113,0.0,0.040421459146316494,0.04192951073051081,0.23366806454141698,0.04845207753172887
7.541480229571851,0.2957329696894225,0.5533355813047902,47.705572911814144,9.407084443985717,39.689429207705096,0.15080002957804423,0.08759911885512123,0.0,0.05550862699508852,0.0428952625399643,0.020466840459503848,0.21767017101007813,0.0,0.11983070237718796,0.21901980589438821,0.08046793676670132,0.0,0.09582005188209665,0.00390514927459705,0.00573487670414137,0.09809306382791341,0.06358114891902103,0.0,0.007919195190868845,0.0,0.013453704657326615,0.0013441319993385825,0.2351540251505439,0.09840393731080735
8.621029809363758,0.16214106108518023,0.5348833852828531,19.425569715086368,10.028025971696787,35.794029907581525,0.07611102310448936,0.0,0.006717611137346091,0.02317287781459189,0.021437219555286005,0.0,0.2123861801058257,0.040342601629213284,0.07623973637327516,0.1442633951943222,0.1308525657839738,0.022666364550933238,0.06359536286787773,0.18600579306768272,0.0,0.12742263774668508,0.05719642711807557,0.0,0.0,0.0,0.030290056775771262,0.0,0.3120285897172126,0.04461012691394669
2.498942383901661,0.49556391673659794,0.35703355016122396,39.58543093097246,7.283224748532437,29.075161028456705,0.20755568442473196,0.10805469368861462,0.050871652275908216,0.061023204575124335,0.06726562099789934,0.0649601735369221,0.14974892916913135,0.007010158907787299,0.08778492949798553,0.23060460473662775,0.20341313330320784,0.0,0.005964100619945199,0.0,0.05927050664129482,0.0,0.08593296023070002,0.05638792330428116,0.10961145503804201,0.0,0.0,0.005726016292465691,0.1337349233746198,0.12828887038518222
2.3699758016804475,0.2885311937999486,0.2467950836219232,34.362933269283594,7.565146048099924,52.79119367734741,0.14231548990052956,0.10745713543294375,0.07682294727844319,0.11064215339753342,0.08499848576165632,0.033680416431945824,0.09029945593188671,0.035502176570612595,0.11160391236237018,0.034626690160834334,0.0,0.0,0.05014370618551525,0.0,0.04634348805556621,0.17700700974960015,0.04617230372922818,0.0,0.0007268834567063578,0.10216502774788846,0.07655834877434314,0.21240374487262725,0.24713575492558615,0.1956405097916696
10.043898916691498,0.4898707989509622,0.39370348648671744,41.10604912149412,9.741261846728564,25.379651583124776,0.09313332268424251,0.04814820686730939,0.0,0.06590369972870011,0.0,0.08988968366695205,0.0,0.018465607256305496,0.06702844311964411,0.2780515380430137,0.053458473358489855,0.0,0.02053290311847159,0.09378052338518746,0.04402247983668674,0.20465886376700995,0.07664089531476445,0.0,0.06870908892408176,0.12159949280790064,0.065759629537085,0.2772488587438837,0.5011762164489473,0.04068895012519171
3.903699110878005,0.3964964823887332,0.4696542200557094,27.374935272626168,8.256637408390326,54.46821927673855,-0.019876533648494663,0.04213165606333458,0.0,0.014166445483370663,0.01640588915661784,0.07289741186981202,0.2667085076618271,0.0374111020900573,0.05057018848614406,0.06904072084165036,0.10741228943734518,0.030818098076028387,0.0,0.07590330260399611,0.0242866862376112,0.14867400502531697,0.03150021391039056,0.0,0.09587543610800792,0.0,0.004414580737703093,0.06968897997491147,0.25512580185167083,0.030572320510733664
4.274741059579287,0.37630268108752213,0.42564657188291094,44.594211740763285,7.6306834994789865,37.853711510012,0.05887467757486027,0.0,0.0055810426118488125,0.054117341933409016,0.0,0.08437676494718377,0.09026235836408841,0.022184065334927193,0.11719753607175146,0.14726320357064482,0.031028670326099253,0.013307763421068715,0.0309341416167089,0.06599203631409215,0.0006340387753790595,0.193809091173049,0.03303894543464196,0.0,0.018694392312270505,0.11289839619281093,0.03345175677278154,0.23072697279062576,0.36325632487476395,0.03973106638573483
6.94984891987782,0.3410751233096746,0.42170041523804125,22.9705896885295,9.385738051245761,42.22270469072426,-0.04751300751232008,0.0,0.03268856929542122,0.0,0.0032311178073819273,0.14702291196385472,0.05134299835956091,0.038519578663773556,0.0638292955486258,0.02611157215024594,0.1670954706195117,0.0,0.0,0.22171550600005716,0.0,0.48896103230819,0.0,0.0,0.0,0.16979601653079157,0.0,0.26197203240808253,0.553591781000359,0.0
-1.2235590467537492,0.4158594127440817,0.5087784942762728,42.482329534820906,6.251110016478603,46.331703285969375,0.09354159947921029,0.06774455449072744,0.05930517627529508,0.00026487059057860377,0.0,0.036428792134883,0.19246491688638712,0.0,0.08244252203494046,0.05728853488222116,0.04232448159435516,0.005950137233130004,0.03909400771876948,0.077589043065358,0.0,0.16038277769553053,0.08152973307966624,0.0,0.05068757811734799,0.11090695552162795,0.01937488211206321,0.16671073707010658,0.17593383696974743,0.0
-3.639167582075646,0.47246557109913045,0.40165551467189725,34.966550835737586,5.902123249873685,39.38205764339266,0.18945683739969188,0.145923929202544,0.0,0.04816413799432208,0.031136570074107146,0.07574960254901633,0.10358634089469143,0.009975960401824073,0.05486382355258162,0.0,0.02641755086115921,0.005280983188299183,0.04624588129440727,0.0213352123720328,0.10618541981499777,0.18699009130580613,0.015222362488672453,0.021802888348078687,0.13398818083767544,0.020018816956766747,0.010222375916836062,0.10599122068545258,0.16964455709300158,0.07930074163669038
11.39934809078649,0.42434224339998433,0.5301342160154658,30.953136870452163,10.943491009708351,19.346299124934337,0.05848467404750494,0.12262142050108674,0.0,0.03219343000078744,0.0,0.0022701216131265703,0.05069410133943295,0.025221899779765578,0.07314566605620641,0.07165662239107193,0.20912226595118055,0.013042809278965773,0.0,0.14804781238309134,0.06319938232744754,0.33328370691831255,0.046142983327043925,0.0,0.019929832963204868,0.03487865117598797,0.0,0.0,0.43016258827959153,0.02811825968143604
11.435401113079564,0.15981955663496542,0.5055230058007772,31.07166341515294,10.327645266705817,61.02355357814427,0.15034262830720302,0.061791438108224975,0.041782286637470224,0.0,0.02016350374362963,0.07776825643702386,0.26775136520836507,0.04597354967609268,0.0064501062732399625,0.007838490454963626,0.0,0.00541250608529244,0.015258844146216652,0.09739196301615621,0.015825390653381087,0.26567095514730893,0.06310253118065867,0.05615588709998663,0.021756112714058473,0.02088607452081388,0.0,0.09817324225008824,0.3194833329213612,0.0
7.3846165769510295,0.26235581132281593,0.375941969234158,27.45380656090739,9.386185947042073,49.72600603955814,0.07874856222320606,0.11095154686230417,0.03928892760141579,0.05012151582046155,0.044206588578396135,0.0,0.1317288011876973,0.05169390003444646,0.026379279319166844,0.02617189544827825,0.07670451244378966,0.0,0.0473467661724587,0.12651618892612912,0.0025338367083567216,0.18916779039715936,0.005592126922954653,0.02327598404796622,0.0,0.05269046755627116,0.049826944394337894,0.1020232890814825,0.26703365852295163,0.09432822390018594
8.257450178179724,0.3606796676008972,0.41155199816501503,32.48594111091304,9.469691658176759,45.73749347277137,0.08044338002596074,0.01778714845072365,0.060727024929580195,0.005961070675306776,0.0,0.14098291600092897,0.034355891092650935,0.0,0.11913537139011868,0.22001135797033836,0.10450255802530399,0.0,0.0234093643779523,0.08357502059705295,0.022252054514446312,0.2520400680713538,0.05162513489467128,0.0,0.0,0.0779501753691574,0.0,0.19185079743528,0.3977571159332772,0.0
4.239136438214601,0.49093334367380814,0.28530798729055873,48.4806596566268,8.057518426780183,52.59621098506595,0.3779068362248583,0.09224281009629012,0.0,0.0,0.05294769957432616,0.03580940233278153,0.1347954646779065,0.08119352935495602,0.07533986009920296,0.1626098518362496,0.09975979110658724,0.03663223808184109,0.05449379077448102,0.0,0.0812335574796184,0.0,0.14931047091262972,0.09286938957072371,0.1000134264992032,0.07858021986588636,0.0,0.08694517313477435,0.13442012598605685,0.025976502464590483
8.082966238715716,0.35371527119548263,0.4112122092647091,16.982424199934762,8.50102875518279,31.50675049227725,-0.04751300751232008,0.04568503972030009,0.0,0.09311722693767968,0.0,0.0,0.18674123514827556,0.04110389671234061,0.07898383590186911,0.02831470812916513,0.09362375468533644,0.0,0.006388329377142843,0.1890731457706824,0.01863046581453323,0.26532401755699675,0.0,0.0,0.0070312224806489965,0.12053550249196086,0.031923280406940084,0.14454947633738452,0.33474264254901415,0.09070557484093607
-0.036784858503414064,0.45027183030793794,0.33415947503613763,42.683227267328895,7.387488148922888,32.52384994712899,0.08460386345099254,0.07785166262636002,0.03428290569082721,0.0034747103491654455,0.0495863868992096,0.027108526071007666,0.09761894998202543,0.03583288312804499,0.06681481024797278,0.012680620509773505,0.06222318350522757,0.005175495645250662,0.0011239007141602732,0.039190671490022824,0.025989745711332668,0.19245741503825303,0.07279877368915386,0.0,0.10514742462046894,0.10523779125221742,0.0007131588854146463,0.13305944794756314,0.2409705388298247,0.053061141664558095
3.035259970942213,0.5885894441845048,0.46105144801306036,32.80408430800299,7.310599598426528,33.25171642503223,0.17764446633348438,0.13763087909051872,0.02460035315309788,0.026556809695538475,0.02499420925982672,0.10189607725080894,0.1870130658060503,0.057403008415666146,0.09744080370761582,0.23127660621052937,0.08582766187326313,0.028564658943187837,0.04154835678969272,0.0,0.0,0.0,0.1090378612561165,0.05090106824656215,0.0562017394818414,0.05947524035515547,0.02155265508798191,0.1829238843903011,0.1261528995286318,0.05155112824634676
-4.302529577998269,0.6061111352441027,0.30242995606879436,34.750243192312695,6.163256151572288,69.67111869977448,0.08744877572519517,0.14106222374305669,0.044887706285256505,0.0,0.0,0.11257772594557444,0.13546483604814688,0.02753006881896901,0.11292746206459954,0.11366598465819719,0.034273310598115454,0.06774249920038208,0.0900732651735498,0.012385092638805564,0.0,0.0023468463657973504,0.0006397288682503041,0.004289159990163202,0.02505398326298161,0.10419611181957182,0.008277951880448877,0.22505180182723844,0.14354278910411108,0.0
4.92011922972512,0.5508724741485116,0.37455152794413743,37.45447048054693,8.716557955955459,28.856845090850875,0.2522084950196129,0.11413262462758222,0.14895419570860283,0.0327751690921872,0.07813814401079741,0.014699149510908713,0.284960745865991,0.05138760748071623,0.0,0.34791479706785533,0.15462020601493726,0.0,0.058555776351112476,0.0,0.04022216132969782,0.0,0.09630202672282473,0.05712833522652303,0.21150997746654165,0.07288787808207678,0.03925471306054934,0.12684185660453276,0.0,0.11091300568608756
7.757038522607317,0.2884060034369471,0.28658571516488857,25.894218601867664,9.109842424483881,47.92738091810839,0.02517789908723303,0.0,0.0,0.072474324847681,0.042663067716695466,0.09164340868601276,0.04525131605117937,0.0,0.036415138808172445,0.29056585666853363,0.2203167520655106,0.00939880524796148,0.0,0.09756303713169932,0.0018044134841043724,0.2519117111279761,0.027258112089631956,0.011075301980208032,0.021593105865947735,0.0,0.0,0.012495614868981306,0.4931846843941894,0.11513726460105583
-0.6468821725905896,0.36313746869790847,0.38956620276104054,22.64468694239207,7.064761805658525,31.820839928564915,0.13968652912231827,0.0,0.06984193509507439,0.0,0.034636253035235945,0.14272913611619478,0.13892593781082463,0.07759689503247516,0.057673532949171,0.05151989329621489,0.0,0.0,0.07087894542422288,0.08525296863287529,0.0,0.04928168392617399,0.07211503507427793,0.004960354928957699,0.12983899977346863,0.01772278724171866,0.05954975988473419,0.22000149816482328,0.1783985156030299,0.024756562087065122
9.645016407879952,0.29013025287195066,0.3678554348560846,27.518381881778573,9.583937243220179,31.712388922927833,0.03412008277455858,0.1116938927729472,0.0,0.009050842204325749,0.028512990008940885,0.06960399659151595,0.018780170605342483,0.0,0.01909614586216344,0.22384011664720277,0.13919403771382294,0.0,0.030171634623847882,0.3001541462640831,0.0,0.1562045102486245,0.09151952046335789,0.0,0.007820607239630045,0.0,0.012187025354478267,0.019806027029840904,0.3704929815254614,0.037563791753980155
-9.931047785573531,0.5875801326810033,0.17455004309090053,45.069760322122576,4.9506616479786345,52.38444805023616,0.10448654931041,0.07271873979794263,0.09885260500273613,0.024643165114527518,0.020166083879499815,0.15583178835743783,0.0,0.0035132460516997827,0.07926038661014181,0.23074466961012585,0.14150956779314353,0.004053495478505605,0.0,0.023715352687095764,0.013979583560979877,0.0,0.051202386537520295,0.04803742583834665,0.020752172116331274,0.10287745489389234,0.010576863080088107,0.2692859890435037,0.16290185316115263,0.044809254292609194
3.79231078204636,0.30212924471501523,0.4208505312789313,28.3488924422931,7.78705972511087,67.39182287306848,0.0751473336197884,0.015183821581764588,0.046400453488730495,0.058867104592590355,0.018645482780860975,0.0,0.21267013421681488,0.051633499042058675,0.16288619592556194,0.04338950258384856,0.0,0.04060133898073891,0.032278231215101504,0.12944000845895237,0.0,0.06167746786836985,0.05594501176851717,0.0,0.08289364794102672,0.0,0.03736263297529749,0.004974382722907983,0.1567004747411696,0.077512272708284
3.0148315040366995,0.4057186879617609,0.5067485033654016,23.79103461235588,8.07474944039528,44.21123066793832,0.1151066287914805,0.03621821061642056,0.0,0.03134552428988359,0.03956703443633391,0.010249596204782153,0.0006672428700976868,0.054836155504578654,0.07615208896621618,0.07331824549694102,0.1223071032187429,0.010343187722854223,0.03703411197800855,0.17417694095073089,0.0,0.1651983356856822,0.06261534698029213,0.030003607116723095,0.15265060359854016,0.013024890165123513,0.0,0.008047742019808748,0.2933532103057846,0.07091246500770909
5.889339182291962,0.4440612897435651,0.3592959603556955,27.559754730319018,9.43920078108157,41.099035990882854,0.16670281110666801,0.03333460889602226,0.0,0.03978798439499228,0.049027268431544604,0.0985430047049673,0.02850286482912076,0.0334608820824024,0.16344568458840822,0.16606153038462929,0.11255229746599209,0.007829114138668289,0.03385209017147433,0.07271831521824795,0.057132317961672036,0.09238545469708427,0.03190042997074773,0.043817803365419766,0.06687466105837543,0.0,0.0,0.060025189451873004,0.29190769508035197,0.08881537805342057
5.515183460750175,0.48206415820706394,0.41009571366124176,31.2025763171036,8.468617367214394,60.20515051475406,0.012953287448792802,0.010516701581116013,0.0,0.023954647881723783,0.010932225434833048,0.12934149183301785,0.0,0.02740184605347412,0.19694228102801517,0.10146977448176475,0.06379028613048321,0.026101690922389443,0.0,0.15846116662053744,0.0,0.33167141265410083,0.02471933143056526,0.03895181761289231,0.018343041478948108,0.11506553404576635,0.0,0.1663695315296409,0.46054293160206133,0.03488674182306221
3.9509971274435727,0.7299995394655742,0.3880497747470999,46.921983207581825,7.8814428785844735,33.606979918369895,0.20497764075881536,0.18475820976993151,0.08695471523446346,0.03531516916779335,0.032056065573113364,0.12061034375697227,0.14625356255616534,0.0,0.09467353844326619,0.2731594608423724,0.1843796540978471,0.007523096741418702,0.02620840008003595,0.0,0.07962870464928072,0.0,0.0587477765957622,0.04039258320242581,0.148403001986304,0.0,0.02743239882130495,0.11026133728477615,0.0989787629622998,0.06737116338797955
1.985463623529423,0.20431499863393532,0.36551654352525625,20.721350144473277,6.840529302148292,40.73821903018127,0.05259792035871208,0.0,0.16091045606288898,0.038177575480339655,0.02850064333252951,0.030180460432737033,0.21449378362235824,0.04540118186994992,0.13032052640267544,0.12090503202790567,0.007540685899925015,0.011791086190426289,0.038115095431512994,0.048693049152803335,0.035100260802520676,0.08600536189387009,0.023359144165531857,0.0,0.03604405673047351,0.0,0.022284110859395113,0.020573383164188594,0.2523114124463009,0.06667816674471173
3.2988480666665314,0.3673790811292775,0.27684901635083586,30.06206593836831,8.132551593850442,54.36302809406881,0.2804837017417276,0.14481292270796617,0.06687038763040405,0.0,0.03469105246220651,0.13746996679265044,0.01537185429510303,0.03219907923949229,0.03566231893523073,0.04369263517005389,0.0,0.02775957477534817,0.05516747953987727,0.1259416060436116,0.08693129209248991,0.040340598064850325,0.057864214211380355,0.0805209955930374,0.15737280653566152,0.0,0.0,0.06297255356948848,0.11623219429136017,0.02772133217522127
10.462187955539768,0.26714100363118115,0.4729627659524785,34.18173385911966,10.228699107884387,35.14450910915369,0.05798305605609651,0.045357326269633375,0.0,0.0,0.016834811106077527,0.0,0.24752882698846626,0.10966532471530722,0.1957198625792491,0.12199075730814544,0.005940420548962239,0.0,0.006862428752533813,0.1224022019332024,0.01975661524293546,0.13843038906903793,0.05955772155889063,0.0,0.04269950379023755,0.02658022456533504,0.037113211035903676,0.0,0.37008649877678407,0.0
7.614706915496431,0.17912962616200603,0.493179529205369,25.420048472524496,9.266832660475384,50.258600008027905,0.015033879602565844,0.0,0.05304535201633653,0.0,0.0,0.04739654186375381,0.1106680408724271,0.033923872990452394,0.03616091320687191,0.07149399718639868,0.06305374670332207,0.025481824570746044,0.04838922569627785,0.37983613653270804,0.0,0.2768768107605285,0.0,0.02409346835490373,0.02483699511507707,0.0510565626033995,0.02655413390831052,0.12500719066460705,0.382294219942688,0.0
5.41851409421963,0.6097025997252263,0.27627176877196213,33.50163203216112,7.625297855809907,47.21962558548415,0.026730638460523107,0.13625465524938982,0.0,0.025091305994227257,0.0,0.025729231029275764,0.10455963495298415,0.0,0.23060800665095546,0.25510433540307537,0.20423965288153062,0.0,0.0,0.045315137146666094,0.02021610483196161,0.0585483171148644,0.09206400712085505,0.0,0.058623604338349476,0.0,0.01809423656271663,0.001678835865732961,0.2620853208532683,0.00422341989521257
11.08117310744114,0.30608898181167654,0.35299384914766074,51.78659975292824,9.336297390476151,52.012545998686456,-0.04751300751232008,0.0,0.008259561440684605,0.08092752447730946,0.0,0.0,0.042151758958143576,0.0,0.07943931635441627,0.0,0.18436024166741194,0.0,0.0,0.22660773017423574,0.0,0.5247388935904492,0.0,0.0505467430809701,0.03891837467195647,0.05996077161448402,0.0,0.020884975794720255,0.4342247889780644,0.05162169426103311
0.6949593868312443,0.26754566845221917,0.5121102871885685,37.701619245202096,7.386461118419092,58.53762959844684,0.26501483773931545,0.0,0.09311284635427704,0.010094633873947515,0.008480306094702579,0.11922148377509487,0.26711840630077854,0.017452637671521536,0.08840852560922646,0.0,0.0,0.027440843412928528,0.06557184501089434,0.09843937489802297,0.07756775782504866,0.016886458508983987,0.0469216842573443,0.07495368489656296,0.05033171983532854,0.0,0.07427163920441873,0.17559649980190478,0.0,0.018575023412307615
2.1654791304462333,0.444832808423094,0.40744487271686036,23.2743424393107,8.519556286092298,55.402068560648935,0.09702277003266209,0.15670565735375,0.00689337663395178,0.035749119863063165,0.0001517896453455611,0.021735098870371426,0.01607849627980419,0.0,0.005938713266301521,0.024927758441483802,0.026293753270015152,0.013722816243524604,0.040935534495362184,0.16223742264694108,0.0760510278485987,0.25087512102983667,0.0,0.0,0.15800181451109552,0.048269012319863844,0.014165481219315747,0.0841693694433715,0.2370346720956109,0.03590082231631307
8.235779155626105,0.29512372758065863,0.3837159836627454,23.341299750935118,10.780602536321332,42.37454717056971,0.007835214310154132,0.0,0.0,0.0,0.0,0.13636031823822506,0.0866848731283609,0.04087681976817397,0.04680832123206926,0.018295126793724373,0.027718201353901267,0.023316494921552466,0.056706162445202976,0.30025188031043903,0.0,0.3292594340934195,0.0,0.0,0.0,0.07476684044834866,0.044612454954417895,0.25573969113278017,0.3884313459745783,0.0
6.438089444471747,0.35145054736300113,0.652639457049415,40.36503799231633,9.844641762991849,49.05227666920027,0.0048050966669310885,0.0,0.0,0.04058626159865073,0.0,0.0358960428537207,0.2018454488748379,0.04702273851232952,0.0,0.08292504603031176,0.2936465060800079,0.012743530675903385,0.009905318020691247,0.25234224169942127,0.0,0.03770252762196723,0.02426248582541262,0.0,0.10368383714756405,0.014263949593704223,0.0426832920031152,0.09284313421239462,0.1676502620930327,0.036583278250648714
-8.699467981510672,0.5048916745412935,0.1822447061083973,36.985534108395356,5.13594924558727,59.169015592348295,-0.014371787102100367,0.08033403595859112,0.12413053742300473,0.15565593948563206,0.0025587046663995226,0.11980849750244094,0.1731404169428095,0.015496112209366673,0.014911861333108102,0.09814405757315146,0.029794674855588663,0.018777696278272936,0.036010358469753895,0.0,0.0,0.0,0.003426786311878309,0.0,0.13010480220091533,0.055600831431347725,0.055559837523554804,0.23096903247227207,0.07314353834998691,0.15821468556011092
8.530413370804716,0.32714240372776077,0.29262792773332347,28.271005282901612,9.391283368220156,47.23462217860454,-0.04751300751232008,0.0,0.0,0.0,0.006074273000204326,0.0,0.1105089528437199,0.03888164067172324,0.06255810165478974,0.031923994664906585,0.18876397952966106,0.04092279975743661,0.0,0.29314015728205983,0.0,0.3985088808640761,0.0031691228490099907,0.0,0.03229548619709963,0.047520885973938644,0.01489091383173846,0.05441222926771259,0.4693142724081252,0.0
3.404020857715464,0.2350491986437715,0.45463777937737576,29.1866451346224,7.847572608510721,45.11543024337232,0.15593689488706375,0.0594013219238396,0.021007292490936323,0.028442422845986803,0.0,0.0,0.04262317450356507,0.0,0.0,0.09465343913385327,0.13628558565610596,0.0036012158167182335,0.013517672781462528,0.23984108160495976,0.06986820994851405,0.2185917073837959,0.03497894361326355,0.03757234141795833,0.016162856839997637,0.03449830112960413,0.03414315873738734,0.02035408904802411,0.31175206251677307,0.0
4.876813620665055,0.5202794339805462,0.45836718743845406,29.61695975036114,8.678420338889008,59.44824115722923,0.0411619294326087,0.17093222723523005,0.07967654207435629,0.0,0.0,0.00876974079029924,0.0,0.0,0.10616260699666297,0.09308084107597529,0.19157029229195977,0.0,0.0,0.13743786380934891,0.007602877632234436,0.20163688937149513,0.006685261048995798,0.04558692325961661,0.0,0.0,0.05970926643593279,0.06604612299451844,0.27160505045986927,0.0
8.298855500127132,0.18668311439728666,0.47993024313604693,28.657557822003092,9.741335230755805,40.32484992008301,0.061832500194648234,0.005469698386967779,0.04332113852549713,0.024241962262369892,0.020059880182972705,0.060630450630780444,0.18089874111251047,0.011287417381645792,0.038828746566319086,0.10646868744837504,0.006844248268380565,0.004891214318821097,0.0,0.16841319417475853,0.0,0.1967933854841952,0.033221576054674226,0.04593456150262677,0.12783130916313887,0.0,0.0,0.002817474064636394,0.3145493327663744,0.04430180660253073
-4.716185056365899,0.5090716196086726,0.5591863779828585,36.22900930680739,5.708091063232229,62.22691830028654,-0.04751300751232008,0.11135094475876954,0.007383147803855041,0.0,0.009412030181464493,0.1036256331472023,0.0,0.0,0.10751275605686364,0.05025297915059652,0.08140636181301583,0.03124140928961224,0.0446208065372702,0.2381619996952445,0.0,0.29150546190452975,0.0,0.004966342506318149,0.057191752076307584,0.03264726311020798,0.0,0.12036847211479415,0.3192951828241577,0.0
3.057645257344771,0.36644079003543506,0.45644328851288224,38.29038463166037,8.287427735447285,41.595244805569855,0.06416835911526628,0.09924307174324176,0.03320691578983185,0.06848770428128567,0.0,0.08717919970038368,0.19767571299151326,0.028245319193419764,0.06878060420139044,0.0,0.05087804723377353,0.0,0.03381175249937381,0.1898944457155754,0.0,0.1330445574723484,0.030916143191261437,0.023892892090287766,0.0,0.07485452657151628,0.009342330568478158,0.17137601308430767,0.14078276238033482,0.007830958158931908
-3.223112176091509,0.46124803772204886,0.3391217803130769,43.59906524158457,5.5193762657996155,52.641885387161494,0.07833740551381244,0.026974981261023698,0.040123205966145874,0.06600931611993326,0.051872599255151704,0.10411013321405538,0.16583469476795948,0.022970777767875584,0.12225111641346678,0.13222483488383557,0.05619489103368223,0.0635536415826919,0.03825967277484538,0.0,0.0,0.0042826435096932625,0.0029132741136052853,0.04628769399186511,0.06679171892894653,0.0,0.02250927665615454,0.12548198661515325,0.1594779923070055,0.11788209151806398
10.415658442415069,0.2028941640372814,0.31530540922462513,37.77020707310851,10.742218037570272,44.45788250753864,0.1345825038505174,0.0,0.07607536509785132,0.017119198143557637,0.051346876728565485,0.03689366359607644,0.06930408876462918,0.019098377465782565,0.0018939744654133395,0.04766956992712846,0.02750611969654087,0.033919085261306374,0.0,0.09157620871694748,0.04465695092979642,0.2903333374633478,0.1540302508275906,0.0,0.03449641788624447,0.07571041807494164,0.0,0.1112980900888256,0.357101579658377,0.06846615112888102
7.1254350902166586,0.28945627897168485,0.14363698962598884,40.07301278148816,7.867141431728148,39.29759579947839,-0.001654492468547597,0.03377802088739136,0.0,0.0,0.00869086389619107,0.03261362066033926,0.0992915130670031,0.0,0.13750198484076287,0.10673156946162782,0.07974537533251985,0.00977291313052762,0.0,0.23539239987736782,0.0,0.32083912901664413,0.05499662917035689,0.0,0.0,0.10202407998221666,0.0,0.11338940418188208,0.4113433756263779,0.0
13.125539795728303,0.27179112996429977,0.3267029649208299,31.09872092998443,11.575917883571652,30.436499105931937,-0.01734995977460442,0.050582564464037666,0.0019422408981127348,0.014137882342357182,0.010514260203181969,0.013486067362440696,0.08174816494533557,0.006358850758950636,0.10650858619290243,0.16233730315889705,0.024581867623339623,0.021436219318764077,0.0,0.15753064239010894,0.018710179154023246,0.3109896929602066,0.01851096859031776,0.0,7.951660829082219e-05,0.037428234372119916,0.017688222278724533,0.06860268589097843,0.4796855869030384,0.024652339578330608
5.410483533509872,0.46944654852933343,0.2956345811805408,52.28691031422528,8.604222021400156,46.02658972446603,0.3267935683090184,0.11528803630651083,0.10085574390613725,0.0,0.008181637261012788,0.016229667266305505,0.1783238692068655,0.038588420939350575,0.06028816553248843,0.11612105769644991,0.064046337291199,0.014992100971890097,0.08704121203552467,0.0,0.024989815457789916,0.0,0.12790497870916,0.08685753698471203,0.0501376066894483,0.07212173782899695,0.07634285585870633,0.16469440903720142,0.08888411475750241,0.0
-1.5844479459403296,0.29643371195203566,0.29912903269191415,35.286466026495034,6.290802310291557,60.63113672838885,-0.04751300751232008,0.0,0.008768860533107058,0.0,0.0,0.0507892724244593,0.13445773814699893,0.0066848936059495535,0.07821785420770033,0.21612026071128332,0.039587096038816875,0.003033576373150034,0.0,0.2322388393729532,0.0,0.2088123344967559,0.023510240200264106,0.0,0.10263485374123578,0.048091522023809896,0.0,0.07558563780899817,0.431617232512608,0.0
5.811234985034353,0.4428056570270111,0.347873959075294,40.38758847478916,8.120637844901484,34.21729972195881,0.22342314179103231,0.16750074391931333,0.024682313821090145,0.03843998883599917,0.05474001928827224,0.06862760719071666,0.19380164323044677,0.004674687956326182,0.11594791465527902,0.19414047909471704,0.005712990799420364,0.004421669908984855,0.008041119170437733,0.0,0.03951181034724137,0.0,0.101421645544439,0.07444875733908755,0.033963674073984915,0.022745894294489873,0.02388570427830581,0.11525893681622382,0.1319865468109915,0.09317980655592495
1.1573626246929534,0.32433458488159556,0.5639973988945151,15.698067305562574,6.844512416986101,50.681259829647594,0.3298800357256501,0.14145426580046996,0.048121029954064094,0.12589543321680163,0.03971220469319371,0.0,0.18767572070620583,0.06054227865060638,0.01864226699459587,0.10673394220666817,0.11422066687658179,0.057921648057311564,0.06553649599145628,0.0,0.06800878815833686,0.0,0.11540257197378882,0.080932045857571,0.0,1.4780744289275005e-05,0.04700788756337257,0.008125889060459829,0.0,0.165607505368382
3.8772212262966668,0.2733667955932161,0.3432180083071272,43.83580978818575,7.56080872491568,52.02075014266526,0.1713019119509318,0.03597670400751091,0.0,0.10086625724537678,0.02170717198217576,0.030639375620478883,0.027586785878467517,0.003350640044474147,0.0,0.060262499700838836,0.14843124679435443,0.006878567144830127,0.045130286883959383,0.21270024733635717,0.038725132212722765,0.13229269275970007,0.03281191717811072,0.054634631757878395,0.0,0.074254996612455,0.03350561022918557,0.13840026655542612,0.19590599802235892,0.12257306764892187
7.168942615232599,0.29167728045840624,0.42022816255947826,30.72625712178676,8.744818982994543,58.72726635279679,0.09069982226844674,0.06658774440243863,0.07338498521065481,0.01885791165637509,0.0269507168577805,0.06207437304947472,0.0,0.030156010307821415,0.025640378052274364,0.09746856572985657,0.08219963735314045,0.0,0.011022959001815085,0.1546375147355486,0.003937563769066451,0.23131352296911484,0.05166131412266961,0.02407807133423697,0.026558719607975248,0.01817012703737541,0.013679499611272839,0.0939240438033527,0.35893787131297533,0.045808946129922645
0.8004864930664768,0.224438214686506,0.40126934947208176,37.09389503421408,7.33836690275978,34.824516644494906,0.15747122441061517,0.0031548021643694815,0.10000340171926028,0.029552584833430685,0.03154116105180665,0.027032818620717054,0.12716999125368492,0.07729859484555783,0.06003886040229158,0.018743429223899835,0.022691508444140945,9.9506196900764e-05,0.026815938570766414,0.11808175561628788,0.0315750062704632,0.11569996743760254,0.06629872876496593,0.03278161106432618,0.06497050476454626,0.0,0.05026048592350474,0.07348286164563017,0.2117419852286594,0.06109369278414549
4.338492786222743,0.34346807299043114,0.38249513884125874,35.173526943306946,7.688661356953699,44.871315457680645,-0.04751300751232008,0.11777362949301665,0.0,0.0,0.06880650940582544,0.07049906867898029,0.0,0.0,0.1482137776072718,0.07528501904101073,0.0,0.03995826791114321,0.0,0.4296046112301702,0.0,0.40468333810747237,0.004188337311965266,0.0,0.0,0.005810864264763949,0.0,0.0611804495271096,0.46237323360500354,0.05783949966217869
8.258103939882739,0.32558531831546417,0.5088218029327508,32.6386057673726,9.567388771230105,47.793601162521455,-0.04751300751232008,0.06039590939747748,0.11475108125127578,0.07328407693469384,0.0,0.14488854341805352,0.13269741663274168,0.0,0.05942839418171942,0.03832136159431944,0.02283761637174929,0.02039387399429616,0.0,0.2549816756973019,0.00903054717326458,0.187585824446507,0.0,0.0,0.0,0.005413941277041274,0.044400775078253824,0.1947030401036738,0.21822858101839596,0.03504187893464762
6.698800113313126,0.30534739917578324,0.42205297839610156,34.61159316454154,9.072400974426852,28.30654403345354,0.15420941002804878,0.13934610626546493,0.07954635793228576,0.04703876134235622,0.03487962040243394,0.0,0.1406973206184895,0.0703951526991874,0.030991294973983514,0.14368430325510997,0.06490347989365527,0.0232527580235161,0.020903001257754607,0.010352677074826802,0.0,0.013848987774536414,0.06375291788051068,0.0704736500749922,0.006944217867061446,0.06379755640952459,0.02443459686115626,0.039909778192398854,0.22792815453136492,0.08191882377834683
5.840742535093172,0.5673902591862564,0.34301790051712455,25.968434415304298,7.794060773583508,51.02232483793879,0.15593697997343636,0.14456610328123073,0.05215143788172964,0.012950914592035574,0.037166081108310656,0.09618912500263099,0.043804453994666905,0.08837908013783131,0.15348571296813898,0.241375617234669,0.08622408535411367,0.0,0.07045700738570497,0.0,0.02586403245055043,0.0,0.07557377725405837,0.0,0.06531359344451684,0.05897025442477849,0.0,0.11939830660730462,0.22234509027981197,0.050116755732203866
12.144284436199161,0.45866529209337553,0.5762852920466054,30.282404655078228,11.496123089544046,37.15314686778085,0.10877926774917981,0.1817414682365954,0.0,0.0,0.011732512442290571,0.000896353635452346,0.006611196949865936,0.03827521220014618,0.09290684027179037,0.263790868413148,0.15175629798751825,0.022690245661755926,0.0,0.19266546710639915,0.035403493923398824,0.0405880420414394,0.039731209332569024,0.06069690591606548,0.07777862932203129,0.0,0.0,0.0,0.34265395558724326,0.0
11.661420682792029,-0.026388989537099672,0.4192779317652805,16.01530902391863,10.287477949412805,68.13938950987685,0.047727051753356176,0.044346052612909685,0.095557725802565,0.023670702101991327,0.0,0.0,0.040415682778005536,0.05188486369085141,0.0,0.0,0.037503727720423166,0.027749648860132235,0.0,0.32930240139665373,0.00724396506395136,0.4656747127841385,0.05101323802880495,0.03159167691799862,0.0,0.0,0.04276671090317989,0.0,0.49044184156478443,0.022944134233775903
3.2701869428984063,0.3302143288793562,0.37036258395049065,35.428738740782144,7.523112106428746,34.714004331760165,0.07082387097842803,0.010972606163402517,0.012401527960811464,0.03675666962096338,0.005424354874825999,0.10004292513511505,0.3235471434547271,0.0,0.11197621225804566,0.20348823528447105,0.08403685135781035,0.033247476872030446,0.0061269563006059805,0.009219165223202763,0.048626550719860225,0.041202311775988515,0.0416107639977495,0.0,0.055797350208125006,0.0,0.0,0.034183985443332836,0.21161279786643197,0.04218083654461025
8.051436123302375,0.37950496014975665,0.41868231915102705,32.95969771486415,8.821351033067662,46.19989199685953,0.05681902683859249,0.040399284148405226,0.0,0.013114732505421778,0.019105773984148065,0.09131556762156548,0.15019274829174012,0.023695757366246524,0.16313571945067254,0.001490440791663647,0.0848032991701712,0.02197850787916359,0.05537713498352899,0.04670445220491169,0.061672522971402494,0.351701551802758,0.0,0.0,0.0,0.0,0.0465933614585219,0.07883040470992686,0.3768878604599194,0.032220420866234056
0.3293733715444658,0.42421136141528426,0.26963549219680527,38.68068382280028,6.9897295404790745,38.96415293889862,0.12134548446853492,0.06591564243719533,0.0,0.023222249206685246,0.06987146909467368,0.023522341615391414,0.09661788840130098,0.0,0.15805721444872048,0.07081106845253052,0.03660558859025971,0.0023234098478285567,0.07185827610521661,0.18077191365266496,0.06405480637604298,0.07592999492417621,0.01563750460339004,0.0,0.09837249831931442,0.0,0.06513517127430235,0.06293703079868118,0.1283233718463104,0.09309401810116046
6.686197398881758,0.11978784198027734,0.46296183311427874,22.47573299288328,9.101378427043826,40.106387296927714,0.20531328591906683,0.09182062552045901,0.0,0.09888668214860442,0.0571688185469532,0.0,0.14892189781431886,0.047833284556473774,0.07647589756112047,0.0,0.0,0.011369464488626567,0.04419221714398792,0.251396757678974,0.03594136001110324,0.15350151145091454,0.1140473804336735,0.011132568050681767,0.0,0.0,0.01955374449342018,0.0,0.1394943763313573,0.15605539142846148
7.116130211204661,0.42563860477291726,0.3340039399750309,45.53588236349752,9.397105408432704,48.41579002959138,0.0002778003830894993,0.07969226023229065,0.0,0.0,0.01373174821092653,0.0013820620281862553,0.0,0.04471546844498571,0.1267322209739104,0.014618270115016221,0.21037117532473915,0.036097165214707724,0.011926992530108774,0.2100455944622348,0.0,0.34487866261914757,0.05975880882003724,0.0,0.04520772031045307,0.0,0.0,0.0,0.4042124542077309,0.011672969300951967
8.988187074972206,0.454218727478228,0.38908943367507276,41.275208599239434,10.147426462285848,34.12894336000479,0.10053595875622538,0.10885708103340894,0.0687609010864714,0.02524115536150493,0.06563018189850577,0.041882088485075984,0.0,0.01972576033086005,0.028107481886424597,0.18474362346970724,0.2313924744740094,0.009398009898973261,0.0,0.14418206815961582,0.06488669876606394,0.022547567446478595,0.05468466346282575,0.0,0.0704019620373098,0.0,0.0,0.006062056187997225,0.22701653520006748,0.09087142533816853
9.526122667546744,0.5153411659291716,0.5200773933537906,49.06071191471862,10.517624565198481,37.098576405313224,0.191205602278892,0.11248537532640995,0.0,0.0,0.045228875460909354,0.018474504561951936,0.15291726135787304,0.01450267281975884,0.0664318947239109,0.0677110164677362,0.1192064954713912,0.04211018409664491,0.06189551227441237,0.009076066099192676,0.03105097761457511,0.07980479253219169,0.05709595127124085,0.04116291520951885,0.05476544484020798,0.09958308016216691,0.0022847335465667334,0.12034206511082081,0.16201846861133917,0.04419888946535363
8.259480258365832,0.22191523360876667,0.14363698962598884,35.035989551739725,9.701521871697942,43.87544818371852,0.08734850810431499,0.06183751873676271,0.014321452545715999,0.0027581931357772566,0.025657113164474957,0.0,0.0,0.010963988248009041,0.07789749291872819,0.2535089618245212,0.10688598851109765,0.0,0.0600437070575909,0.3180831175115316,0.03913867686974924,0.12612898274860573,0.0,0.015989889486578923,0.06536006258813004,0.0,0.08072078522946764,0.0,0.3906022796749592,0.028415287908860942
3.0069438201052736,0.20935505453007106,0.2355188260995186,35.61582560187723,7.919643664470382,44.49214178391323,0.01802498722929033,0.009116411105557123,0.0557159767690458,0.05933713550674172,0.005039009071773562,0.0,0.23455249750277488,0.026638540196981066,0.011891161020062109,0.0,0.1331699714927983,0.027223779684652977,0.0006330167818205876,0.20119609989096948,0.0,0.2078883348758876,0.06139106692441991,0.0,0.0,0.06090096716658098,0.013945285974692988,0.03252364820501993,0.21677881319655232,0.06437600300343313
2.1670321398361088,0.5833502834370943,0.5634505022499822,44.523309578106534,7.493594472261169,31.0863481519064,0.12576828510030666,0.08946671316088692,0.028948083730093204,0.020169688752899144,0.0,0.09349980793092505,0.15421951983922594,0.0,0.060672292238654425,0.31362426109054686,0.2534624607944025,0.002064536051709122,0.020057189722451088,0.0,0.0,0.0,0.07719624174760104,0.03309323136732782,0.07546364079833036,0.02436714724743717,0.0,0.10222075156245566,0.26643756948888847,0.0
4.869710853841888,0.12917921849244832,0.6064610070795335,49.51161038969763,8.760497165307376,40.12829818103582,0.3153290534173836,0.09688487289404242,0.09122714695627263,0.0,0.07100524026127433,0.0,0.07565193772196112,0.06931706076111457,0.07126119368271754,0.048499256449965736,0.0,0.01543742875848992,0.05636126347031703,0.20469894370033304,0.09101159281563967,0.03576499172931019,0.0,0.1853092018651675,0.1081869664489387,0.0,0.09995155260589414,0.0,0.1535812556093108,0.030332089086220614
7.808226973686356,0.17568436645205696,0.4545272484151363,31.86346822242426,9.186814361412116,35.30128685366323,0.027734739883760823,0.056170708734378835,0.012907397150730037,0.06112650762147551,0.05808232686129425,0.0909567626105559,0.09060250426577598,0.0,0.011058807581627694,0.22972692903094738,0.021791970299971833,0.0,0.0,0.19021435999736086,0.04130770793527906,0.16474866517713704,0.0,0.0,0.05204744147797627,0.0,0.01384940714894409,0.04072965587081577,0.3836479511201818,0.11920872216362066
9.384780032497197,0.24296019128493285,0.45135989265776705,38.312743462026326,9.829508604104475,49.17349980725859,0.049963383001895026,0.0,0.0,0.11573212403427242,0.03439019553888875,0.12604413362219946,0.0,0.0,0.016020674646360415,0.18813618171404417,0.12917947017575873,0.0009566736198283916,0.0,0.26403364375614363,0.045907917968399325,0.25031500789564165,0.0,0.050094177069761735,0.01799583838041509,0.0,0.004879825460225895,0.11103852299804529,0.4247499982843577,0.15012198022312914
7.59123473095813,0.33207696628576466,0.37872142119968966,20.514596414908624,9.54742741290943,41.984368581044684,0.20670553676075815,0.10681121152049583,0.017789579574331485,0.029677955053535463,0.020756036592898406,0.0538378736684842,0.17331981147630493,0.007894225193313181,0.0,0.04624190213493958,0.04914645792863841,0.04789802136051073,0.0,0.05832033721374367,0.057642722109482916,0.10721732786680888,0.14713157702459928,0.03272965975456598,0.08817268455922125,0.0,0.011842901893218401,0.05884954304118327,0.16135328646932595,0.050434040716049754
4.058717621599789,0.2850850733235354,0.3738076468850607,40.04313988050561,8.47915194859451,25.389891757428344,0.11544554076155553,0.0,0.10283165103560421,0.0021334600600278752,0.09681253787702629,0.07850958997409745,0.09473029428618968,0.03377414403041273,0.03991020018321563,0.023583475004624974,0.0,0.0,0.01767484472739484,0.04899808282384979,0.05986089673904625,0.19660604726651146,0.0108737754871539,0.027035821905571765,0.13997428519668412,0.030573694812036943,0.07874663770807833,0.18782982338904658,0.2539633188864176,0.09894573707200768
3.6367090762940784,0.45031285135116794,0.3731460459779113,33.51449215675698,8.126217472082084,55.47952980298857,0.12505209901165887,0.029799597128914217,0.0,0.0,0.0,0.04812732193086248,0.08032191388844843,0.022291620204813872,0.11266581649708639,0.11623595792453156,0.16992471490623157,0.0029108992487068613,0.057122742008007696,0.07293766019956052,0.03283460490472287,0.19082318152411026,0.015736902947694434,0.019358005427449525,0.05190151569719594,0.03412294292685547,0.000860075160445492,0.08311013397008868,0.329350946284068,0.0
8.953944637923444,0.23982825345562767,0.291885039285639,37.467311421842645,9.71939611234603,36.012500110025705,0.10733625313895129,0.0,0.10158811572460255,0.07678762520317285,0.0008540750782616464,0.0012380917622172166,0.1315629535457934,0.04563987761072424,0.07160784593072568,0.03938640050008482,0.16962951207583837,0.02119681514167572,0.008958640272357012,0.04869632875818454,0.0,0.2083201552183197,0.09607712182546613,0.027239968347129186,0.0,0.0,0.05834597208528977,0.0,0.2933465015144909,0.077641577016107
8.954274303419053,0.3675324635263123,0.42313290760527933,17.73955383104246,9.525351206161362,40.75329955976828,0.07179720145480603,0.0476470465864182,0.0,0.02169560219214106,0.025808556993683375,0.02038735251370189,0.2795973376724328,0.0,0.10864812089151163,0.09790572022841813,0.11464539685499948,0.035006251817559064,0.0,0.02722783562349053,0.007649514042656258,0.15535684100404432,0.059396903344085566,0.04937019789139448,0.08819429175583222,0.0,0.017081234460785587,0.0,0.25255834845730946,0.0475040213173403
6.531989628162636,0.10680224179117773,0.5592941554158712,18.898440659302445,9.81819620098,21.3652310194822,0.016371832488457194,0.008439777808173489,0.04006133094490675,0.0,0.034238734983548486,0.0911617650775654,0.011943413361856017,0.0,0.13007856834872283,0.034324524276366744,0.0,0.017339709099256962,0.0,0.3343677936151138,0.04463739327610154,0.4356491696019379,0.0,0.009195385685056106,0.0,0.0,0.010926892209145308,0.07455829286546836,0.4614261601730386,0.029027372403809266
2.834938983812313,0.4728040709718974,0.4498008979376239,34.58752798616315,8.579017018258046,62.27332772071202,0.17601635188524842,0.054731727572666214,0.030380082456411897,0.0448786045155202,0.07937719580283728,0.01801509383293804,0.2652808363309787,0.0,0.1345990775951185,0.10474517989354087,0.05538695043826756,0.03074227667601698,0.032376073480202244,0.0,0.10010200818832322,0.0,0.01340780383146082,0.0301306948687309,0.12052727373684563,0.019671449666769293,0.03913021736755863,0.07681695431623467,0.03935936938944076,0.12425580001009112
8.748891802728597,0.35764802188247113,0.4765044038329508,31.622832291927885,10.207121978089999,23.85117823041952,0.0611921438047958,0.09360091429281356,0.047032425693372966,0.0,0.0,0.05999735370264361,0.0,0.029414550272773697,0.007489133748766752,0.0,0.060957181350169906,0.0,0.0,0.2770839863367264,0.0016345132664552509,0.3367182097730352,0.08256143550555188,0.02349894021998876,0.014024178401359527,0.1179679829309877,0.015530154180465616,0.19349529573869406,0.3499274600868355,0.0
8.08151635467018,0.40148766768996547,0.334532540493567,35.9274275253579,9.878574698100232,33.55051099411986,0.16541525677277116,0.014263706378447684,0.03636693389379186,0.0,0.031800368586672144,0.06213256421195387,0.1262233650726256,0.07164389771713535,0.03786571652306392,0.2580593767312518,0.14778188270640272,0.005887025400782663,0.045564919175781884,0.0,0.018866688542787946,0.00635435531838513,0.09642016884550644,0.00456397306009506,0.0,0.09206593222521332,0.060316677004174195,0.21451523436218134,0.33605814117168464,0.011828085149746072
1.8480933385875757,0.4020028299250791,0.44333762706499563,45.46133568157606,7.794512473961651,46.57250092377823,0.17365999567259086,0.03534590440082282,0.008743023217843163,2.1730738467975325e-05,0.0,0.07296083944048071,0.030768559608362493,0.0,0.10039504159648441,0.05998278161973642,0.11137087662015725,0.011124840902180837,0.01978102993252003,0.09747372708385212,0.0,0.24430955662701986,0.14121205903059336,0.040952563822277466,0.0,0.05940697615232179,0.013764213488401587,0.14613224226249621,0.2991173527092955,0.0
4.1523792967253375,0.004226794620894092,0.3908620182142076,29.97563059338422,9.155247731132052,64.14800313883623,0.18717203480404798,0.0011148572551656771,0.0,0.013553463213524693,0.006268408354322632,0.0,0.09817415387827008,0.09669048329508016,0.032177122179075035,0.07566627625853245,0.1280898177841724,0.015380359836073675,0.023980093141188007,0.30219807172284574,0.017221944373751477,0.24601058916665275,0.14541758170348862,0.0005526972695802726,0.0,0.0,0.0,0.0,0.4183671191182288,0.019822183561604846
11.842142533783573,0.12240883762906776,0.34637329460769034,25.67430840703839,9.15213358316735,20.738349219997136,0.025642055609206266,0.1179939256080954,0.0,0.0,0.0,0.0,0.09925832171155806,0.048435988370714625,0.0,0.08310145307444057,0.11582049047738759,0.0,0.021665768300221284,0.22272469372510523,0.0,0.46371714696368316,0.04849271327854412,0.0,0.0,0.016403284898181898,0.0,0.0,0.59525473234348,0.0
3.4117518981800554,0.5308608382757546,0.390736423829084,45.855131535898636,8.287974574059644,55.04551697257343,0.2010702082662425,0.09519863089183274,0.0,0.013878254477846609,0.0,0.11831735766238724,0.1734416814606301,6.750918338242068e-05,0.06940493691915983,0.0,0.017614453781573156,0.001543601124228437,0.06055874283141383,0.11020199663813177,0.061636608276715174,0.04716677087933119,0.005113316989569024,0.07376096720488996,0.07093245276646525,0.07475738596690205,0.08309192018235448,0.27616650641172,0.039766845729274886,0.0
6.004435341304327,0.3924042067958054,0.3274853634623178,28.01270575036118,9.869219205666152,46.20045537279922,0.19776475230846996,0.13004199535560995,0.05668556665159301,0.07009265047730923,0.03416270330139745,0.05147622215272928,0.10890576226391385,0.048061631039561736,0.02505433581588582,0.2490414118857942,0.12759290320701977,0.020833002390659237,0.08409445600217821,0.0,0.0,0.0,0.057559706554105736,0.06438135858464732,0.10112802042774294,0.0,0.0,0.0,0.20251133313740544,0.10425518263932451
6.92139217981676,0.4867755001073404,0.4796745677645373,15.977657241315526,9.054864258778922,47.00152498118195,0.2109280807822843,0.09743816291008223,0.0,0.0,0.013908949118712918,0.05186824921286225,0.10040413209854858,0.057221890185684215,0.09103550426499825,0.12247924871365251,0.1064955063538662,0.007006611677643681,0.05781476811019231,0.14557791000555453,0.05733580744251553,0.0,0.05377621571227316,0.042001392957019934,0.09645261983816958,0.02447316663273507,0.012005365228227361,0.08834663918263246,0.11221198427904217,0.0
12.535912854986936,0.2819611907981318,0.41965255678589,50.112878796019935,11.042351997767259,21.0054530181938,-0.04751300751232008,0.16463713829063006,0.0,0.004049240733774599,0.005080227641840639,0.0,0.2349134034601254,0.012844131607053009,0.04730882059657321,0.11762422662923215,0.10187049460078934,0.0,0.0,0.30464403737999635,0.0,0.2947306047086632,0.0,0.0,0.027144898257633207,0.0,0.006832967532888196,0.0,0.42519878028133407,0.00912939626210816
0.6885694786784953,0.5948243557675176,0.3903879832468635,22.402048895906184,8.445818942632421,44.66036241903452,0.05756695017096888,0.1757139101376681,0.0,0.04675744160561146,0.056100388000263,0.04659589644787945,0.06336158178196831,0.0014666950807189476,0.08511143104845871,0.11728002309804651,0.23906736295953712,0.004702776886539765,0.0,0.13270580387377015,0.03546722174938289,0.0,0.05021638014015997,0.0,0.06804625816474846,0.0,0.03339233036361947,0.022182284151655157,0.0694485934462784,0.10285755735832919
8.480331992700489,0.16256278644175695,0.34679758675559264,54.0211274377181,9.507807416346543,43.152490816469175,0.16072031665672115,0.081791589319301,0.06966942127435831,0.06972243101925796,0.024742355046620416,0.0,0.2672899140102444,0.03369835472566525,0.034773686811418715,0.0,0.05000545985690855,0.003960095200168233,0.0,0.10560749445162806,0.02537217646357857,0.1779656684359999,0.10326292872097706,0.04149625636464078,0.12298579832175899,0.0,0.025466719133889777,0.0,0.1396855676784998,0.0944646392146994
13.389105265154278,0.2177303371547177,0.4265749759518415,31.1638365255612,10.562618482028348,62.686256481684154,0.14391320497265386,0.0,0.12622367350488786,0.0,0.0,0.02692746187027984,0.11876892577976016,0.05260182466949853,0.058280589422457986,0.0037203283259791414,0.0,0.0008951974575338133,0.006809958743064552,0.0921757882367992,0.08208273457888815,0.2899688389144164,0.0038533467763418733,0.051167524235498155,0.13847061852916373,0.0,0.04259781595464335,0.06349846472149542,0.34629102534601486,0.0
7.944663907301033,0.30893826537852853,0.4021652165853277,30.96126981671312,10.680088552546795,61.92153847408419,0.08618812000272721,0.10299373186976427,0.0,0.0,0.05045793030362526,0.017493913898353485,0.24826500827210524,0.02762105793438885,0.10805381890627547,0.08141012793556687,0.021204371071082237,0.02145022891194427,0.08042960796433145,0.11095370575700042,0.0,0.1549758837111648,0.0,0.05946214558366972,0.0,0.0524045889462724,0.01429216955306262,0.08419071247224533,0.2640065553040414,0.013143719322241142
2.0019989517368826,0.572292157072888,0.43544282515344207,46.19812615128874,6.829729452847326,49.04405726068215,0.13574051214047325,0.054257243814348176,0.006561011874303017,0.02164750922252636,0.028678502730964988,0.13354779871461767,0.12842455260091118,0.011905916105326066,0.13858626217816936,0.33112314544503496,0.2437721802310216,0.04441629106946292,0.0,0.0,0.04912588331364878,0.0,0.04416705723780259,0.04416167412335929,0.009570774018375486,0.0,0.0,0.08168977692476402,0.16570801746940028,0.050325916183245195
3.0537020136043593,0.39167687030935644,0.4837650682528262,27.742202651776953,8.444410912795638,41.276584018295075,0.25006711888259436,0.04067191100489402,0.05366430051520088,0.02134384757434145,0.0197462820111073,0.12817618577020223,0.010059547530432394,0.0,0.0,0.05089537352867923,0.022986477139482292,0.027497210619855637,0.04401811116515099,0.03368240826037812,0.002461635774369749,0.18409203892604314,0.14869874036147007,0.05488873353850154,0.03626766821341317,0.11350210514786044,0.025682750897416652,0.2673604405770469,0.21975976762130145,0.041090052766252966
1.6617491686238859,0.30691713563585366,0.3926036562338153,34.67909383307334,7.764111967746006,58.55133993782171,0.20231638510670158,0.011625422695690252,0.15252438771355686,0.07903735095777349,0.03186539702852162,0.0,0.0034817830861967325,0.04085692970296154,0.07595137498407438,0.224754787304838,0.15674866239006957,0.015604823040379554,0.06668602492634272,0.0,0.01778853149866534,0.0,0.010528532398001805,0.10731344001727232,0.04437229405683596,0.0,0.06814294954887609,0.0026146734493028567,0.26030534365045294,0.11090259713568165
6.213081618133098,0.3328792234987696,0.3203785992101025,33.13628706891011,8.660107421629872,49.6779611855856,0.23168965586161355,0.1344801929338669,0.07268340598692631,0.06929787950338978,0.08141581294057632,0.0,0.0,0.03619750650098612,0.12945952729560625,0.0,0.07790392429693434,0.03333103797347945,0.05857731233780583,0.13043909814137467,0.06352147064593897,0.20297942409444958,0.11463604952476124,0.0,0.07234390770124538,0.0,0.0,0.0,0.18911291576014067,0.150713547156768
-3.2215911046956256,0.35498148754097414,0.36141182413725664,31.048097025411558,6.324567513006831,52.37706665926675,0.31614685460259223,0.03550838778666436,0.05130949145849311,0.158586356107798,0.04071115453574219,0.02282569208316452,0.16750560895864175,0.04796103268351061,0.07912052930328242,0.11757588819022137,0.12959622431910536,0.03429010702919383,0.08052254466888775,0.0,0.00860052759569604,0.0,0.12650139028754614,0.10052244702479178,0.10426436768183578,0.0,0.03746225092070083,0.0,0.030387259240403447,0.19929762993225783
8.818618323527339,0.3991366185428349,0.6101500008646816,31.385299939577557,9.207644628579926,67.75529691830019,0.07941299871981541,0.0,0.056107974660560014,0.004590989704658811,0.026263726813040345,0.0540803161451687,0.0,0.011512833699429577,0.0,0.2557142414888619,0.08011499447284989,0.03510497694913142,0.0,0.02495554404415655,0.0,0.17181370998708484,0.06485898073852173,0.03547586009829137,0.07233012702486945,0.17071149536838576,0.020274385404961945,0.24506637223617722,0.439040740196436,0.03085462124130252
5.30167755409504,0.20053769555590903,0.48265553463822564,27.741659610057244,9.142938088303797,46.47249790819099,0.025234231883189878,0.0,0.04954299898530015,0.02896792232137557,0.0007588194895669122,0.053148772617598795,0.1354959981986024,0.020156425300422443,0.017530241605216608,0.11049795506186516,0.11912049135880164,0.046723930254716106,0.028972281778747912,0.27173540180491357,0.0,0.1570728378346963,0.02470159442692735,0.01478772739088242,0.0,0.0,0.048870352947854474,0.08986042021067156,0.28772723887838675,0.02972664514463814
0.9084275755546596,0.17671489336727425,0.4678207476925845,41.71442766562501,7.012437692019064,59.52768993366715,0.14878267467849454,0.051080746648548433,0.0,0.005690749933226059,0.0,0.0,0.0,0.0,0.106703108235815,0.0,0.07279407088800582,0.0,0.0,0.4160818636526332,0.06045563034535993,0.36305513948585527,0.08680128707162141,0.04302030753092638,0.02067998311692785,0.0032720272303111454,0.029561402994179815,0.0,0.33278757475694176,0.0
5.036608872315357,0.4791250594101065,0.576907032549215,27.27900235948723,8.09382626636345,28.10755381867936,0.19179413578223764,0.05093547593868906,0.013155795046993681,0.02566810049566884,0.02570033385340878,0.06814992491941381,0.14197403039678483,0.00698807889638425,0.05565226208998154,0.24730810968575012,0.17490262521401406,0.0,0.02587352529499363,0.0,0.02863106677526337,0.0,0.08331551936456459,0.053973810555498526,0.043901716702499954,0.05141653202284585,0.03619613886762483,0.1557625054557823,0.13828255233589878,0.0513685679217916
1.804984731515705,0.13617398439087422,0.3355934458340604,34.72522578496584,7.928622296911243,44.806708924105024,0.20423476070963226,0.04307525036773925,0.04060987541252872,0.1048017813311624,0.05751339655486709,0.016584545607127545,0.29292218163923667,0.055896345589734636,0.06005617209850493,0.07732417242656554,0.0,0.010605807141493515,0.01229189940767883,0.026028747799630686,0.05728478546266953,0.004495063613075667,0.018143355414751712,0.11651435438903782,0.06643401235045546,0.0,0.03993355961699155,0.009830780777838652,0.1377156974224601,0.1623151397496806
7.394708611275582,0.3107362042579279,0.5196814325601631,32.80203044717591,10.206424786423696,41.78250588804155,0.11555733888226569,0.09516132171737837,0.020474142852956484,0.0882387311339818,0.03987507171040759,0.0,0.05878627346305215,0.05277137483259668,0.10732616925662729,0.09602697268967818,0.022061590419974478,0.004698560689620777,0.036894949894301754,0.0,0.0634166716552983,0.23253645317166843,0.0,0.03650704654124207,0.07687920220126579,0.0040453189951115825,0.015520272717580172,0.004609242438948308,0.3813348776570939,0.12811343207535655
3.74810119301061,0.21122567373768036,0.47482646987844096,31.680142840554595,8.709918738282584,40.31371495188892,0.10232052231542202,0.0,0.03983975624215142,0.0,0.0,0.024007435416784198,0.01779576116970974,0.0332114685358164,0.0,0.02686356437977311,0.07131565938581987,0.027674902728189937,0.0,0.2489597598487221,0.03129910576011525,0.344383422891152,0.06554228511118236,0.007257342642677737,0.04292522065741872,0.07972965003341714,0.051325358564390446,0.1550625682415091,0.4044583926714259,0.0
3.461109274780487,0.33027758040241845,0.45419551019022997,43.56515947492912,8.414788854186813,36.932158496050604,0.23643734813171385,0.12412287346827705,0.03835293407473075,0.07371676206795783,0.06604989688078297,0.0,0.19268293151362875,0.039022469934338944,0.00257772677934244,0.07043714534052616,0.040251136947642395,0.037604276060878586,0.07639720849960235,0.0,0.050667219195952566,0.08461298505672014,0.03643969851197109,0.07293325771569764,0.08983280965315737,0.009138900729850016,0.045620805320020046,0.03588876168151353,0.19407229752124405,0.13976645747583513
13.191601322297434,0.28136009118492106,0.46943392973556897,41.36039025504747,10.943876277680463,41.17574354211261,-0.019123508941628217,0.0,0.09417786590958915,0.0,0.01942670783596058,0.022830006838359965,0.132770516793906,0.020667013673698057,0.06870164471843995,0.1696601152521824,0.13724506586423735,0.012260024106943766,0.0,0.11940812156141192,0.002155891461825002,0.20995241487931854,0.0031810496025288723,0.029308582745896056,0.04748420866200717,0.06129996554901754,0.01517917699242581,0.09930964139190283,0.4002792891447026,0.0
4.769278123453712,0.1722227362418192,0.41939347105001884,15.698067305562574,8.765009047108599,26.810187526347068,0.2040359917469211,0.0,0.12769731139065646,0.0832326972250728,0.04446092925920875,0.02104820118340625,0.0,0.0,0.0005436863369495046,0.11919120127375377,0.03992755609296805,0.02359682708502806,0.05685732836231482,0.1755730039670909,0.0656387449843523,0.12916461016569014,0.0,0.08852765696347477,0.0,0.07966615911366563,0.029646781375372938,0.1303609987946755,0.245291244167345,0.1276938737368827
0.21781975861723968,0.22689624131229325,0.5418270674973076,34.721344953601,8.113431822843419,52.72474500046836,0.2995948857272224,0.0,0.04176941773711293,0.04299301931506293,0.019676901992709,0.06118139756867703,0.22327411996728436,0.0,0.04691368184644266,0.030183492128494055,0.06242012387646157,0.03309381618500025,0.05980401030253497,0.057291748457307064,0.03836522874516968,0.07831859685793548,0.13877148246792895,0.06265432087463017,0.019093841052469362,0.03158210777686279,0.030866715286199612,0.12363028901865039,0.08850360934624982,0.06266982712275233
6.537755485119138,0.3279887300362852,0.35103149159346003,42.69358634945026,8.60495354441655,54.2226514142869,0.09337602465125405,0.03760382714566868,0.06381764467057154,0.0,0.034881286621535015,0.0681538810611523,0.13196078073363096,0.021343073657582888,0.016771149371640794,0.025221759399471855,0.06147099103548248,0.02435169760760384,0.0484347793924646,0.11489959758995733,0.0,0.18767858881528038,0.012271533502770202,0.04836711288363578,0.06627252820197312,0.040042656623949416,0.013321604649148508,0.12151819153674404,0.23424338685491455,0.03371388301415681
10.906201457091111,0.35224705379105536,0.3821338185682182,28.043787989792882,9.405960373563312,41.9972497176542,0.004915673739288348,0.1649867134650375,0.013340436274350494,0.0,0.03714663003207447,0.0,0.13140730598727018,0.06163887077813936,0.0842169432011237,0.10014306199865661,0.12002624990562064,0.014630496523291972,0.0,0.17286844567868617,0.012207498275400415,0.20826145965416953,0.04865203144982124,0.0,0.026107408781239114,0.0,0.0,0.0,0.3700433310287692,0.0
6.4380405531236535,0.11787491097691435,0.4566758604039212,38.034574743543374,8.078732655565581,52.828033703809766,0.17534356068602913,0.0,0.04632285289423027,0.12056396088600975,0.0534707779432084,0.06846988289834388,0.0,0.030373177750477015,0.14697077680667367,0.022611739021402427,0.0,0.02643622145670207,0.0425517883862862,0.23306557900995467,0.016721676172275917,0.20440319392343131,0.08512501620367041,0.030945158256136147,0.0,0.0,0.013853511107551487,0.035898270056190576,0.2573882163636228,0.17403438557040599
5.5837561554088735,0.23461073404574495,0.5672275703805267,47.76164094895242,8.972328017655217,52.342712960121176,-0.04751300751232008,0.019941456680616018,0.012909423812923211,0.026624925226754127,0.0,0.0,0.23653412592723494,0.0074883532875785735,0.12004690973202126,0.0,0.11594361956068186,0.0,0.0,0.1685443142827981,0.0,0.4496824980851065,0.0,0.0,0.0,0.020895881993483252,0.007676282544762237,0.02671750087142711,0.435614571245341,0.009091045839604867
11.15382244112051,0.47871773352771174,0.2614708976339067,38.125141795254635,10.772773499536378,38.28485824814048,-0.03186844528817413,0.05344528397231459,0.029937751593913826,0.0,0.00701470121251092,0.06218155657328359,0.0,0.0,0.08736253676714568,0.2728622653681812,0.2563008009476336,0.0,0.0,0.13543922301689798,0.0,0.2188911623985596,0.03339410192904486,0.0,0.0,0.02660479605889665,0.03382467484269762,0.12261130479769716,0.46620343885480686,0.0
7.30878841050661,0.36335782514457954,0.3173663262069233,49.403007964205074,8.634578780658297,52.06537529514463,0.1134818868978674,0.0,0.014131925604554632,0.0,0.058710431331022356,0.1349680193332002,0.0,0.01650909635798203,0.04755908716006836,0.0764100586946655,0.0534915075566182,0.02629219182853139,0.027645185855353773,0.21233128146411812,0.026414920202007086,0.18418684897325327,0.04136041308576317,0.0180612134569582,0.08201687385473129,0.0,0.07100577215709278,0.1686091690244336,0.2771057118077837,0.02477810399291716
10.390224778649404,0.1634862073796004,0.5357265937573235,33.76437317057167,9.801551543874957,46.496738769010534,0.07462856542536965,0.0,0.08802223004925536,0.0,0.0002430543686519314,0.02514257362638324,0.0,0.03275600624043027,0.04496480694895855,0.025130831651758806,0.16123702872113066,0.025034227531898746,0.03744567524530483,0.18778333897085112,0.0,0.5107315624824916,0.03241312007833073,0.022644488596878804,0.0,0.0,0.03386241505670341,0.05331098244198809,0.5686183292359702,0.0
11.388414576526454,0.11809351450733252,0.46532145768892774,44.63514726567699,9.97478763470764,65.33137711567527,0.11380263839374068,0.15123690216927507,0.0,0.027587189056122396,0.031679911611757886,0.0,0.1911565269939317,0.0,0.018955985898281895,0.0,0.024417767293851866,0.0,0.0,0.30442175165101637,0.05089243208008281,0.25551060675773685,0.07977745402582846,0.0,0.021800692500535353,0.0,0.054947497132519174,0.0,0.22113683132784312,0.05926705390472613
2.9963212990040877,0.2215073125698666,0.35081698201515765,31.28147251286551,8.413364010123564,42.65591957106488,0.08528433750596416,0.0960380320356082,0.06259585847466437,0.051711278950561004,0.05465353920704444,0.0,0.1327234917156302,0.0565487108201857,0.11811490151553772,0.11390924980651411,0.021727189262239266,0.035843935194477906,0.022192883830524972,0.12140345130495993,0.0,0.0996624970192729,0.05081975806914944,0.018543252585457644,0.07022245254011654,0.0,0.06992977202640968,0.0,0.2701204300187821,0.10636471252777419
4.421228976055801,0.2464816361365286,0.42309689635988584,33.108516971373575,7.71421953699115,53.532380620959444,0.09014929268578639,0.019902787227589938,0.031089447608473725,0.0,0.016616470532022216,0.057374489792612435,0.07178527600440075,0.003484082107664571,0.020034533094161158,0.10123316400033931,0.06992144627640606,0.0011725015541432637,0.02716536424035299,0.29912956830170695,0.03190283265490995,0.15792092367836025,0.03639839322545299,0.0,0.060297477588433894,0.00688547679709901,0.01089318397455513,0.07515318119376818,0.2626381736139618,0.0
0.8956482743722542,0.36688885053391457,0.4906906332520465,34.16354430481279,7.393155711752451,47.447239043275154,0.07841557049980616,0.06224473512184595,0.0,0.06499273330478854,0.0,0.06541972909146615,0.07684501867446905,0.0,0.06731231839165235,0.11788728499558984,0.11285073675529377,0.0,0.05048341544237023,0.19863887527925644,0.042359170796160125,0.1356851731225287,0.0,0.06649363126743944,0.08050825870145592,0.0,0.027627090070483723,0.07669907910586955,0.23619595367909862,0.05761479166689999
13.247692158763698,0.047324941140425125,0.4596493988775589,31.77280533068718,10.332446883338413,31.856336952041154,0.10832019476465021,0.008298276858648562,0.0,0.028637446410282485,0.0,0.0,0.12745862299112762,0.0,0.05059612667944007,0.0,0.016250073345152882,0.029230148722146816,0.031227591535466434,0.47145504681211087,0.028223021014705554,0.29387726552756793,0.04018886531473254,0.00868081752618248,0.0,0.02106504811297636,0.024106466110768693,0.0,0.26113732043045695,0.025044490783671318
8.017793591186798,0.3581319018089663,0.376851845950614,16.92605151147108,9.834350979459039,49.62419386782512,0.08128357494934328,0.0014646391395949782,0.0,0.0,0.027234183934276606,0.09364851765299151,0.12529465117226324,0.0007403179788519915,0.060900500569607746,0.22407537252350385,0.14265795852416335,0.021450439388100033,0.0,0.04279546071994388,0.016202795583825882,0.2054842088432775,0.027455198272739522,0.05110917614309466,0.007024140790514458,0.028230019669876275,0.002755561337656972,0.12463439650139807,0.4302997745023337,0.026926391327511713
3.082118372894811,0.376887367702396,0.6559628745074179,39.31011595828166,7.5511269489721125,26.051714133990956,0.22139534538603745,0.12308487274907967,0.08123588241905681,0.0,0.011566062929362058,0.056736400325020815,0.0,0.04596403977820829,0.0800529134785877,0.0425586009117671,0.0,0.0,0.0750473893296662,0.1207775109846147,0.02446789174777182,0.10825681655977855,0.06054102287328819,0.06133935358874361,0.044384065559333406,0.07558461103325624,0.03362982285747221,0.16595086161422823,0.19677952456192555,0.006623704006208819
2.0215357931727236,0.5108271861676742,0.4303435971547884,32.29950734265604,7.919359664244436,45.12602161129004,0.11735255488317066,0.06302577215924896,0.04611609778717816,0.0,0.029918124681043157,0.1172576565793996,0.1092659676482356,0.02212262547840879,0.1079213862383846,0.27386422405926736,0.08287416915669982,0.008071256882449957,0.05539674259414294,0.03389142263017571,0.0,0.0,0.02150351013146142,0.04224080912443372,0.062428031264442865,0.06245034202653128,0.006798830385405028,0.18650686149414308,0.18240910535299515,0.0001377614800535873
3.6961583573700656,0.378761045638121,0.4857546174169895,48.410601017977925,7.4181542530636015,26.20761636867315,0.179713867132046,0.17340950222061488,0.11721086707982797,0.07779056837991984,0.02070818689919965,0.05887149306529978,0.149350836737413,0.0,0.08164397193018386,0.1664139522934513,0.05158874258083651,0.0,0.0,0.0,0.07396692525585476,0.008204253761957908,0.08540190574043294,0.05989158964587232,0.011270928551596088,0.0,0.03466955996833453,0.07867054097347218,0.1716041137858662,0.09849871840726893
4.115366507456171,0.19216666411551586,0.48806133218436587,22.744639047196728,8.04381859166034,37.3537476384676,0.06963624605374981,0.0,0.0944609806773781,0.05895232053724754,0.030581692659628734,0.07624710916132207,0.052288381730994406,0.017053300626831455,0.03296624691184814,0.14810017929948058,0.027790414122755513,0.02189640489848673,0.00656411274557649,0.21299269078478666,0.005592165988381668,0.1237679367520135,0.06363706333135027,0.0,0.08851203332787341,0.0,0.057589636826606,0.13157818493889006,0.2889214727832157,0.08953366998918746
7.173111082623716,0.37022555287404185,0.569510008139185,39.665163951415195,9.131457472685916,54.59991513991974,0.046425395518016124,0.007548403607694286,0.07200482884810358,0.0,0.0612270445039699,0.0010679285536766558,0.0,0.0,0.11113976871124218,0.0,0.23939196933596663,0.0,0.0,0.21512233694665375,0.06750810512847197,0.43269554196950943,0.0037786462032983192,0.01827293977250529,0.0006780283674355722,0.0,0.0319424060937356,0.018765848645797403,0.32514624048472435,0.0
-1.4683501060542232,0.38529627592835325,0.3500132121436684,26.48887163810707,6.773417612547293,43.557364654453295,0.13686685857158898,0.01879448327713914,0.1247597807736269,0.02492257793041555,0.06255337243728251,0.07754019406556847,0.16565639015016775,0.05738661372399273,0.10665577719643729,0.0,0.0,0.028365238488871958,0.0633075730542105,0.16760660765437163,0.0,0.0,0.06067928976365189,0.03593666292709958,0.08820206297728073,0.03280486607561789,0.11780429302449988,0.2281491456437597,0.0,0.08747603825306935
6.570663729173672,0.4097934281438484,0.436204991617821,21.097303860577128,9.550666253283447,46.05077058596797,0.28298562764426566,0.0849038250162302,0.0,0.06391116655363081,0.060667050513237335,0.004425626449470164,0.0,0.07719200154668901,0.0,0.06717252543843732,0.05805301997317677,0.006107546013220433,0.05200874660205225,0.05059056151197884,0.05489567201266807,0.043063216895401255,0.12221504427980201,0.053866396953071174,0.09642140503147542,0.10064835037954026,0.0668190951857069,0.1718928955847227,0.18742783368191265,0.12457834643528753
6.257083963950148,0.3901915657959586,0.5155517275820285,42.1039276477148,8.151154275328944,19.59837421705814,0.06555282568952239,0.04000969593570591,0.0,0.0,0.010406936525898497,0.02718684605131401,0.08147812669748346,0.024013702058900063,0.1148286426684334,0.09305203445915297,0.11235857870187947,0.0,0.003052695171914886,0.17564510094600605,0.06992708504970412,0.26960037723297015,0.008927640799113082,0.0,0.10177742650528028,0.008215913336063635,0.0,0.023448426999875607,0.3866661541736584,0.0
6.51153323393518,0.3643990458057975,0.20198787315356082,41.93188584112475,8.687811803089895,31.42718770654229,0.17608819190808764,0.12965679937315797,0.07575325313574618,0.047233319300752724,0.0016534150588678048,0.028690488474963395,0.0,0.0010894712644149377,0.07326792849388282,0.23558899985198178,0.18550914490086637,0.015937731436700225,0.01725278813134227,0.10867120727971702,0.009767625484476227,0.013888938831800063,0.05890218592667612,0.09016528772824588,0.0,0.0,0.0,0.0,0.2505676814703366,0.04888686064309254
12.663339466657295,0.10323276639965037,0.36033144443578746,27.186999983136374,10.616954640338415,55.81081829477115,0.07825012284782082,0.0,0.031494498821555084,0.0,0.011635777422266349,0.014439997085944147,0.18669939462416774,0.03671782753253351,0.017608127504846464,0.039042061101488154,0.07904815578337768,0.012989401003869895,0.04359429033721567,0.22806377761745578,0.0,0.30512415262792814,0.030814374722230652,0.03527970750550553,0.014240144609341684,0.0,0.07715834771120807,0.0,0.3808837176661476,0.0
7.058373514609745,0.32290474043214884,0.4306586369547728,48.32750909808125,9.374603563117958,41.57519899286524,0.13112558327108367,0.08750991383925069,0.0,0.027911259257079615,0.002553283392914645,0.02369705536257681,0.15032695855754746,0.0,0.06799243504760301,0.11006467722200847,0.11205151538755967,0.03488532612680677,0.04709388411655263,0.21373190764331773,0.039132323544440836,0.07255052029058974,0.0,0.08459307171429058,0.0,0.0,0.00033836915093220926,0.021091206953277895,0.15684180591880223,0.03046464978468997
-4.747373880289053,0.6401098840690003,0.6241287488704114,46.07903103604537,5.6539524386516575,26.32071749834531,0.25714135752826583,0.12958253789677185,0.08332082204850552,0.0,0.013672483842639265,0.007313277364263453,0.17192704220227412,0.0,0.0,0.14810197461167213,0.1180160995130619,0.0430055690125869,0.05435702958666634,0.0,0.03074217376564218,0.0,0.0662435316651844,0.10579878489747123,0.22556949807270113,0.0972319377646619,0.03891954465713248,0.14346504363995347,0.0,0.0
5.144077521219631,0.06903151175949235,0.6559628745074179,16.044740035445393,8.613618197859637,40.909982589055005,0.25473082910571393,0.025500778219443763,0.04188359969502776,0.053159833160413436,0.0,0.011928863403482731,0.2811652182371943,0.028099693779190457,0.10098665925680392,0.06457282029153136,0.0,0.03564018252567444,0.05973607477606473,0.04622252332144759,0.05980481554498554,0.16284744098250556,0.07450909257337182,0.06068113951182888,0.0,0.0,0.0,0.0,0.2555203506904561,0.051445970391241984
8.246818625910475,0.5197172445812143,0.5623970107504199,15.83561567649069,9.073741243410794,43.09726959948837,0.06474963193290587,0.07239025687953611,0.03494417008452083,0.0,0.0,0.14032356155422118,0.16924465492760865,0.038497205935652756,0.0,0.2078508466519975,0.12335740637081231,0.0,0.030911841783692107,0.0,0.06984535923592325,0.07024276045831239,0.0,0.0,0.07673804952059861,0.15556266483686942,0.0,0.2668682757440587,0.31659073124680437,0.0
11.392465536081348,0.2595987791304191,0.3878530667314553,22.22635836607739,9.337855361860003,59.032372530407656,0.10070632992256688,0.07148903846271162,0.0,0.060094546619842384,0.014935839303232484,0.020329367108711145,0.0,0.04123664580601006,0.09923116641980145,0.15124793854954482,0.0,0.0,0.0,0.19725412719321525,0.03341238883119144,0.3019545392714314,0.021268625519629523,0.0489561846360765,0.0,0.10726259497349828,0.01442534791132623,0.14201727283811624,0.49443938845690705,0.07503035984835896
1.969567174269459,0.22077044889076078,0.4343212047359109,41.40788261541689,7.0812635649618425,43.394483241794525,-0.007432287005012209,0.0,0.07085180378221315,0.023986525306505257,0.0,0.0,0.18603043090275356,0.05786317904102234,0.05680608500963988,0.0,0.08543651069343094,0.02077192591636204,0.018280352338308697,0.2163523300871658,0.0,0.29821314303318247,0.029544774144184723,0.0,0.10994524493748328,0.0,0.05000300981200993,0.0,0.3242936007873606,0.0
7.006548556309214,0.22622334709804987,0.5183193820497605,48.287891200331345,9.488746614376392,58.54723100882916,0.1500645872365149,0.05151463164088163,0.0,0.0,0.03261287182268796,0.05662063575419486,0.05519141176013298,0.0,0.0,0.09431736934205114,0.008986299511698492,0.007561589931793762,0.058510129488844986,0.28459672862822694,0.01736205658858213,0.25966266480057576,0.04650986831662893,0.027682637524769384,0.0691679898546095,0.03130350748177182,0.003784448767315835,0.09170882415172786,0.3340753944747039,0.0
1.2898576208149999,0.40878834394758606,0.2522151614524317,28.50447390272592,6.847758394107849,62.436407134247304,0.12942245408947178,0.13885362563590523,0.02477656939593975,0.052836879754804736,0.05686963825023123,0.05472283605722246,0.20529318663339063,0.003042226173558288,0.06676422458488679,0.20215868540209447,0.09778211880120367,0.005617352171463211,0.05399004203571903,0.006838696257367036,0.0546101475458958,0.0,0.00290594453787605,0.017916042696285925,0.06051699372697818,0.017772908890077658,0.0,0.03925394413559008,0.11517432840165748,0.10970662041010792
8.760943844032958,0.11925106602289895,0.35984841852431193,38.368319993308916,9.480308628573631,40.39331289399457,0.14320500147163276,0.0,0.002222637747101512,0.009304316449784245,0.04516584843098258,0.0,0.01845090890886812,0.06582435452010119,0.11352804397654927,0.03800239355838794,0.08250614895132674,0.015946818189518486,0.051728356713999,0.25834198054538515,0.021947630965901358,0.3002318266417018,0.060168437589158824,0.009360838198604372,0.0,0.0,0.026572549230411798,0.0,0.4040581882093195,0.054470091257253155
0.6025012071951776,0.5405777888256134,0.45649777495190974,33.33909466003201,6.800915400110364,38.859753550313364,0.15062198643744695,0.07938273607195248,0.11276547367931908,0.13573537666225477,0.008878363485389703,0.043472338961964146,0.21428506432807837,0.030745518909582235,0.14001665889540488,0.018646314293490354,0.09817799908611002,0.01328627903343268,0.00409965859030223,0.0,0.07583569376649917,0.0,0.05283666984280823,0.017849958630951866,0.18660993379261837,0.0,0.020986973560918852,0.023103931219101675,0.0,0.14461368542613767
-6.3151755725547885,0.6678375790671911,0.22999898582189643,25.489753543748062,5.132373695534163,60.945648621881254,0.12055575376283689,0.12387178996680687,0.01989780867647659,0.0,0.01815074476146616,0.1301907893568789,0.05896824904800728,0.0,0.08100174583485435,0.05362293351600302,0.15309578205126748,0.03781157902482363,0.04194243632905732,0.0919298188744947,0.0,0.02983217856934557,0.08575170955671678,0.00701670811948836,0.1007644357941879,0.062415156038105775,0.0,0.17129216588766727,0.05317802900326821,0.0
2.3539450002032445,0.47934663609775474,0.5137069750595287,43.020394936736594,7.43657874450465,46.2288542339885,0.1699608562072511,0.1494879811855323,0.0,0.029911599890749534,0.04797554489583769,0.03338781791273489,0.1314383898693029,0.0015810619402969184,0.13655574865514514,0.07830239769611914,0.07271365179817582,0.024275565239249296,0.0,0.01570147861277607,0.08179656319717772,0.1201016836031017,0.036363160380980364,0.05508076941851389,0.06548964716991743,0.0,0.00017625148582202724,0.030823853406667573,0.19998521498398025,0.07788693603558425
8.896016978721372,0.29600150891525856,0.34342590580079807,27.664475791904238,9.298595161872852,46.28179474405038,0.28533299862271944,0.08871605648163544,0.11209346646344681,0.09368698595257012,0.07557312516396392,0.0,0.2079864795328385,0.07847200278923346,0.08883388799805711,0.03315131126115951,0.0,0.028185680144377695,0.03799982652551059,0.0,0.04584075353007912,0.0,0.09056611606743237,0.1109262019720643,0.16385552796973116,0.0,0.04485811859564877,0.0,0.0,0.16926021722800463
7.970648670394246,0.33346324280386436,0.3774462322341675,22.092965140471406,9.810933584833602,70.61136423657653,0.10784127195191813,0.09255336178931715,0.012088759365336692,0.0,0.009625664186458051,0.03836413367018491,0.0,0.07744525044749144,0.10211603521425668,0.16412342070208216,0.05676990074832788,0.012755795934602868,0.032622032008171924,0.20390717490507315,0.0,0.14618486693963642,0.010612887519539958,0.0738123000535476,0.015602268633026405,0.022243580619888237,0.0,0.053665975751160847,0.38775387237174747,0.0
10.16618611258142,0.42347203139513834,0.5094392333376818,39.990363240667214,9.47822286302427,19.346299124934337,0.17724131741734545,0.09532955269812618,0.010230508957529184,0.0,0.03735906213049309,0.03782216042771771,0.0,0.007894044997493747,0.0573688515240494,0.08179268263392767,0.10329287950399527,0.018623256455840176,0.0,0.1590621768143123,0.064701270942345,0.19589126164031362,0.06977761933117205,0.094919751637885,0.06883456970822689,0.024533395328697506,0.017667476282735062,0.08002272703500275,0.285577920782043,0.035097305637741195
2.4485676266172987,0.3400410749868856,0.5258038707357788,20.09697590927184,7.04045463538424,25.593657239260665,0.2357392931453451,0.15605273444435763,0.022187065001672245,0.041157171362950606,0.09243024652649594,0.020320491138687034,0.11785205952322268,0.048298030363290154,0.03654245203886253,0.06655193554338015,0.0727773524140448,0.0031472931709963254,0.08337873233375387,0.020170585398093258,0.03739301870889235,0.015572972249400518,0.11429980576132852,0.0006676259303278267,0.0,0.08004739097706678,0.0,0.08968502421357682,0.13042326944333013,0.13358698994987733
7.395907696623924,0.3201119024711682,0.2979108154176949,15.698067305562574,9.281937880255352,41.691081818352146,0.055431809651301886,0.07346192740131799,0.011895314970089402,0.06004056410459123,0.06918072400945788,0.034140160246327655,0.15427350624608635,0.016040924486522407,0.09550378923632746,0.24450254946353778,0.13671456821267053,0.00780881474963316,0.04149763638684286,0.012729354960151734,0.0,0.055793424786240886,0.05397660274030447,0.0,0.0744221585032065,0.0,0.0,0.0,0.3163368017587148,0.1292211674268522
6.7037932890641105,0.4711311618152526,0.4489265889928774,17.061026736314716,9.156197934483732,46.423056456966954,-0.04751300751232008,0.0006270773761699669,0.0,0.0,0.0,0.13868506701765654,0.0,0.0,0.026389994906069345,0.18476765807733025,0.09266568949123195,0.0,0.0,0.2144735682069427,0.0,0.41525938502958804,0.024225978240434876,0.0,0.03208070055010526,0.13011444561865074,0.06525688343353452,0.3340561889226077,0.5533556881286121,0.0
7.473430917502601,0.5216336630305843,0.6298302336467054,31.269492059165337,10.303357935941913,49.73572399702871,0.23674848713610014,0.046017600405406645,0.06879453511800472,0.04500253085854567,0.0,0.05208081255555956,0.0,0.05065599246972445,0.06146993088999315,0.2975749695005998,0.16688923462822172,0.03042020850980211,0.05545605527539338,0.0,0.03035251226939504,0.0,0.07147761897499268,0.07946220293564908,0.04586122559286787,0.03847894116555272,0.08041585263805537,0.17097558668780238,0.23543359567836625,0.019826108669882544
2.9454500141970525,0.4245479395548635,0.2921774685421794,49.736622925776906,7.331180287947502,31.66949294865509,0.2206927905971553,0.13745372863671423,0.0700964860655208,0.09491412247157026,0.03386509627379431,0.08209894716527508,0.07773769191237183,0.02247484328136956,0.0,0.29917849462111784,0.13383419735485105,0.009031065345162508,0.03610443080231225,0.0,0.016609023937709695,0.0,0.06660790271530766,0.10137133348603715,0.1697068238801937,0.0,0.0,0.0,0.17281782902968457,0.1287792871706456
3.7644255178838253,0.47560157484656296,0.19572746878025352,37.32193275344136,8.729505271853954,52.50754530480639,0.02144451465938546,0.09197760230606536,0.0035547980259435404,0.013398150410940392,0.03458457122817988,0.16553963777173156,0.0,0.006303394684166172,0.017032830787260277,0.0,0.0021807076418527416,0.04996021930397081,0.0,0.21498076172738212,0.06812267888385883,0.2344742763673683,0.0,0.008274485108806611,0.03649491664822076,0.07298989233064111,0.03942586876538916,0.27795537834279516,0.23792736052614794,0.04798252589745232
2.378999187793187,0.4840044607766199,0.31584764806899757,40.49467992931024,7.689476380218823,46.361853712453666,0.08155748830928519,0.09069599410070098,0.0,0.04299889784436158,0.0063618030588901055,0.05933687822300841,0.09004772953469481,0.024689616171979033,0.07060681548879738,0.01164868171737267,0.08231780791483242,0.0,0.0017596088789285542,0.049918028037753644,0.024769929218179852,0.23756164853553396,0.03298469300148012,0.022043595893226596,0.07080921818862755,0.11946406437125377,0.0036963182142584136,0.18249743402483135,0.2738998079396125,0.04936059185187661
14.629488582077734,0.38514536406697414,0.29999549931070696,15.698067305562574,11.393084595445277,31.469618089116956,0.0025030541973134063,0.0,0.0,0.0,0.0,0.04383005013411137,0.06800064801311045,0.010729278467487316,0.1297899495592134,0.1812915720477805,0.1796820721423243,0.0007086740758433172,0.04598862568135955,0.11660710085418562,0.0,0.4285577061653948,0.008836303230088327,0.0,0.015825611880815833,0.0041833468023930245,0.035447046237760765,0.08346030867465581,0.6205783372024885,0.0
6.286200682318666,0.23889303397703443,0.48861398117637683,41.2053725078004,8.17470836463162,49.97381374739141,0.08265368802150157,0.05315630564411724,0.05360530350894922,0.1222644379010427,0.028397877242734213,0.02795184812007998,0.08051147642868758,0.0,0.0,0.0,0.06953688442309465,0.018477601133059986,0.0,0.15628743349823562,0.030834434601516796,0.26863458441466315,0.021915817589715284,0.06482582264654894,0.0,0.101544263698108,0.011299224731252881,0.14079539600449015,0.23738676433583833,0.15066244390501807
1.740172993580316,0.4140633761465973,0.517157293028099,31.51241957005278,8.034786935086904,47.23588928000238,-0.01904904673247977,0.08075829216978725,0.10220994787472579,0.038707832169858895,0.0,0.07099581773147853,0.11899139275585893,0.028789862043107503,0.0,0.18049193598458635,0.2291093796703461,0.017983867543034576,0.04414003590385228,0.09525772605348354,0.0,0.06008297690455179,0.049796804968116705,0.0,0.026834489258714418,0.0,0.03416298154703162,0.09110991653253309,0.2693647722695128,0.019161500651414247
7.420981314460255,0.18382528710886314,0.4109361779355003,22.192228090833545,9.508382744398377,35.392169277991826,0.0617431084087362,0.0,0.07311203263563434,0.0,0.0,0.07571012231584445,0.08488116913836236,0.014266350232180983,0.10881927869922427,0.07574331039544335,0.035535562584867314,0.013713807088923825,0.018452025317240973,0.30264582987189564,0.0,0.2858459014737258,0.07166776642247624,0.0,0.0,0.014836242925027531,0.04597839902393243,0.1365243956719854,0.37585561840192794,0.0
0.3651921610709721,0.5475953430146308,0.42729728929931277,44.34599043627158,7.526279576670056,63.689963744234106,0.1594012618754861,0.09929607484691763,0.049977970646489484,0.031727631775065976,0.019842005666999927,0.045343486320868126,0.19052925589328734,0.03383256984437679,0.09650653282441829,0.057701540935217545,0.14943873369916472,0.004771392432788996,0.029049085075349014,0.0,0.03310550307360289,0.0,0.02877789066929231,0.0684688995119531,0.1006663795839472,0.0,0.055450800442054186,0.09691610398847057,0.0840028491171314,0.05156962221678849
2.8533131308988042,0.41266071793748643,0.5148147996758133,23.123568578707733,6.83333036707228,30.03318747376076,0.01608605631660298,0.0,0.0,0.0,0.0,0.06844432146989225,0.0,0.06206652419617399,0.19349042381226902,0.0,0.09406884747895458,0.006965114042296048,0.019014635348947498,0.23653123855347963,0.015167680769702914,0.33765409857862155,0.0,0.0027536424316063207,0.07485531405931897,0.0,0.06101761656883752,0.10627448039085974,0.36487389688065897,0.0
0.2487712035225078,0.38199005378613843,0.5646532981400983,52.126125545925845,7.2789978643988205,31.69695215578728,-0.0023845739542804473,0.06514818844836062,0.048688153417014636,0.0,0.016126579364928232,0.012670499202659634,0.0936914963200828,0.0,0.024228744050665767,0.05423339054833121,0.17965983373867178,0.03072221353327943,0.0,0.11365882256542695,0.0,0.32113093764248263,0.06055492632309031,0.0,0.0,0.05978216618532924,0.02830399590761763,0.10075694254304374,0.3675854408694619,0.0
11.23016457645732,0.1028458897075068,0.586944116212589,46.05188114523889,10.370249550238972,47.014663355699845,0.2397732482089823,0.10577640573441358,0.03647594918870777,0.0,0.028492436465897306,0.0,0.0,0.05614763385688683,0.0,0.12811426756591002,0.06941626263277882,0.007423494350688257,0.04465516857462706,0.18317981499683966,0.0404846551555154,0.26445729287282027,0.06914857980305972,0.08548497267397054,0.02987157705166553,0.0,0.012942290422939706,0.0,0.4487190092806171,0.007847476902152366
6.087274409159852,0.33183001325960876,0.30816551666139685,42.20724627169371,8.721763889270362,38.86085469455014,0.13415346071092246,0.11193568020283806,0.0012136382779044247,0.0,0.03308159310082413,0.006875113939179368,0.04072537164144308,0.0,0.09714509585300046,0.08496930689300358,0.0,0.017107992455345625,0.06696392779424706,0.19189886219855998,0.0,0.2061253490548523,0.0254217523085834,0.046200287746953006,0.13311082414852637,0.0,0.019178772956950557,0.0018578534894998638,0.28725677113903686,0.012922152209570974
6.443105710614859,0.26124193438332677,0.29609197983527746,39.68359365672827,8.259694156673577,53.83982834055177,0.24240236769862727,0.08520691738803192,0.0,0.0,0.0,0.0033398882941870073,0.034952130797177,0.005614188761634775,0.09784808987708384,0.15300300336591938,0.005682099925929759,0.0,0.004008315972075911,0.1781917744380893,0.06112165939267597,0.19282294705871378,0.09139820307432309,0.08587415298726664,0.0,0.12236722042226812,0.0,0.09054024869143304,0.3514398052767949,0.0
8.060406303914544,0.17004817464531097,0.390459244723954,44.252396644324456,9.179155022175614,41.47875399294589,0.19683954811967125,0.0,0.14594795177710873,0.025201161914211307,0.02826737096894865,0.0,0.0,0.0,0.06292272515773019,0.04205381775972592,0.0,0.03881275166435355,0.03840038134904425,0.046042933843380485,0.05213358010578464,0.38133991309716664,0.047403557083213414,0.058901853341671,0.0,0.168585977824303,0.03539316661453755,0.18292938253179347,0.4143738181632947,0.053468406464729216
5.219609209024685,0.4894698348215296,0.27842581035324937,24.884192571887247,8.924291511242085,43.26264528417553,-0.04751300751232008,0.20117853870485172,0.0,0.011632628813141067,0.0,0.016334262699815905,0.03659709014776918,0.0,0.14370208545749436,0.25542465535196335,0.18314758422917604,0.0,0.0,0.3672146262786696,0.008192166102248566,0.2393512029233109,0.0,0.0,0.040197253487234436,0.0,0.0,0.0,0.4553332235198889,0.0
10.709116219297357,0.3840978136281296,0.3760875642761938,27.339970440212202,10.400734683126325,33.42512413538762,-0.04751300751232008,0.026868728820857966,0.0,0.0,0.0,0.13767771875301799,0.0,0.0,0.007539786334918155,0.19851083495956648,0.26774796566120557,0.028123102153523004,0.0,0.22301763594095514,0.003466599721429337,0.4740648979016747,0.0,0.0,0.0,0.0469835659038864,0.0,0.14228577397423026,0.6595897462305509,0.0
-1.5288567768577712,0.4757403175137387,0.4236298656846906,38.85796328562412,7.110081304018054,40.04967492878049,0.31145352743507226,0.10252649989812024,0.022649048646808966,0.16090620328701621,0.038893352042946694,0.0,0.03393152407160302,0.007954664594895315,0.051557241270544854,0.17020041275337233,0.2447122191149269,0.035958345513534024,0.07269590438508493,0.0,0.1569412270008829,0.0,0.04542819063059428,0.036387952766735565,0.026680850275661222,0.04073490116504395,0.0,0.014305335422019783,0.03377464625028451,0.199800164453972
6.461835879166553,0.6058151556006268,0.23384570881271005,33.606886017295615,8.387538737206015,38.50047839742886,0.13071299712942863,0.12356445242734679,0.06858046896843684,0.0,0.0,0.09690488862325172,0.04248028137485936,0.0,0.1424735595404131,0.37061241619643875,0.22863253709677744,0.003555784976550862,0.04845005019208058,0.02527153552300057,0.0,0.0,0.0712795444719482,0.03702215442620096,0.05859884782053046,0.0,0.0,0.04898984773673219,0.1779224084146939,0.0
5.044554211216336,0.48567520370101813,0.607500786380891,39.2228980360465,7.226745820342595,47.92270974244292,0.14640773943341495,0.0,0.1371139612290877,0.011074146369270302,0.001071214024331888,0.11955233490503941,0.0,0.0,0.0,0.3011058022925118,0.1436535920070289,0.00210239381587437,0.0,0.0,0.0015130937477958704,0.030161215115489706,0.12367792634622432,0.02376316719327145,0.040555674300266215,0.1606744878340664,0.036725592552401126,0.3169523270046298,0.28096288211895554,0.0121452148289077
5.111009905370028,0.34107809103060266,0.2818837534211638,43.99392717488186,7.026633939415082,34.54161504460036,0.11156497213322202,0.018999704607807963,0.03951203398897524,0.026201409346315884,0.023081147389811867,0.17161653022369958,0.0,0.0,0.1522494152787446,0.037106609589952017,0.0,0.0,0.0,0.21121403117945892,0.03878572887410106,0.24755332137933914,0.05758329913233232,0.02266203728430622,0.0,0.03287909764669182,0.017750997170903907,0.22224633457697823,0.26692975304579203,0.04928274994968585
7.092628110713205,0.4299734996641372,0.2739907785273861,18.637958990393937,8.59182567400726,43.31405564410926,0.13452356572450433,0.10397846215359716,0.01105206864101517,0.05389534268186209,0.0,0.10037581190082467,0.0,0.016336970873755033,0.21191737989664006,0.15148744186008245,0.0,0.017680184055606358,0.04305579856613699,0.11678284125342268,0.0,0.1742022898896529,0.08222482951895602,0.02614026734388792,0.08107057843610525,0.0,0.0,0.055374325810511035,0.3420267667782242,0.036321958668533
6.1924809797507745,0.25440603193858413,0.5706555281855547,32.11584350036969,8.678144093320013,42.65539197577759,0.27342632063945127,0.01317266753158828,0.07174574947755277,0.0,0.0286893713517418,0.10529387283933575,0.06057817714064923,0.023194161783164257,0.07125270176977075,0.11798863829473187,0.04977205948645044,0.009583050211792423,0.0374859137114047,0.020630544750245963,0.027065295425165056,0.15177842667539904,0.14596122491289215,0.06291362747200512,0.0,0.05033479535413188,0.01625532538820698,0.1718835885301635,0.29296115241703546,0.026252018547911954
14.674379717524378,-0.05727608618144331,0.48837294303652945,17.56372615205773,11.462905465392085,29.05906970369943,0.08019608403765593,0.0,0.0,0.051240904262253986,0.02384311229081485,0.0,0.07572478013806404,0.01379693446469289,0.0,0.12664837036942347,0.09143056853353,0.0025365423952374852,0.0,0.29845150661781045,0.011297447219149093,0.4170175579107164,0.02060814156008476,0.07346463264862188,0.004909229599322391,0.0,0.0,0.0,0.5574629369294004,0.07508398767297642
9.613910287092644,0.4027495867725255,0.448333963814818,21.817109987286443,9.789041986101545,30.49406873213784,0.1194277950067321,0.06750382152912955,0.0,0.046168103198484314,0.0,0.04335024291849916,0.10125875846689864,0.06121427599839924,0.10311045294045687,0.10747876847427833,0.03677794188039453,0.03516766576784065,0.004623561272420425,0.09005862751850979,0.00738631321954039,0.1078689724591213,0.1039116161091817,0.0035061967577653917,0.0,0.12459803666049074,0.005959141464519339,0.1739075139380731,0.27656231418997346,0.02688070288280873
6.3147112373014975,0.2748927745867884,0.22288838898397714,53.7435222817399,8.359230522853238,47.131707954155814,0.052770763901882414,0.0,0.06118588935909073,0.07499695349776678,0.0,0.061048419690270674,0.22915859320616444,0.0,0.0,0.12344729713054536,0.038788917406434205,0.03400507373261114,0.09391525375407055,0.034364159267518415,0.0,0.19938494887340039,0.04621465143227183,0.0,0.0027726061630629836,0.22367098374986732,0.03433277622257632,0.3190523726666063,0.31502324778155194,0.03260470198128782
3.9743690379578664,0.14651777714534736,0.14363698962598884,23.381054582418493,8.26804416937557,36.11283863371395,0.16071339912816657,0.0,0.00916038158073362,0.0,0.0,0.0,0.02775742947420825,0.029458432396921204,0.11113334657648768,0.0,0.01297986181164737,0.0,0.015429053602621777,0.3721630149199793,0.05089351215138419,0.3730930888044156,0.06168046670371756,0.03271041998179006,0.09461549203163727,0.0,0.050571244865757196,0.023407781313198373,0.3237732846511902,0.0
3.378911120296554,0.4206561662444635,0.26939900387757176,33.2805035921969,8.41988109610053,52.75088726154398,0.2341197460309304,0.08848922596505607,0.07924348548072262,0.06665053300445445,0.0035863899156718185,0.08286374850776743,0.01071720989811796,0.0,0.07782308580032353,0.2007538688196126,0.13065266524591576,0.0035163904676210733,0.07720986102011554,0.045604186693303475,0.007235373168371124,0.0,0.06526606363214313,0.08440838365668173,0.07571624036523525,0.0,0.01725863445578379,0.044458685873635814,0.1394224923258894,0.0702367133682973
0.20718657645623484,0.5836764171374462,0.5813929543191851,26.613639383903504,7.690746334021634,48.416185444609184,0.16885100042384066,0.2138655534416981,0.03543184515404638,0.09806326183015797,0.06045950089031766,0.057735305810994654,0.14606261947305466,0.014120231229083732,0.0,0.16782065608655394,0.12474287330088565,0.0428735875036728,0.05756706609000832,0.0,0.0,0.0,0.11529337912609153,0.0031580424687193513,0.04592129763782292,0.034058064683426446,0.07239281744785639,0.1641862142637073,0.02420619327611198,0.1585224793175814
8.159580262829351,0.14828373146854357,0.5332633001356967,52.88286897519407,10.287558463935284,30.997415170448704,0.19581424366244599,0.0,0.0315109079664796,0.0122492368420084,0.022984660493564672,0.0,0.18582721289905405,0.0328454561342902,0.04331428947101405,0.18297916745896936,0.11154983613198825,0.013681540789876864,0.04752388536000447,0.0,0.01498482443406125,0.22449339151075504,0.12471138905413467,0.008594163517919234,0.023471720353528885,0.0,0.01890980029886489,0.0,0.44031794538726554,0.03523374496904566
5.42850648498702,0.21578985649185364,0.47863584244251467,32.50935128458254,8.452071504764593,67.89997868517543,0.2637181150070526,0.09661342855910007,0.00996324463536137,0.021313512108652035,0.005950083243331869,0.028332886952137377,0.0,0.024175542561206784,0.0,0.027649739816340863,0.0712056155643423,0.02552987569473625,0.05062453256509834,0.16937603520352446,0.010920340995241418,0.31266177657773425,0.07992861589937542,0.12224480918877834,0.005240477867848717,0.0,0.047953804838845246,0.06905066626200045,0.36448726506654827,0.02726358281795027
2.25377910559291,0.08552554351423308,0.14664842151346127,34.1961509437577,8.071875122807992,33.546149350194725,0.15821708285466152,0.033520308476597295,0.016505775360711593,0.03466902863124169,0.04422037146892375,0.0,0.18709993709837003,0.022787655135641485,0.15209615375901367,0.0,0.0,0.04140382033409325,0.008773900326472846,0.19378439641561518,0.06027684566309123,0.2756754258385032,0.011409067397881851,0.07775723240999922,0.0,0.03142048823967635,0.014498675809743846,0.0,0.27997837163633643,0.07888935767836566
2.877623961007208,0.4717614220216569,0.35872258392272954,27.67835551126493,7.719631330836978,34.06696345072284,0.24189602584203018,0.09550382719143902,0.0,0.0,0.0,0.028187156441209196,0.09734883406109053,0.0,0.039763541098407865,0.05340439822526548,0.16235502693970782,0.01998417419550383,0.012439263925245931,0.06381342030623147,0.07462900641046809,0.204009909138427,0.09394623147527217,0.06088170049410829,0.02433696790896561,0.03352174901305381,0.06810926458034747,0.12981819207441128,0.25284245151516793,0.0
6.762998417465566,0.2577317323430206,0.5501960495201259,28.787341953076577,10.021147446938183,43.676319228655366,0.19954985688800503,0.0,0.14862496935597314,0.0,0.033813879581830894,0.04091364426642226,0.10354909632618486,0.0,0.023747476505960652,0.08998308023594405,0.0,0.014367524667587589,0.04182447000282371,0.15366454775691207,0.0005250498104073485,0.12206843536713885,0.06311942343547444,0.09408090010600288,0.07191992639398659,0.15048932693099493,0.08301883072597302,0.2744220550107875,0.20522858479235956,0.0
15.082997868648029,0.3682012741442653,0.4692121441175553,41.978481967692574,11.242430567573656,39.986829537920286,0.06356393751622777,0.0405371916849484,0.10330220826625655,0.0,0.01673249698109376,0.0,0.0,0.046879328572964285,0.07203487574053627,0.163726457937755,0.11548982646791403,0.0,0.0,0.12118733883415635,0.0,0.2532934268061366,0.0624663848179126,0.05317917800803665,0.060216115920422815,0.07494437655569278,0.07011433178231447,0.08537159462553691,0.463899136061676,0.0
9.400867845755329,0.23958055452080712,0.5271655132981625,35.85155669433367,10.498892740031373,55.54464736850856,0.04843670011803222,0.0,0.0,0.0,0.04397866154319974,0.08423810963240294,0.18168076355109564,0.03127692104021237,0.14322417030326873,0.19916597471413852,0.0,0.005542403124820839,0.004211403881513601,0.16854772793368472,0.05161887475423077,0.10124760518421372,0.0,0.0006081202539774122,0.09261093398301797,0.0,0.0,0.06250285123277882,0.33169053499019935,0.0324800449078873
2.897679299586136,0.5149591112052427,0.23587908937957366,49.71689389575324,7.254650071284315,43.821814980554116,0.04383063392230442,0.10772335807976029,0.0,0.03314716462193495,0.0,0.03712314367714543,0.16208352248424984,0.015795437786352107,0.077432183670136,0.09055339092119923,0.05391708416162515,0.0034025521808678785,0.04328406698347569,0.10069613227846227,0.0,0.08695905300095379,0.010584872926137183,0.0,0.1007249480016742,0.07280273133941151,0.06183305332913692,0.17175882067596357,0.19330783511214464,0.0034054256502571295
-0.6823335727943114,0.5947555999730105,0.3501901694066315,24.602008286572307,7.028048984343641,55.43373347548335,0.05594079301584887,0.16642133167066203,0.0,0.015794374965196853,0.041892985943410455,0.03556305871368426,0.007333131256825096,0.03495981154691591,0.0597149367395912,0.18137735592945803,0.18092391394021368,0.004065034772121685,0.010195924482697311,0.10881219405039956,0.05628638292281536,0.012862622415902303,0.008772609994434726,0.0,0.09826801829832492,0.015525503102496658,0.03427337598563682,0.0853624215170359,0.22920004924586376,0.05768725635515135
7.869168970863809,0.24574352516524095,0.39079011061896685,36.28642647468753,10.60658250815434,49.79672091550756,0.09234164924355269,0.0,0.10896277527895645,0.003606921447854121,0.0,0.14228817984950903,0.0,0.034571126255281234,0.0,0.008789072790302277,0.027929526245824794,0.022092741071655764,0.025524642375726207,0.21196937918386854,0.0,0.3959541103619959,0.027687427545471915,0.05545292826186603,0.0,0.12833685680672785,0.039505856208483486,0.31013079742087646,0.4393146411511918,0.0
10.132491485172583,0.46673389974315826,0.47041079863614627,39.995117807544915,10.096104382994776,40.78079571469645,0.26838185108509616,0.10648660089676193,0.09266138154534757,0.03486924207739371,0.001866669535294855,0.04085106853689996,0.0,0.0,0.09643755290442756,0.3289282539992252,0.15543800844498523,0.04231415272350891,0.03303274669742965,0.0,0.01706048252629306,0.0,0.15682514289170058,0.06146385773467078,0.065505093214961,0.0,0.03055077775170633,0.0005525937626967015,0.16676271469420972,0.036735696911130426
4.9779990388477975,0.3842216789059513,0.30215028657708004,30.02501664215959,8.770412253811159,45.40977717917818,0.22810056228970654,0.0,0.14763336209324956,0.020044475448765905,0.024863164866945217,0.13650291803713954,0.0,0.01844554647032295,0.015451869324225348,0.01751240105531937,0.013888652477728913,0.0,0.06892830982847521,0.05953956534071289,0.05298164612037999,0.14236685386304704,0.024122199905704647,0.08206836410828124,0.1198190258707878,0.09668768883020748,0.050874578657517586,0.28406522602779155,0.17832504947469105,0.044907558522340185
5.377802489595335,0.6119433435931283,0.48087155077831667,23.7616343767774,8.789156548681607,49.002314875871065,0.08463930631090541,0.1864219273109289,0.04357982036144307,0.013172342550583957,0.02476300224090392,0.05144843437075941,0.31805159219168444,0.0697521060808991,0.10532922413620599,0.20685379694341854,0.13897828112006405,0.00560097803119653,0.07174942598671816,0.0,0.0,0.0,0.01769295975807906,0.0,0.03332252258378314,0.06174484578137849,0.029097149187130855,0.14229071454082032,0.04682436239185425,0.037935344834060976
6.512535738733757,0.3327956451911087,0.5841134415732461,29.796760776702303,9.25235868832506,35.45794642732885,0.16745254656610817,0.04982839995246244,0.003871293611272912,0.03189750155528822,0.03452170445549291,0.09277247526605031,0.0666207970733482,0.06636167521791805,0.02105947309881183,0.0,0.01248738823986123,0.018339321931348483,0.05231598982393734,0.1580576031589298,0.05160341992054464,0.17830795293411042,0.03169009044285255,0.03184332642068861,0.07397199341743466,0.014174842147690844,0.05016151534080309,0.1571088630199707,0.20478288025744906,0.06641918168516385
6.488066920567347,0.24435673298403957,0.5403916463352753,29.73032628141269,9.160410762388661,46.156741216447706,-0.005430527913311958,0.04952355262775553,0.04588997667833805,0.0,0.010212638903156894,0.004539391827906754,0.0,0.0018487624014347642,0.033004481291106114,0.07660213306633427,0.0756637066199808,0.013218163080041367,0.0,0.30945174694805627,0.0,0.44577606282622295,0.04142383099729197,0.0,0.0,0.08596022595838203,0.0231120321002963,0.11361157826759308,0.5242269834976134,0.0
-0.525506133220131,0.13984417957423959,0.5378995237441271,44.15631722827833,6.263157824971948,48.912648210528566,-0.01948557431645019,0.0,0.035697701743770585,0.0751581050011028,0.025815374771614955,0.031158100531593996,0.06719396964821357,0.0,0.08452446655896248,0.03836775721622257,0.028621636323148986,0.0,0.0,0.3344195977447084,0.0006585055103044343,0.32861234044362253,0.002395962237554859,0.0,0.06748417329869223,0.0,0.0,0.0,0.3413567705883169,0.10097345344427554
-3.8545414588084137,0.4138084454119421,0.32701353441808273,35.55031155583467,5.429230889208101,55.16929819197139,0.07305596087386088,0.0,0.04833591133950815,0.05837050843950664,0.0,0.10090805155049921,0.07869033835136759,0.0,0.014832886087011374,0.004207002946134769,0.12834551613368228,0.042685664019360206,0.029259025628287163,0.11828549796870322,0.0,0.2639262508647195,0.06468449779753457,0.015245800270637542,0.0,0.12203676779172581,0.03642965905415777,0.25937405807902003,0.24444535801276504,0.023378467582547892
2.635248626042913,0.4468879998844529,0.45960210254247813,31.628381605836598,8.23884000404348,31.42023895104528,0.0967487302039156,0.009994771717556715,0.041734736868174346,0.0,0.05273671620300434,0.06778555494424354,0.35789163900511584,0.09132394817810507,0.06868548123908731,0.06766669798084396,0.13939581944279805,0.0,0.024120829519789975,0.04949402450922012,0.0032645786112388622,0.0,0.07404100604232489,0.0,0.13874752506803284,0.0,0.06681269285736818,0.09404588024349732,0.0,0.010398563873018216
6.117643582391756,0.31265729670670117,0.3308195332691254,30.612622930985577,8.971529890598307,63.82952358575916,0.06881596210521967,0.23465011996374904,0.0,0.0,0.0007184930164787114,0.0,0.2028283368588994,0.0,0.0,0.05641885342260429,0.12867691587484212,0.011266258133447598,0.05794389536872056,0.23215253922157947,0.0,0.2584981554652431,0.000784107376140146,0.029758594378959995,0.0,0.0,0.03695319741606018,0.0,0.26306092102025586,0.0
9.937775534216684,0.33801215744260765,0.4542284446077815,35.00415628745415,10.239242882629725,67.70179821190666,0.14399436878785998,0.03239730188024259,0.0,0.0,0.0,0.02595036406000354,0.0819320553423169,0.03329278655452107,0.005011876142377976,0.08960674114343856,0.12252140731406141,0.004962440190374593,0.003105028840766303,0.08396936316296322,0.029597776144011233,0.3340160535464609,0.08724355555316765,0.02404765160310937,0.034800023901233115,0.11001233184038597,0.0023570282743341914,0.1383192700024966,0.45691569682409305,0.0
-0.8787443927377314,0.455324452578207,0.35316916285846217,35.89705133772379,7.438892942621143,64.1314311102413,0.07856469794605475,0.0,0.0327871801351185,0.05690873532650148,0.0,0.0935492014517684,0.06770648777215438,0.011846260093934188,0.03934857157199262,0.1480903036554634,0.14917955731762206,0.047366084226450916,0.11746621257125985,0.08025127843026908,0.0,0.0812754687818607,0.0,0.00014167461207587398,0.03146295470836596,0.12887121213098668,0.00590402301886998,0.2283244061049018,0.24121215544277244,0.044154080525578746
4.20470446924416,0.3582810172280602,0.48813520128252963,35.16129084660097,8.716163351986438,59.07621096416699,0.12044416516052897,0.21279583048689307,0.04789818393470021,0.0,0.07339799835720567,0.024716021192650844,0.04932406935856816,0.0,0.036688809957960394,0.004904314536982396,0.0876138012987537,0.03983878671099837,0.0,0.2851676041554576,0.0,0.19688098463791417,0.1667505887161375,0.0,0.023021937116339958,0.0,0.003922513571431231,0.0,0.17403721985343107,0.0
6.8490770835255965,0.06732812950594064,0.5701862962023118,42.93428217940065,9.16287879514618,56.78106910339849,0.03731388757722055,0.015489927829869035,0.0,0.0747023611488463,0.0,0.02002964693365346,0.006379072038419975,0.0,0.0,0.05611480575484038,0.0,0.003446495558282037,0.0033354332560665174,0.358004696185869,0.03400145707936256,0.4782166163731092,0.020561804887068838,0.0,0.0019555476672551003,0.14094562661011,0.002380890064201311,0.16335607096453467,0.5052283469893366,0.05373345463041362
0.9140279602886263,0.5800502912298202,0.23734443471026428,25.812910176675665,7.342006645970174,19.346299124934337,0.3133339904956694,0.18760146899032323,0.0,0.045471667875431804,0.03756636844943768,0.07988890597280407,0.08569145001765971,0.0,0.06857719151460752,0.30577270151188035,0.22731379620619135,0.0,0.09441287195166953,0.0,0.005964252176312017,0.0,0.10824835939265211,0.1047090207284013,0.11127980721103706,0.0,0.0,0.0,0.07105767698644533,0.08303786931720174
1.8238775233415363,0.31492327997651903,0.4639451446774863,42.050743266205345,8.119126900406076,47.216310544401125,0.18499120675813185,0.004274820801404858,0.04728902706139831,0.033231353126681656,0.03619497644102176,0.0,0.0998305835528948,0.04020589989166094,0.07776341132226827,0.11400086046146675,0.14580533834109266,0.008618633384830588,0.09000264505271319,0.027179852999535875,0.05388316180057283,0.10215282151363399,0.03705517628873655,0.004050133918255625,0.11835293430273261,0.0,0.03546618264459932,0.0,0.2563593070229651,0.06942658777845469
12.700007346259511,0.10559505543443096,0.2951664543357041,37.36258961935835,12.235314161611555,43.214094409936244,0.12823275925718955,0.0,0.015268213956736408,0.02076106926598438,0.02704831602821369,0.0,0.06328179258409614,0.034592256822626385,0.0,0.013521632056275865,0.10487723295823657,0.0,0.02579053835964047,0.22888726456728703,0.04685400685698331,0.36281214508077997,0.0028861244893814836,0.052702271275965926,0.009685461055849186,0.06752700974143785,0.06522022270073308,0.07322194535386436,0.41092604841981684,0.04780906365769351
5.019282660092214,0.3237639785940726,0.44377330061564035,31.890543295793762,8.437690921060039,57.28861911457033,0.2148397252613205,0.0,0.0,0.07543903305773035,0.011870101310610944,0.040143732528173416,0.1261864536731837,0.036219779914628915,0.008841299343494556,0.1930025768391077,0.18075099673006537,0.020652366285920307,0.08220378984303235,0.03972544938325216,0.0,0.0,0.057420523376889174,0.08968276587685102,0.09455521612742912,0.0,0.031763938327962725,0.06111169553265278,0.2094328114968333,0.08730905958936677
2.3118325718184844,0.3535960422398964,0.5368301508402027,35.37151240299328,6.938646639766674,45.23909531007984,0.1196225316522061,0.005566259573420648,0.050667117371214265,0.04372659035267331,0.07627184152834154,0.07936879746988781,0.18501251391589263,0.033300289619818985,0.13386063075294205,0.07145278999660674,0.0,0.0,0.0005699703619178043,0.07282475701634841,0.007027480218811321,0.0,0.09561024319286916,0.016415076887052883,0.07054729052311262,0.06616334447545402,0.055622679182008056,0.20115469914785666,0.09827866051981957,0.11999849858184802
7.390833715253403,0.34575437138372334,0.44643147249071524,45.585589203600385,9.13779781625715,31.51985713137828,0.17508059614346638,0.0917016307267878,0.11271750605030562,0.0,0.0,0.05186356222807233,0.10505126057758132,0.0673607341611316,0.002881526954429385,0.10611004896940887,0.015689323470981925,0.012314006001653133,0.049261113040752105,0.12526281501176598,0.009800472752034012,0.06635491386017403,0.05478794386769108,0.0612312620631508,0.07986094088310086,0.053862496338030724,0.03758048244304647,0.14330671400555867,0.23982585085838254,0.0
2.7038770354907684,0.252945722531083,0.307118649767341,37.03696265848125,7.7385943570548275,64.21563586050185,-0.029438141455297814,0.0,0.05983117963301831,0.0,0.0023598338826260716,0.0,0.17945428607011552,0.03169540895071968,0.02831861067731397,0.05579280935849363,0.1773071134582149,0.03443078085024791,0.038337966045838626,0.24129287557837603,0.0,0.2265922100518416,0.013456905797211094,0.0,0.14126984258747902,0.0,0.0843538981090704,0.0,0.3140803590003517,0.0
7.068824761147439,0.522583597410176,0.4669451437828244,46.929612560553444,8.911191541713968,29.91272439338244,0.14305403980481957,0.1968372698932971,0.08806390502798622,0.0,0.0,0.03385147092017331,0.0,0.0011772660652536113,0.048396054473512966,0.1898427123092555,0.07904580523973306,0.0,0.0,0.0,0.0483020087864737,0.19811576742875486,0.07734868742253143,0.024327787858548583,0.13121320957444804,0.01285371306482181,0.03043229677581198,0.07713771336177573,0.38913521448356464,0.0
6.718799547228609,0.40498615931317583,0.2879050369278725,48.71024337857497,8.320358166538691,27.509504779451657,0.20276191925024345,0.10378090635045394,0.06855075434743277,0.0,0.03566647329221806,0.0,0.1262814216213994,0.0,0.05954737152826293,0.16681374220056489,0.17564116616755093,0.017199658021083704,0.044909413840817314,0.01576038533737352,0.0,0.03482995048424488,0.09196632677950466,0.08313786686107312,0.10449778884098078,0.0,0.028963145825324447,0.0,0.19990689944705817,0.0
7.148206535259349,0.5118070677644091,0.5930542628404264,32.68898917577354,9.557022948195174,27.200811324618567,0.21646856263422165,0.11300314999056191,0.0,0.014896315535666275,0.010404602883254732,0.03242087513064171,0.1254227134250822,0.04875079614443391,0.15528894843730295,0.2884293854255387,0.035338986119813336,0.0,0.0,0.0,0.06774335499678709,0.0,0.10224890895735692,0.061962187271805774,0.10806176999228667,0.13212408102258993,0.0,0.10969607106980611,0.29910992365708744,0.02530088983183408
6.658597488573362,0.3842431081306775,0.3829714505490758,36.39740831597913,7.959117419647457,44.058283053654954,-0.024784103359551155,0.07590888974759574,0.0,0.02604110880113388,0.0,0.11391156289020443,0.37246642327042995,0.0,0.06796343859425058,0.1559367821666944,0.07667791536801795,0.0,0.0008661920692403721,0.22502957666249213,0.0,0.0,0.0617270536231459,0.0,0.07119297423018446,0.00048357905988710703,0.0,0.10391480888831918,0.08207699313752131,0.023989100071964326
10.722148536202074,0.39010899737214333,0.28209329369470676,21.814065056188674,9.867981570035811,68.30215087566555,0.10899265635966064,0.06709685427099411,0.015653707117210813,0.006379370690931575,0.019234394162270508,0.06572402816854898,0.1392645127425093,0.006296746040841836,0.051247453493061035,0.14161028414101953,0.10916347353895545,0.008326696049984709,0.05660074330151854,0.1087227518100588,0.025799195099935175,0.06373638878273051,0.022132374755052937,0.0044605570824013605,0.005250554233963714,0.087901771862468,0.0,0.14902349150136235,0.21164335070369897,0.025613789127621536
1.57632852051974,0.3435909211115008,0.4316653282515489,15.698067305562574,8.095063086810562,33.863942529505906,0.020624033488319954,0.09843529453109173,0.11085569309650165,0.0,0.012228999477703003,0.11532670412613605,0.0,0.0,0.023766277376436114,0.0189412350017773,0.0011668521592529818,0.0,0.00013530039266553343,0.26667890727532845,0.0,0.3428335471481712,0.03567026374319935,0.04243663799546968,0.05426417290502603,0.030246939855134488,0.021643043395231733,0.16721690334286177,0.3483093992688647,0.0
7.351600681285155,0.4619161640271113,0.5936722315161238,33.66295643251306,9.447855078371063,52.65458579656983,0.004328180032131479,0.05428549011013648,0.0,0.0,0.02232694386580755,0.02923179244371859,0.0,0.04409981401630349,0.029422097888031157,0.1393399386868924,0.2643603306224632,0.027851159966167875,0.015147883355779533,0.19847320486046288,0.0,0.23546518581464207,0.0,0.047543809388963354,0.035780208821731926,0.01698236360636197,0.004002274556548186,0.050216784063557424,0.41890460377055305,0.0
0.33906540257284234,0.08906463255162778,0.33141750957373456,40.37676329158295,7.324846560168707,64.71764053417343,0.2694771640085621,0.016064059175189146,0.04443018185673851,0.03842112291508373,0.029562030821483617,0.0,0.06239181362964269,0.045461550161736766,0.1329906566642136,0.008512864825001756,0.0,0.01217012989791758,0.0038442055910275566,0.142368249373977,0.04026987418795891,0.27031058917244366,0.11436230535088682,0.11100083594359422,0.0,0.0,0.08669178137560976,0.046920029217634975,0.32428506758600356,0.06798317829845876
2.5799178659785746,0.538071010637488,0.47678102112831094,36.25400419513671,7.846363986456186,34.23233971990036,0.15679799889915427,0.14916153831845474,0.0005769372815329216,0.06036282483075528,0.04077986000028375,0.08400530238370527,0.14575015243979472,0.011229045621409507,0.07679260183435614,0.18412845269981282,0.1661920252859772,0.018149863021051014,0.045129706602526576,0.0,0.011705048084745774,0.0,0.07758884803557925,0.022374296178696747,0.06306746969532713,0.0,0.011146856780138593,0.06470700847011271,0.12441114020467323,0.10114270383435098
1.9604455486363128,0.5623848684784507,0.39978522716261494,20.399928592944963,7.008868001606903,46.168743582578294,0.1516476855222187,0.07444413028553579,0.0,0.05717671998473925,0.049775109245092125,0.08712215458013767,0.0,0.017999718836934596,0.08979619490006377,0.26942606199029207,0.17746963038695537,0.016535948834651072,0.03340264959419003,0.0,0.021637701687841217,0.03244195874613631,0.10020439751892207,0.0,0.11114708083568661,0.02960987110277132,0.0,0.09299151187857589,0.31986807379496585,0.10695171838915296
10.58260162124737,0.2797510096504032,0.36960730405376285,33.085212040806745,10.502751601972399,31.26751619878698,0.06672262890614071,0.0,0.0018284085214728164,0.0,0.040671869121027146,0.11599897648518537,0.10610376209156261,0.0,0.13364801893460965,0.08321346319725656,0.0,0.0,0.0,0.10340895403771323,0.003111548639983256,0.36154799833972384,0.0987000942887086,0.0,0.08390026714253715,0.08210036861880188,0.0,0.1818832290869422,0.43033840069048235,0.011846837627972628
6.980812908653791,0.24715111429378134,0.47110284585320794,37.756938692092774,9.651488246679083,35.60943008273027,0.005833135567233749,0.0,0.10496197537461843,0.02028857858210076,0.029401773837626898,0.023553799466852588,0.2009689921497601,0.07029558016620494,0.09188835618656035,0.06664533410681753,0.045094645251524124,0.0014186083950901377,0.0,0.02228189499016689,0.028726028353809517,0.23217176947262766,0.051329169122242085,0.0,0.08007230370902381,0.022433660170312487,0.04206864675722483,0.08805592487266997,0.36911288264033176,0.049690201072805834
8.293376553395555,-0.021428763448122112,0.5865325406214211,39.86867381004389,10.22551812641252,32.30837914722163,0.11172072368206869,0.026975614976982018,0.0,0.0,0.014400115769631364,0.0,0.24590698199849492,0.08334263795804402,0.08379673135275505,0.0,0.0,0.034891769902879524,0.0738668717560662,0.3228436083845366,0.06055154275965641,0.3593341952972331,0.0,0.0,0.016863464532129994,0.0,0.0,0.0,0.3715404725521583,0.010181600359989582
5.256628280030566,0.20136895013472259,0.3583579506958365,34.16700856950543,8.981800101041951,34.022107734641125,0.14690996667302655,0.048632204751555656,0.11584760266832594,0.0,0.0,0.09959151003119932,0.17815220384741234,0.009757280953155787,0.05033743671864045,0.13033789033301488,0.006199659703897062,0.0,0.05735874835283872,0.07039168951513938,0.0,0.16186074136200804,0.10044407562872659,0.0,0.05949636679934352,0.0,0.0,0.04268164957123472,0.3019561609158686,0.0
1.19306062165328,0.3344457935866627,0.4678238993222767,27.626708900903576,6.819382599524814,50.941383344551596,0.012545785699193956,0.08196477354266225,0.0,0.04511670166988792,0.009836274277578735,0.0209263342791529,0.11207477556953106,0.029414139136743497,0.11973124108930494,0.043763747725503246,0.06757229045619652,0.0,0.01592622502714703,0.13946180676233214,0.0,0.3067237648205261,0.0,0.011568663972306596,0.0,0.0675676740683513,0.027616320985384107,0.11611022652603462,0.379901288187246,0.05495304856884367
-0.4524190025151249,0.28433674968941414,0.46272211674403574,39.07295229463138,7.113255408518443,44.982838498715836,0.29952381959153157,0.10914325497816285,0.0,0.06609338526190237,0.021930297488267893,0.013733985627754679,0.1162899514077822,0.026630650090466265,0.0,0.0,0.16059081499985933,0.021954438911491014,0.10251796584350308,0.2059091574314171,0.08205033018481162,0.10594324201768458,0.09643082237416994,0.0185240348461643,0.04310650914289012,0.004931936456579397,0.0,0.007084306155955608,0.08721457347391912,0.08802342076689877
4.923319609219124,0.26665895056316535,0.3295507473443167,35.10527657224396,9.108999513965994,26.66919151845113,0.16481928530735232,0.19011718530942348,0.14255693011768483,0.09992144895039982,0.0,0.0,0.12881361889455803,0.022078770421517378,0.017804153795945174,0.0,0.03383037927358572,0.04652171596579226,0.03321069109864909,0.12817103213515957,0.009841939630605846,0.12803271248370524,0.0,0.12183997389321537,0.03271187318228489,0.0,0.03784435848841611,0.0,0.0896215807484898,0.07935870284813273
7.307093211349427,0.12517327473085396,0.4546837842568781,36.192931558726976,9.099218744870743,33.86786568931803,0.1473879499357369,0.062321312052614306,0.0,0.050944178571653925,0.06589022331647368,0.046262522034846196,0.13850880096138862,0.0,0.030872883952818873,0.20979023821520404,0.0,0.0,0.0,0.22519707761702967,0.056271227192410136,0.07362525806567206,0.0813719340630607,0.035014095342447676,0.0,0.0,0.02056673185764891,0.0645714280489762,0.2774152088579272,0.11683438430337856
8.819655096829305,0.38773247039895054,0.3623921583659191,40.08651191389041,9.123036217310595,47.38589273516613,0.04799741008969355,0.18907207339565138,0.0,0.0,0.0,0.0,0.1657776683124242,0.04437585393138304,0.045143857290460936,0.040921564927633824,0.12455739706354557,0.0,0.0,0.210101830467684,0.07266666793224333,0.18928723985480508,0.0,0.017539391037847067,0.1081663368195827,0.0,0.0,0.0,0.27458447578004974,0.0
4.06750425457523,0.3230018962137837,0.3031338011707655,42.69359152340354,7.919070824439908,54.47333128722134,0.15551672882106382,0.06090933642754812,0.021226071996217705,0.0,0.01440989335283658,0.06476187969423156,0.08179437616265149,0.054581684422445625,0.0036570697281363626,0.09145293388761382,0.049457244236247935,0.0,0.06946016717579553,0.17732992638335332,0.0,0.08694129479347272,0.038450634423856746,0.060624579247511384,0.0847007161560408,0.03420415351069023,0.02648935698018167,0.12545523078084275,0.23297624533036757,0.008154580839250705
5.887362636166498,0.32432945345993114,0.48796149517268117,34.16299403158121,8.4737803882967,52.917992985540174,0.0858926520906787,0.07394490473972992,0.0,0.0,0.04922187155435476,0.08671360187436745,0.025186509147862524,0.009379650781471262,0.1600263739949698,0.31474714647579877,0.07790541389453855,0.010150577123005568,0.0,0.17581146346158533,0.04547445147669146,0.14127936779327022,0.004067077771056367,0.0807722438632324,0.0,0.0,0.01037242317425008,0.0756848187833409,0.4654063583424208,0.0
11.433982848068275,0.18138378952132606,0.47793201219629744,32.194593129442126,10.163777702362466,33.76578058234457,0.0740692382467204,0.016465079552852258,0.02790466341992036,0.004936585465783214,0.037753250174341405,0.0,0.19366834869041655,0.06350952667824865,0.06969386553204289,0.008203791032790508,0.0,0.0449887985984735,0.048365338756058626,0.1704805901161071,0.04613195317024712,0.23809034506348242,0.01218895417170078,0.0,0.14479438588513135,0.0,0.0572611968162294,0.0,0.30980362256353017,0.0426898502239028
10.52809899541139,0.28414917699423736,0.5551430973152225,35.831489610987575,10.932702789254979,29.88796294615864,0.06860046386072258,0.07562061579857335,0.0,0.0,0.05724554417556916,0.06931617133075833,0.05600518115651683,0.023022698333397342,0.10198191839691012,0.09473775490215693,0.06085599332467001,0.0,0.0,0.20707149802370967,0.0,0.240187275408067,0.03727061681405417,0.04206498459297598,0.06774723969008922,0.0,0.0,0.0,0.35794758266035775,0.044935014826952606
6.253393921383541,0.3951630543680271,0.34713737958437124,32.757692088366326,9.012423175534368,60.414300189482915,-0.04751300751232008,0.04112733516805128,0.0,0.0,0.010376193670284802,0.06840469967338482,0.030486691702121052,0.01988204627516196,0.0,0.0,0.18688126314288273,0.0,0.0,0.254406891892199,0.0,0.4570050493768184,0.003498144494570962,0.0,0.0,0.1674138885233032,0.007458234986354109,0.24327684520238085,0.4121089560510185,0.0
-0.9443387275775565,0.5676040093067501,0.18573159230604636,40.17933977584627,6.381745368795439,47.4591845720216,0.2123298005416329,0.15234383569565005,0.011902013196674558,0.030568514034511624,0.044791104392849224,0.06644699432946088,0.028327546690121976,0.0,0.17282685863525846,0.16541959334827339,0.019932827514033774,0.0019223427856439592,0.025079490843691973,0.0,0.0033631829974415522,0.0,0.046184642150290715,0.13770276367182122,0.08998853513608218,0.05676239424958343,0.007380264205088494,0.13058986772335626,0.10467603925905547,0.07535956940486024
4.449959306508772,0.37911685384131266,0.23634019544047982,39.428533594329096,8.352442777877023,44.032186551229245,0.24883005469248398,0.1044065271145582,0.0,0.05104745379934385,0.03348049210498166,0.0,0.0,0.0,0.11484783076001505,0.0,0.1554085709919987,0.03844178946535428,0.060587427803168975,0.05854341234707565,0.0684498198986671,0.36237727516997226,0.12226040016939536,0.0,0.05395481970857018,0.0,0.014165928589380889,0.0,0.29908429894645827,0.08452767965583108
9.219325269653101,0.14776435512724545,0.514652233141904,32.03780730931048,10.086155379526083,39.32655885270171,0.09147224665743808,0.03841259268535383,0.09951229410259896,0.0,0.0,0.04886746766326558,0.2303679879432233,0.049834311190202304,0.03284281571268363,0.07197937194435483,0.0,0.016154450726022156,0.0,0.11909791854713028,0.0,0.2156627845155248,0.13305708036677757,0.025227584108839365,0.0,0.039799448200810855,0.04162181794237205,0.13028882590722243,0.3374766850032536,0.0
5.231178592946529,0.35545521585751594,0.44206717856017624,21.95388566242991,9.0224965327597,29.02174184984665,0.16724954041926124,0.051390527979491896,0.0,0.010697029101569945,0.054960911529985994,0.06235132531268885,0.13487157271943434,0.054608492231063774,0.09265655109144706,0.1101890756708899,0.24750444397231852,0.0,0.05732267254352739,0.0,0.0,0.14355821769915686,0.11256997083306831,0.009278434351400702,0.0,0.0,0.0,0.015171119326150284,0.30835558520187745,0.06565803316337543
7.080862403394512,0.4566349935999535,0.4070413655146233,45.04798784383354,8.472272838047399,55.527533932888446,0.2221146393543983,0.1333219139577856,0.07583347416806634,0.0,0.02052330534102035,0.06429953753425727,0.07740595047547395,0.018240072943549818,0.026044436094179745,0.12047036862709679,0.04494307376758515,0.016709338902833805,0.05888468200543263,0.0,0.04504267887749474,0.089163448981327,0.049647203908462945,0.0685400868072413,0.0819765806214518,0.10694765933305417,0.0,0.15363952274993237,0.22787405706667765,0.0
5.449657059857277,0.5020088870964465,0.46983853620526317,27.814764972327538,8.669986611709373,60.02200513593996,0.08053310574390377,0.09903014864108736,0.022119582479005327,0.0,0.006773571635871192,0.1196999448885448,0.004651093081968455,0.052588370034883994,0.09544575090219005,0.12510516891080603,0.0,0.01106896675254652,0.06065986029118188,0.0722516788556086,0.0,0.19866179774337017,0.03006027085557906,0.0,0.029045230460227785,0.12983426860912128,0.019079818847292818,0.26861406248060044,0.376355379531923,0.0
4.046101248487389,0.680859835288991,0.47624759715322085,47.24044943471445,7.212086797065206,25.55688152807503,0.015002302988076782,0.12135995495106738,0.0,0.0,0.0,0.054999784738226976,0.15736731130889137,0.04368103218682294,0.11456153683787301,0.027645791177175513,0.20390544426856017,0.0,0.0037601653852619883,0.0,0.03139721506118241,0.1612007926450205,0.0,0.019287458223840835,0.09765976012857619,0.0772026562165026,0.020251088519190382,0.15245309759284276,0.23252784725359263,0.0
6.228318927086128,0.33972404017058405,0.4927453330650371,38.45671307283822,8.181477868967873,41.29286162668598,0.18402680857249437,0.10913662925751197,0.06568087701374595,0.0,0.009265265946638361,0.0,0.03530884868173484,0.02119665063902703,0.11749309167667005,0.147637369585139,0.09876660135785341,0.0,0.00920753235524131,0.11807571672942366,0.020279074585775658,0.10813517852751658,0.07650510081254688,0.0780352327986993,0.03368961461900678,0.04856215050477977,0.0,0.0,0.27696932377817934,0.0
9.485542813348532,0.29298324084744537,0.21554629941736408,36.383064696484595,9.356466705690078,47.7180426268301,0.049716168572621525,0.0727636565825052,0.020246928495960912,0.04750565105846122,0.0126992724353986,0.030586991711409973,0.11773681990121215,0.0808777362681738,0.10615401527090508,0.0,0.0,0.003370765428144914,0.039262540842409065,0.09818948573789175,0.0,0.2878759320853327,0.025539835003014016,0.0,0.1044351555932776,0.0,0.006906369730864144,0.017752462379308012,0.3609221358087596,0.060204952446893625
2.262887996552042,0.26135789683505195,0.35386606913368585,44.879907249687335,8.011382759852824,39.55083740710893,0.26744052353182646,0.09223317123574101,0.09468355130171915,0.05870107975452628,0.06463923132179145,0.0,0.0,0.0,0.08971341009311609,0.0019159550931231173,0.0,0.022158212596140522,0.06246459241787931,0.07114200333790185,0.09029124506904461,0.2247457446808942,0.055641916203780964,0.05904276772170797,0.023499369454466377,0.0,0.05931267546541144,0.04015921932060524,0.21316975971373425,0.12334028459180119
3.1164563701360386,0.3648220692132732,0.4607932685444692,20.6123133217716,8.579472327676243,34.293512143143076,0.23122418963055774,0.07250903485967958,0.02308971223362702,0.0,0.02773784921834104,0.0,0.16894017409085008,0.05252118876145896,0.23768745527123333,0.20633310371867622,0.15464755218556042,0.015254645829707186,0.06651138752040145,0.012053854299419117,0.035160633059889826,0.0,0.08102523512113201,0.048527000451196484,0.01833202780340741,0.0,0.00018680019948389553,0.0,0.25276408013502727,0.0
7.932310198414978,0.2426297134007891,0.30708382422898467,39.052671199305856,10.010276799948993,35.85315697212381,0.004604731074079646,0.0,0.0,0.0,0.0116107016386322,0.0,0.0,0.036866348874237106,0.1057196131504646,0.14598121088682714,0.060558938568283954,0.01731507231875315,0.078532294195746,0.31140110845256563,0.0,0.36230304476033537,0.016588856523449165,0.0,0.008304274021613926,0.13779157020706206,0.0,0.07398262752849336,0.545150484338161,0.0
1.141839769659617,0.4502260396273517,0.5333152339940694,41.2621822550955,7.633205664817777,57.505699455071046,0.19216441106777776,0.0050812803204426035,0.06753843077035199,0.0,0.05996607223261242,0.10458606891832373,0.17949199319616715,0.017866892552804933,0.06477442953505608,0.1814879511220456,0.10524350094843744,0.00902004669248464,0.0665228380143526,0.0,0.035090239420030755,0.0,0.0,0.09699518880400981,0.06024468817563725,0.004931913016508808,0.09634376996265034,0.2058616040662431,0.08215227896033475,0.049679189523513294
4.134581532175843,0.23421498403044058,0.2875678816555542,42.63543486547328,8.17462346391112,34.49259930827604,0.10242627487523215,0.0657420617090033,0.044504849084749276,0.08664594661586866,0.0,0.09344523878971667,0.011810140185128201,0.003704590701893067,0.012558343782783733,0.0,0.023387572892673125,0.0015228676288913737,0.04274421033119291,0.30645805330807346,0.0,0.34898989279558357,0.05506668096521175,0.009522118975068522,0.03536935701941054,0.0,0.02575456814890567,0.09563443935341362,0.22825915775836947,0.07232644752452748
7.684673863238926,0.26687346592488703,0.5955071605421018,23.572651335154053,9.442820277719294,22.783660570143905,0.05844975301770964,0.06260161815748959,0.01865594276022786,0.07446358653859964,0.024107568189895824,0.08410532654773911,0.08218429798807905,0.01985209205698918,0.026820687962881805,0.29596429756867554,0.0,0.0,0.0,0.09872471777452985,0.06292376334248495,0.060723923847861086,0.0,0.03471651780990205,0.15361924784226927,0.0,0.01980440465125021,0.08954552117752561,0.3765406892627072,0.09857112339617585
-2.37677540130493,0.33437728028646385,0.356334521345323,37.14995965947354,5.956722519994178,56.86059733590034,0.24397579696318028,0.0,0.12487874305502455,0.0,0.0776095389859484,0.08939153264792346,0.36692139756563796,0.058723643873829015,0.13166324587493214,0.12003425486313701,0.0,0.05020323138461448,0.011764541690140545,0.0,0.03180765574127485,0.0,0.10478992674617761,0.09561332070488283,0.12076133423859395,0.06401715834464256,0.004773765922605186,0.15818225351270837,0.0320859375701541,0.07636961810411552
-0.04310070192116111,0.3419738173738491,0.31923809881748716,40.330170258044426,7.5749999857319334,38.8050873013154,0.3132009758153292,0.06751537388336898,0.021974107862997264,0.0492144188353357,0.03216578005778325,0.0,0.05257343583233884,0.04331399580973605,0.001651970040546881,0.05625902539944594,0.14173552309604318,0.01694899335632232,0.11301552925664064,0.0,0.027118181139515474,0.09337474126777788,0.08914507097475544,0.08392274917866763,0.04402123254228371,0.010212765853356044,0.07413727110038663,0.07010093606098236,0.1929476395327822,0.08138019737352152
5.833410033940014,0.5082621593255834,0.4436644430035639,17.511280899543443,7.989822516150182,48.664659328080624,0.11451365781214728,0.27385650529945993,0.0,0.0,0.027622198256479755,0.0,0.03521368994576738,0.008300631983663409,0.1228038134258245,0.24878084729529815,0.1536308958306925,0.0,0.012487115671863459,0.04285486005973528,0.0,0.046112834823414287,0.07520623295113724,0.03033640271238342,0.08534284116295598,0.0,0.0,0.0,0.3031946607153742,0.02240847460200589
1.6469831624577878,0.2790826916668556,0.513671167678734,33.884789335990234,5.945140684436614,46.70845946534981,0.16839896891462774,0.033223896562305254,0.08188703977357091,0.10985910104369673,0.06679422246312353,0.005027232937954977,0.0,0.05409367114760427,0.10863280958653125,0.0,0.0,0.01761611179340599,0.042889296887067926,0.04129406495630561,0.024819719905001036,0.23219450836500896,0.012642532317607584,0.0880476140146069,0.05410223368321507,0.08993055679674743,0.0,0.07387203098387254,0.26532395342260146,0.17665335222476172
8.407931688744926,0.2607343517817779,0.5644074564897958,38.34813523407633,10.251119369433843,39.91989936303709,0.17849609629704463,0.06059555499462663,0.04141574828299451,0.0017905978091889152,0.032684286716965445,0.061170362964676026,0.09620053591850669,0.030771189305527427,0.04270564976781975,0.05972748567981182,0.0,0.015003482103005606,0.04777339411830808,0.058434789450014686,0.04878198854523051,0.23974485528846484,0.041059641843734646,0.04088115929137731,0.0,0.09805292764255573,0.042266584269972644,0.20148978134166384,0.33024384194309997,0.03447510673019096
4.165936304494217,0.4603381767802532,0.26852416229322285,23.294844450388922,8.08854380103668,54.37046964803106,-0.04751300751232008,0.12294687219952369,0.0,0.03606041892134498,0.0,0.07707566165215762,0.0,0.0,0.08606202399150156,0.16346648226636928,0.12301495873040458,0.0,0.0,0.2645801629589636,0.0,0.3968433335875504,0.0,0.020011116160012537,0.004422760460334227,0.06105007459162306,0.0,0.13130026700889497,0.5357346732531522,0.01958282978310979
5.441904761599341,0.12555225117867197,0.5193833852497589,33.87546880675425,9.899123791217285,47.62340008437709,0.012851535318307697,0.0,0.03708697578395269,0.0,0.0,0.0014260148459643504,0.20453741174487639,0.001685729988814038,0.05723962726672025,0.0,0.08950344712013891,0.0,0.00932191683004457,0.2684687296143136,0.0,0.4981651947318887,0.0468546666371221,0.0,0.0010695490275203987,0.0,0.02816238926632642,0.02698452193956459,0.4240540343797794,0.0
8.56209390387208,0.22641529098743327,0.38495833697246046,36.13157476605115,9.99693618571466,51.376746403570905,-0.04751300751232008,0.0,0.07788108979097959,0.0,0.00010496526982815835,0.0009729200480065384,0.14537891252292642,0.016966248462955656,0.0,0.1459795400915943,0.1287309707240441,0.05950969232224278,0.0,0.20681886473452646,0.0,0.2638632434660031,0.0,0.040502798173094795,0.08654159640301054,0.0,0.03886791880593657,0.0,0.4268091981712644,0.0
-1.8258871784917927,0.552585170412196,0.28852805806616166,24.155130154933275,6.562442666178628,53.90867293476346,0.06479043911927819,0.020670440274248844,0.06105734102923991,0.0023469455905929075,0.014439849965838874,0.0630451892905638,0.08665969725022943,0.0,0.023024663079625182,0.1363183246823557,0.18737638674208437,0.02407084370340366,0.008289527811621965,0.0,0.0058834800372246435,0.15676806573346386,0.008491496581836403,0.04212569693644641,0.15528267751078226,0.030130543846307152,0.048984677049073666,0.14216055599991823,0.22061393897089193,0.01678641314093857
0.6966768602601263,0.4760875501545448,0.1764098771159458,45.89032996535306,7.306443853844329,50.509630990616394,0.3189796111367301,0.07216603554110305,0.14636539239553736,0.04199416159224287,0.04722506098159973,0.09026194843792848,0.1440432376414992,0.0,0.05188026236123184,0.12301008154681706,0.13973525634495684,0.024197446241516977,0.01819254020746109,0.0,0.0522077991713604,0.0,0.128383245902153,0.12019627291513443,0.0,0.07475566281638613,0.053354870766063864,0.21837217621420885,0.0,0.08921916324095469
4.051258858085525,0.3342415978241988,0.5672250132596113,32.751421498465994,7.368156914453273,40.604628628330175,0.06230247357433647,0.0,0.05935052191339227,0.0143353483140988,0.04493136856275492,0.10372100663235126,0.3215181319462105,0.03960465495023431,0.020643376656736878,0.13342342623477269,0.08622432966570279,0.008692781215447275,0.002582135266175005,0.0,0.0012031007041444913,0.10629799793366941,0.09194317112774832,0.0,0.02023508724040261,0.09867333302608053,0.0530627497265188,0.2554573150874501,0.27932596304657026,0.059267074273173764
5.751675523740919,0.1641328478734797,0.42699494585187153,27.600337440935405,9.38230321864691,33.93826823907717,0.08017521033181173,0.1185078690823093,0.0,0.07723306509144291,0.0029885620533051122,0.0,0.13102437120299631,0.04874332241508833,0.06426950795976383,0.017939599856382715,0.0,0.0,0.029105392909331396,0.2375432838621349,0.0276495050712362,0.294142748828467,0.0,0.02506297213217013,0.06840059084714949,0.0,0.05080287213053163,0.0,0.360825651658205,0.08022163616999307
1.0989542504139225,0.2465951313172487,0.30097911173453035,34.78377177220114,5.530201165540264,45.70861547908871,0.03660710789829692,0.0,0.023289298678670165,0.0,0.0,0.025951938102848918,0.07369167028691298,0.028266020214938292,0.09914153899779551,0.0,0.07520878604398365,0.0,0.021452358332465782,0.33174566285336593,0.0,0.3562591903843901,0.01766079661986644,0.021704776833967456,0.018493791279453962,0.0,0.06241447986858722,0.07209528597603646,0.36396832646260024,0.0
8.946555754142874,-0.05878937807839901,0.5151369964222388,32.83279816082625,9.229152749546659,24.32640582265155,0.03129050450474348,0.0,0.03891104742854151,0.05478129727603505,0.0,0.0029122180187826016,0.09032737781029933,0.031726172727639036,0.011816776899475065,0.0,0.0,0.0036492974453726243,0.010605823856500624,0.5643260138926942,0.0,0.37524045137325485,0.0,0.04232284969961544,0.06226860931491565,0.0,0.02048446378206922,0.009643040241884893,0.2905580829814988,0.04337651556616264
7.302015676827278,0.32134772874283857,0.46322842248055185,37.6866036914251,9.49893724165,42.923147986142304,0.15933971081368709,0.18178753975371553,0.10825406310332308,0.01530676010409427,0.04310996270800964,0.0040453116428792735,0.030996408224984943,0.025366761585807848,0.01742734805113614,0.15932260209713456,0.06867718375716195,0.0,0.0,0.0,0.05776704099663851,0.1773833735062178,0.05396919204160669,0.05276264914891997,0.05533756788284345,0.018398380279335637,0.004854983925766179,0.027298522720263743,0.36207246445182306,0.058416486441071
10.097251055769192,0.3234320703368448,0.3918744624315549,15.698067305562574,9.094206368933248,51.384177209617036,0.13621727003899672,0.1613594047066574,0.0037632245973934428,0.06495044351655967,0.009180290133275952,0.051977194662043154,0.27557036182665895,0.014019730412828378,0.015874601247376954,0.15515712415550548,0.027959424400570858,0.023389904595114426,0.030274927725452153,0.020380509592882443,0.018208161560431608,0.0,0.11189909939015863,0.0,0.10881346349382895,0.0,0.0,0.0,0.16650611685792344,0.07413050284351663
5.672032089173372,0.42644333565161247,0.36126753216240554,28.305404414666867,8.273214234609485,48.91559410348445,0.07497101077994917,0.10008938280413023,0.0,0.0,0.011405709043382284,0.014291613347900328,0.11566554110156604,0.0,0.13812733877350536,0.24199863956821543,0.05581182626947413,0.0,0.04341694249182606,0.11240533402832387,0.008279962569819785,0.12029900017624229,0.007029623073943933,0.016244211649979613,0.06041287113651975,0.11223687439101127,0.0,0.10096190697844118,0.33315469284799737,0.0
-1.6906465202686185,0.6163684869223972,0.5615316556070404,33.382100301150956,5.766422897781193,46.40025570494312,0.030846117708612786,0.0,0.05470034245824501,0.0,0.01840663584164131,0.22277326600256936,0.0,0.0,0.0896353628201584,0.15871101658528908,0.150642716400955,0.0028059360444577224,0.0,0.09070437998580641,0.04783031238719147,0.10072742029673087,0.023375395201300914,0.0,0.11857644272330911,0.04463767358425656,0.0,0.26510051563989534,0.21654085865792844,0.0
5.312669189961737,0.2491942911975702,0.19814207581070087,32.38061045874181,8.500672881777145,55.740283401174416,0.13671210630237968,0.07206855482128488,0.0,0.04208677378343197,0.037456963936399884,0.0,0.13676980803480787,0.067583057872348,0.0,0.2767714442703452,0.15864325755001513,0.012919817021992847,0.0,0.0,0.016370380931742222,0.14536626117755352,0.06626642816242956,0.06667577001264129,0.0,0.029944427677408975,0.0463454354187067,0.048601146552814015,0.48972070498693526,0.07954372245128288
6.97515354249137,0.28166460711708474,0.33124669270517254,42.99353196731178,9.314147971458778,51.97427954235043,-0.04202656591681074,0.0461499025875631,0.0,0.05029651074112573,0.0,0.02024662482691111,0.24579032225327238,0.007148347247188557,0.028582442790098507,0.0,0.0,0.024161536480037375,0.02213958601611697,0.19978802366194087,0.0,0.3550257140068742,0.0,0.0,0.11516758495190349,0.02004331629459228,0.045327800177976246,0.08561771857874421,0.2727564641271346,0.04617195039808626
4.569068046515829,0.3733827857267889,0.384954606969926,52.01113050513571,8.310514528793377,45.502149357071154,0.22988472225000808,0.03374285248140321,0.11079054079905917,0.06323158274204302,0.03321705109937893,0.006515339420731112,0.02996848999131206,0.0,0.11457747416509291,0.3307542815569337,0.21944849938260735,0.011609875961590289,0.0020800360314503358,0.0,0.03755708889502064,0.0038957660477508538,0.12821121928579088,0.06203643397259609,0.005102630671093053,0.0,0.0,0.0,0.33221293000650687,0.09644867545107044
3.885206665649724,0.5517274447625986,0.21862982737769399,28.258370270562345,8.35955580282034,45.820936739994195,-0.038308516089454445,0.05904499848016955,0.0,0.0,0.0,0.14782739413151744,0.06251157940338563,0.01469300527677634,0.114037519482178,0.16189337906071039,0.23111512864051098,0.0,0.043792912221179744,0.3132223556772799,0.07024502539541767,0.1392888186058221,0.0,0.0,0.0575130693792312,0.0,0.008755584558909926,0.13026913530094728,0.3158757372084916,0.0
2.524360529852209,0.3628027370295559,0.6559628745074179,28.276879575243896,6.891171731970454,30.183969540453795,0.004255102782831949,0.0,0.0,0.08511129782285473,0.0,0.14015764274498427,0.2741688837418198,0.0,0.0,0.12874551630118505,0.23374772535352717,0.007290684565087651,0.0,0.15745590553074126,0.0,0.025993386248945816,0.0013250688962702512,0.02623523293055748,0.0,0.09673846062144117,0.05809310078162179,0.29498904481784277,0.15172710526911098,0.08209915168539547
12.268506213776078,0.3910123286010027,0.46444521793532234,36.257186633795754,10.196485833155473,37.062579388028766,0.20288001901614974,0.03425538441185416,0.0,0.0,0.029758566483112023,0.0,0.08181443629205679,0.05637808518716343,0.018938868502218036,0.1587518555821522,0.1358877608145174,0.01582596058719832,0.045925155426710315,0.0,0.037990658692803436,0.18815761899273037,0.12415415608562495,0.0,0.13051786034588397,0.12956213776979275,0.0,0.05558662146762322,0.40328756115677833,0.0
7.494405513047623,0.22742806938209592,0.5272283798672517,26.497264170951183,9.585612951079712,40.10079640419942,0.1594928889422046,0.041302319219145324,0.18850123516068729,0.006198146650807229,0.0,0.0,0.10372334442317475,0.0,0.0,0.0478621696434788,0.09526119369214807,0.0,0.03659574506289155,0.1318855170351848,0.03242999351932241,0.17005394323164377,0.04687829847467549,0.043588861379740364,0.0646779796994371,0.08033869878091479,0.040324042222257384,0.0827475814230512,0.19804183812966075,0.0
3.5732578872193463,0.5726136713202522,0.3492444019777824,45.933454663961285,8.110406219283428,34.916273589096996,0.22573328566373702,0.12941862242087634,0.0,0.0,0.047118635764504285,0.10683954819439517,0.15219714787149752,0.02952543907894259,0.04147257666010666,0.09462826125247548,0.21017914851750663,0.01451056493697399,0.024006204382385016,0.0,0.06760033615432204,0.011489309002931936,0.05840601862514691,0.07572069787155472,0.012667621868583182,0.03650303166516449,0.021022187521601034,0.1643650554394684,0.1356432798477172,0.028147698227196986
1.6436507056990228,0.5207276380644459,0.4115040593316919,26.31011803889379,8.183361982276647,49.62806764442871,0.14064257191106178,0.1160477651468879,0.14747854477924702,0.003953494776728201,0.023392998851001795,0.09153418456777768,0.12314672246148498,0.011582869846320778,0.001036627010270047,0.24699931403778602,0.11616142917009747,0.01923186279258226,0.0,0.0,0.02953659584885366,0.0,0.0720868235201658,0.05109174622669486,0.11639524252265568,0.02592509429111558,0.034395141272615684,0.1518544590832205,0.14984417088295032,0.02734672783538052
9.4222054160042,0.3322682816419627,0.36468293017368103,45.15166706168711,9.782110455075712,56.474880938846304,0.23882595330600198,0.05930489561178705,0.0,0.0,0.0,0.026177876210071425,0.0927634024276999,0.011904537313172354,0.041396055485138104,0.041794881653314714,0.08764402778527644,0.0,0.06851272845018067,0.13095234317064042,0.007151180797120427,0.22611935800375527,0.0888606487985686,0.0743015460084396,0.13453853753296405,0.0,0.03680779774414365,0.030252337581313272,0.27981866793160015,0.0
-2.5317844870754866,0.3220275176099582,0.3819740033562895,22.985192368168263,5.392240092724778,62.193098010118526,0.025326599722435783,0.0,0.09561163216617505,0.06431787034385257,0.005389104733488071,0.08768390612695473,0.18049971709885948,0.0,0.006814698614454794,0.018483492946804597,0.16517030606535832,0.024922634228489133,0.0,0.03868921650225983,0.0,0.26559020407345174,0.02896613295323857,0.04782022023414613,0.0,0.08975122309399106,0.030584669047681232,0.208019826809962,0.2681387053652488,0.0697070213780874
6.511867274110804,0.5691959736126361,0.41463813676797884,31.49420656081256,8.361152354286592,45.91350062844904,0.02134947782974217,0.23772410925029916,0.0023449429703787487,0.016710475985650397,0.03851019484044209,0.017675997792567583,0.1573188308366304,0.09892256652606986,0.02835246097034265,0.1448563826921222,0.11177019515784051,0.012397402489763327,0.015216021065342745,0.0,0.0,0.04354607708717026,0.005522601889137849,0.022148195943780397,0.05544962508611595,0.08254542642225147,0.023281033502844186,0.12350224029785303,0.28732510991502413,0.05522078593020923
10.118200853362529,0.09866828765311636,0.37038780944993777,44.4512412340074,9.03686779989211,32.580712420786135,0.13153377438669922,0.0,0.0,0.0,0.007100135369718012,0.010040117599169156,0.0,0.036972146025891425,0.0,0.07593363291022825,0.009302719500988738,0.0,0.02454685875506943,0.2983973635580693,0.061579106618157534,0.4284846177716163,0.05683006709806121,0.0,0.06383990718736142,0.13421319080398314,0.021552300139090267,0.16580538560664632,0.5413903302515048,0.0
5.393010391552014,0.39299317970023007,0.3000578741283545,36.50176941336,9.458370577624308,64.77993002732859,-0.04595046505071569,0.0212893990740217,0.01706506794434796,0.0,0.023658608034844947,0.05725819121056435,0.0975935617440229,0.03718704923585667,0.06569667402226198,0.1601562145699365,0.14270856620893124,0.005782251008869236,0.024831324129746004,0.2237369177038409,0.012323313179032446,0.09809623962060987,0.0,0.0,0.05120404806072437,0.07952129169396305,0.0,0.1063124038951563,0.29543981639873645,0.01912175973072013
4.7526901474890595,0.23311185563491288,0.33648597555972887,24.328812837933583,8.604905296412385,48.425424472403165,0.17391562362719412,0.0,0.06469548459447043,0.007323644217295984,0.05242950693037811,0.011523660950638271,0.07190677161719024,0.060794522784836894,0.13915442954727683,0.08051839109960829,0.1551579064813311,0.02029957998746303,0.03127824489173867,0.045942725708910614,0.013054990665944271,0.2093619326026548,0.061045139812254574,0.06853692403456313,0.0032286694337993124,0.0,0.0,0.0,0.3506747853582609,0.05975333169267666
4.237734157562993,0.5453855736118804,0.5670988485094532,42.52228659441214,7.6819873962396805,48.76511848268297,-0.010347957814974149,0.09732155584771776,0.053970283714943015,0.0058668091318058654,0.0,0.07275334328381526,0.006725516063910156,0.0,0.07248140839596479,0.2293466128344357,0.13764710296136395,0.007627042778489634,0.0,0.023781949936175342,0.00422983282373262,0.17282668822709124,0.011961197678616167,0.0,0.07821793884051037,0.037312808604642075,0.04202497065575701,0.15209087232738427,0.38111529785374304,0.0
9.001521627274679,0.494046578049138,0.3681286716853507,31.627607090230413,9.866950033852774,55.19883645875696,0.012211142148283033,0.04261266121923983,0.08545326681543704,0.0913482539438683,0.03176093816580939,0.04032340549542395,0.011673096932089996,0.016253732603298984,0.10293231457329491,0.09429396126871828,0.07988572329416212,0.025936303307886082,0.03562193911605945,0.0,0.0,0.2128837286672082,0.0,0.0017662369524820802,0.0853997028053593,0.09420437910252631,0.02275191712363067,0.15727960774426403,0.32343186816451375,0.12310920221560767
6.57681588575284,0.17295678316820348,0.3981075620148968,38.39184026046106,8.834791067073096,40.60390030387728,0.2237086992190846,0.04850740458373025,0.12761691116415222,0.0,0.06465016286161983,0.0,0.07450553707147878,0.049297837603819394,0.0,0.20278360241571367,0.1229545361189664,0.03939868363051502,0.10018275347370602,0.14584898762105028,0.0,0.0,0.03684842771196753,0.09213812648734435,0.03629171685796179,0.0,0.046636717638218736,0.0,0.19071411774876704,0.0646485741035908
3.7325003604331153,0.5730842962676872,0.4530352920195271,36.99737283038438,8.401372315375705,67.35510499520004,-0.00034794435236154553,0.17407706422743877,0.04094741318561777,0.0029591948734460118,0.0090203917530954,0.04704776794121753,0.20356254207241603,0.04335194726352562,0.02700196961430014,0.09587644343942968,0.1282213548813364,0.029536801631039028,0.004051186962570286,0.0,0.03751137762163051,0.0447001245968813,0.028312754009712338,0.0,0.08841500311340683,0.015140362587287159,0.06364414468508561,0.1258322247422455,0.1839286031473126,0.011979501989269885
9.706343058087135,0.3188220699823374,0.40891630574672816,38.46642448709098,11.034917331118493,29.491141358036906,0.22928202218503724,0.03838097412546648,0.08184277336566279,0.0,0.02869118365088292,0.022894055029882055,0.09433199135027359,0.020928977529855296,0.06291096134496285,0.049853156412070096,0.12952622397548044,0.035646704536874546,0.05646799327016883,0.029078032012883892,0.03975392883115074,0.21505057978119943,0.05942502227888029,0.0736354470201547,0.0,0.08204929731827323,0.0,0.10305657469277105,0.2858324284492112,0.0
3.442644357196037,0.49359157226307393,0.3097746093950019,30.152745442295398,7.60265759809934,46.5826397392979,0.09956931494208429,0.0910462333026967,0.04041332187481639,0.0,0.03879725223072113,0.04299699180226113,0.26702381812737863,0.046623235828956396,0.041431940459336694,0.12441659997665352,0.21266439902636713,0.002007457717364081,0.05270648002511086,0.0,0.0,0.01682255986813691,0.032362408927525455,0.03277440095021549,0.1369566507943451,0.0,0.0,0.00948495962919603,0.18786269983007856,0.0
8.645046121446363,0.241661399935234,0.47011804324212236,29.417587763305416,10.506853581249958,44.42468810644194,0.030777283381081696,0.10564710044462214,0.08005779961269055,0.01636276226367264,0.0,0.0,0.0045955100997982085,0.005361105138738864,0.038310380395361734,0.0,0.04583147199372184,0.05633194932113901,0.05369545401951957,0.31157298825480817,0.020460279866148873,0.3513317150960805,0.038212378125032184,0.0,0.0,0.009163448734251966,0.012347124666546767,0.0006339614449901304,0.3196175787430661,0.01171717968116695
-0.5582906278963042,0.3554047487321784,0.3389330268794594,16.93312199385316,6.980948947548869,41.30752447428646,0.04399565025744702,0.11466446158440205,0.0,0.1754804276985215,0.07195563484332863,0.12641305726128516,0.20918488414217068,0.07584681263722871,0.0,0.0,0.14093682443090555,0.014685805678314278,0.03355584634698705,0.12490743850903084,0.013349067389276752,0.0,0.03564859797307543,0.0,0.10144285579973714,0.005028687151876904,0.0,0.10984128299258136,0.0417873666103703,0.24743599892876894
2.2986681119231247,0.5519654074473198,0.26886746005323325,34.33741652648615,8.129422493021098,47.47461309701839,0.23294313975561987,0.25708632266184467,0.0,0.0801581377447071,0.012152403227974685,0.0,0.19649962685961564,0.0,0.1455503720146271,0.0,0.17512076497125623,0.019189108269312374,0.05917563627150404,0.0,0.05652441624261008,0.07694456113220845,0.02550189713727483,0.09174087504271936,0.087516142964039,0.0,0.0,0.0,0.018727980349206197,0.09231069330642161
5.748572855355901,0.5479309008842699,0.5578533660335148,23.094908654595873,8.207647175462192,60.58521247174891,0.08409018136237958,0.1622611917214638,0.0,0.02969378432326255,0.0116640914056911,0.0,0.10295109294993307,0.044810675902212535,0.16182878444704352,0.1903421993870526,0.12126704434024466,0.013593495909648316,0.024882022620403527,0.02586987577551808,0.02076767248252526,0.01607304292639397,0.04053599471847909,0.0,0.06294694366221923,0.002695343751809867,0.0507231202907762,0.026033863474360833,0.2512260152846272,0.04135781524679134
-2.229321886111542,0.39808597178781835,0.3001298923983029,36.612470654625255,7.086947272445743,35.42018607592607,0.16026792156976793,0.0644386799997132,0.1697110921609943,0.022271816499996346,0.030353351472427705,0.0,0.1556834883775092,0.029356824280140775,0.10382313633127742,0.30199024802313335,0.21189472881903032,0.0007228075231537553,0.008400623733136357,0.0,0.0004541908299749431,0.0,0.09350034136538686,0.0579128537090141,0.11947681813811106,0.0,0.016042458293544254,0.0,0.1415661461360434,0.05262548031093741
7.366344609987161,0.19158619585048686,0.5055740186499216,48.97166656901775,8.686930913880571,52.00504126828542,0.002229196159183086,0.0,0.0,0.008800467049453352,0.008955452781363352,0.11967051221946115,0.22370084588561287,0.024006933738915458,0.0993109371925042,0.0,0.0,0.00427796137221909,0.0,0.2846268659062484,0.0,0.36270445600555135,0.004494386624910918,0.00974991088684098,0.022312373054726217,0.012947955152642701,0.005814964504449533,0.13843343021237148,0.2824896051252876,0.01775593248270672
7.1735421372964865,0.6794397689496385,0.48781337528393987,39.73830991223925,9.693279382008319,35.7876405181308,0.2765544813585236,0.15035961387973912,0.02716003352066866,0.0559867243797936,0.057355944643792386,0.0,0.08758773690014712,0.0,0.037877207126341836,0.23341591457487337,0.23247164836420892,0.004576309649656616,0.03836352043398862,0.0,0.06490372073724777,0.0,0.14820328821031073,0.02508370406428994,0.14172077384341922,0.06583777519531331,0.059933301553598196,0.11243447457574317,0.07447813109466941,0.11334273984541193
7.914398416699857,0.35984456604755655,0.4462160763519539,34.42317658751499,8.837301130872726,39.57726021375647,0.021906761769233674,0.00592367667746134,0.006116015817209931,0.0,0.020433281436731916,0.12528166386459622,0.0012726828720520805,0.008481225574501714,0.06352683915374367,0.22624120103022158,0.041956442701492465,0.041645236495332014,0.0,0.12891174581324322,0.018313487092427725,0.27117459420359596,0.03205139141239297,0.0,0.0,0.06993857282216862,0.028944577890871,0.22416491501920344,0.5058968149101243,0.0
6.596643964100686,0.36680715229991245,0.3208966398288482,28.286120988377302,9.056046943520842,35.34791852056506,0.02104767374987583,0.08647931381085468,0.0,0.029466279827373168,0.0,0.08168251669031584,0.12785363078976114,0.0,0.0,0.049291838049419265,0.09524979065852378,0.00023361522728968312,0.0,0.21146918263625092,0.0,0.2557599367009929,0.025540185433803236,0.0389728584786087,0.09447548210563131,0.0,0.017557767023827275,0.0907769984363381,0.2831999302324662,0.0
6.122128719632828,0.2497782899596665,0.5136282364377923,21.30011969539067,8.527913678290025,42.36743911620102,0.10719609901719544,0.053022017767210036,0.08251333376294656,0.056563708143456085,0.00913250308595947,0.03626249394455952,0.1688562862401729,0.05130697276662699,0.031579080553380844,0.2821464164392421,0.09000486361474923,0.0,0.011352031522930793,0.0,0.0039702405639744885,0.0861492466694624,0.07237288193209765,0.01950065324045809,0.009853945351757785,0.018447970241962715,0.012089214774531652,0.06679957555661722,0.4196027992797894,0.0656962771764579
8.211875196801717,0.4825385733999934,0.183496903106685,36.72112825437693,9.816962016905022,54.95558415514235,0.20630220233592195,0.08921857055921889,0.10932534002100225,0.0,0.04461503446593075,0.08378961729978845,0.16881189141278358,0.008503881661690728,0.044592111798745546,0.16442893941439135,0.09705471620996198,0.04991599354010394,0.06343648417261988,0.0,0.034211162849866986,0.0,0.09809475559146665,0.010559807561330365,0.022542057044238645,0.04891876044828026,0.04650705130021235,0.17921529224582677,0.09744908196881816,0.0432530063068998
1.7009742223264066,0.24886364415370807,0.5004451296057737,31.236172766581518,7.71540976116303,39.51603479947831,0.17046081145988415,0.11203351877530524,0.0,0.018567109749427532,0.039690888531210236,0.12381851847403547,0.19361318949224146,0.024305471465647932,0.0,0.0,0.0,0.0,0.048749850979756336,0.19431440665764324,0.05610773061322298,0.1740021471616095,0.02297445613312456,0.04262910027586701,0.003936581927802579,0.0894520388759589,0.010092797279848702,0.22336380455649313,0.14281415712006246,0.05825791799112891
7.452765342806078,0.17684814924700437,0.4310049503988063,37.077606271029744,9.319052622445783,35.406241334568875,0.21693960313482655,0.0,0.028260886738109947,0.017797594233680537,0.0054163404387170926,0.009561570570538906,0.0,0.0,0.02919893936581101,0.06230847393484732,0.025850638548564744,0.01006577739135109,0.017178937626873732,0.25676777619225455,0.09290656011490864,0.34217840294456914,0.04484915984052362,0.06200491216154888,0.06512996429612666,0.0,0.0436188444339219,0.05165188599877824,0.35637312306049085,0.023213957997689903
7.714636811100367,0.5634539532729642,0.3222094598250447,39.592796804056356,7.919964551805262,56.09869712273025,-0.007913666718328438,0.11142627234681977,0.016024098688217924,0.04600902037405512,0.020246250991081696,0.05594271490625806,0.02113415271387291,0.020414987695388513,0.12667894388259987,0.13376558620872464,0.26267800759751003,0.0,0.0,0.014685751736628463,0.05613483375039746,0.17217999889829255,0.0,0.005310584237715424,0.018007088330623103,0.0,0.002240746903484289,0.047142561912679945,0.32636084340775073,0.06625534576052261
6.851606458162157,0.34574149586708686,0.3815685674375118,46.03087640582439,9.633179438000807,32.48444965001717,-0.04751300751232008,0.017769715656497882,0.08561694053996557,0.0,0.011450786979229924,0.11488508539290807,0.052257270840968886,0.0,0.12056492023446136,0.010581530861013475,0.004184723290461115,0.0,0.0,0.3344291333682846,0.0,0.4034525409417239,0.0,0.0,0.056309052826485635,0.0040512272621325875,0.06021026584542242,0.17914633427557874,0.3844400234496088,0.0
1.2369470794912125,0.20200061170715813,0.46268906276908506,36.42912991381646,6.563507109249838,49.790705712093065,0.2460862537275615,0.0,0.1150441111609164,0.0,0.015557940959564281,0.009002627363143577,0.05710106385191313,0.01291650392259324,0.07054348473638362,0.0,0.08210616371301921,0.023228127338689585,0.056562805763043233,0.12757662240563952,0.022349200442030908,0.24925805259563888,0.060545165480478905,0.1066288325973855,0.0815344583923667,0.0,0.0,0.0,0.23789828688210535,0.01429386407956251
14.135507139000339,0.2964971164637047,0.5440243657063181,54.29426994048862,11.305838181256494,49.17837731219275,0.1313150657551842,0.034095230520446065,0.0,0.005815525090376509,0.011644144356535964,0.0,0.0,0.06627268431559769,0.039939839313202205,0.261435041388611,0.2555124171945264,0.030114966675365822,0.03192248926140864,0.07694510457574727,0.0,0.21796251584416382,0.10248329809971879,0.03184489866877015,0.0,0.0,0.008432897595512127,0.0,0.5456704067981089,0.017459822577185636
6.915499617416138,0.2261522309510148,0.4082328744913236,40.544801549517196,8.394753617639305,41.70317488187908,-0.0072107763987193235,0.07720779889305962,0.0,0.09172969077024618,0.025677265242267024,0.0,0.12609984157968562,0.052297372089461294,0.09046136634918307,0.0,0.13090454283084377,0.03321370618381958,0.0,0.21571047417636563,0.057993818383276205,0.3326690606350644,0.014498631221874014,0.0,0.05604989415774036,0.0,0.03129245261680573,0.0,0.34958909690654444,0.11740687305121933
4.920312179584244,0.12243946679810655,0.3539332353086831,22.80767303171897,8.626046358546429,54.55875585808626,0.25010277823304844,0.0,0.027522652580102676,0.0475995557498977,0.016714188151144387,0.023794462922742152,0.17919152347112416,0.07842380084802038,0.04636650852671907,0.0,0.02812600419321809,0.027050644815816635,0.04275058133724787,0.18300601672544614,0.05278930824795261,0.15142546118775763,0.02731963626050965,0.12724306787954665,0.0,0.0,0.028728944265027458,0.04585173652722155,0.1734238976847869,0.0643133316271629
1.7148029660428397,0.24962334052341661,0.22415088433240224,42.95655119431343,7.871446495588948,49.238558066211255,0.08327506362204892,0.0,0.023482059388621707,0.00011805318764605485,0.05040209404556244,0.0626538410853065,0.16486204290311735,0.0,0.017598223834823803,0.08285432281901002,0.08698505085960392,0.017918387264915098,0.019285357760584678,0.1677926860606082,0.0,0.1892515572334565,0.06143798037841535,0.024209215467896478,0.014540059712871034,0.0863617340322094,0.0,0.14489265711896895,0.2604449985750574,0.05052010396399256
4.801132559948531,0.0677135641614931,0.5408170336807419,33.676796963898,7.709278612387774,30.571877933609848,0.1463043339268663,0.0,0.14692440737547177,0.0,0.062017898643462216,0.0,0.2237109339743318,0.04446517200656144,0.0,0.0895639550117974,0.0,0.008415258712701637,0.044719380001768116,0.10160356926674835,0.0020713027026827285,0.1221210395389706,0.07094684012067173,0.02856695394406035,0.0,0.0590242278399715,0.11840430792480519,0.16895970500131063,0.2561503102353027,0.057593146631817936
5.780977193716897,0.39623104122141345,0.4366414749125534,34.399427911554945,8.487205119571135,36.750965197773716,0.11222303065838517,0.08115824583286803,0.10356095912465133,0.025021193153754517,0.05846534535725144,0.03098421322682849,0.1531140054190936,0.0,0.06702251988064034,0.10539417393741216,0.06758121984914853,0.023480718131233723,0.05216373971586514,0.0,0.0,0.08716542564063352,0.0,0.06943427803069235,0.09653781602814442,0.009225146647561557,0.020240813443888166,0.060450312427528234,0.1911623398240786,0.08348649487281481
4.481937807498092,0.6389327403095992,0.36295510864642516,22.807195212689727,6.958723350759147,38.1102083766757,0.2086194744778782,0.15529178269840543,0.01640787091363853,0.0,0.0,0.06131575735682426,0.21493035339736966,0.0,0.11954946054951512,0.1907080069269847,0.13871675264591002,0.028799518885854393,0.03658718744230479,0.0,0.027181073644127276,0.0,0.06853646639678576,0.07631464732941098,0.07720923945488636,0.03047527880108845,0.027574891873109138,0.11936567768259072,0.03688732491707575,0.0
3.1329154860298076,0.4805907443994032,0.29263060255349244,37.50281424879537,8.539625150166051,63.27584901483458,0.1652350750373995,0.09992686289893325,0.12314137123013044,0.0,0.01678250648934516,0.07185428796656412,0.035799051681985654,0.05782439524602613,0.06238786320163429,0.27753280722131035,0.1914328327707911,0.0,0.0,0.0,0.021727151900611072,0.0,0.10872706828557123,0.056160503126888334,0.043186522887635304,0.0,0.06250168868037956,0.09767370240150146,0.2373485425672644,0.007690252895668229
2.510554275818242,0.4749048481780619,0.5320970723019672,28.42726181836656,8.09605788715733,45.653764687538406,0.09899258225345386,0.11577835309680548,0.0,0.06189943434270176,0.0,0.094897393523036,0.21538482496612227,0.019092062051494732,0.0,0.12460629172866897,0.16701361204791415,0.0,0.0,0.15993769200274024,0.057010059259487364,0.0,0.06717400417983281,0.0,0.016092904443132314,0.07691872125636709,0.031904941671661316,0.20372109523934467,0.08571481419110435,0.043531328131491416
5.716327202300016,0.38843891596308217,0.3096634561539948,54.29426994048862,8.7865223217703,47.638504432372066,0.1326621331126931,0.12364675965671293,0.037510107584000224,0.035011308409338,0.037982076451351696,0.005295478261851963,0.15033747133434894,0.015507130610917543,0.013820726734871454,0.22049398825758343,0.018321168943924535,0.038380935700789875,0.023027120948534575,0.0,0.0,0.010369008400782365,0.09776392822313482,0.029546039008553897,0.09766314283902452,0.054433761759077076,0.03687760484163888,0.09660650061373963,0.24636991977668898,0.07299337336457193
5.747187581555166,0.43875053506659173,0.2707053800090472,32.540308675323736,7.470649324187231,52.178263997466864,-0.006987893736052589,0.14748057551577598,0.049658100988411356,0.014716119815604521,0.0,0.0,0.10822302341509207,0.0,0.027801277532016083,0.251138155218006,0.23156579618243545,0.014903251900381075,0.024275648735247724,0.024512896787939123,0.0,0.16201587555986124,0.0,0.008902997463180788,0.027836152325360814,0.0,0.0156791297263321,0.0,0.4031617817497021,0.0
3.404107235248465,0.5402035352138226,0.445596116630511,40.96959889504511,7.207626740164537,37.05918834863485,-0.024805117139336016,0.09069810288830844,0.01981549996164449,0.0,0.0,0.11773464591889785,0.0,0.007012801342679674,0.158583298845661,0.06189808274062205,0.09605018943033146,0.01416717510887293,0.0,0.15760328638429477,0.0,0.30078139997464104,0.04429116717136255,0.0,0.06634059748451707,0.0,0.02657123216235559,0.11436441313387691,0.36969258182040354,0.0
10.214675723651954,0.12653072027402956,0.47604021055383683,33.74291321299066,9.554479414814683,45.94467653006566,0.020165850604648386,0.0,0.0046700831361604425,0.05330349331482129,0.024832640419410683,0.0,0.09811087381337845,0.003974915213250621,0.0,0.0331140934734343,0.09142894342859569,0.03292415390599533,0.033955617981000955,0.28921014912900467,0.0,0.34608719043994796,0.014264020818740435,0.0,0.027127599213667235,0.08754667585022258,0.0,0.02295864947022009,0.38317596921099034,0.07813609921101095
0.5765695382364866,0.466337202898672,0.5089001944781713,48.10455060760883,6.765339227227369,26.147599523279105,0.0010756665062920667,0.08575737695133764,0.01942231417376835,0.00036083488796559426,0.0,0.027710324592576288,0.1289799781785904,0.04198413506924618,0.12832329213840635,0.07968785838469741,0.18128999306780555,0.0,0.0,0.10143697340660308,0.03239931156621105,0.17080465981113752,0.028229256199762902,0.0,0.026763776907690207,0.008479245857069688,0.008439462928046561,0.044628827607108505,0.2924767305975926,0.0
1.2555371346687445,0.20960158544147545,0.33925552285773936,48.108084642545954,8.456690615274434,44.719682247722645,0.029985197428290436,0.019729279883252272,0.012941345841978938,0.04306909867189994,0.0,0.027520924381902852,0.13483996802051795,0.0,0.00016564132360184086,0.030157593372823102,0.10819285603830749,0.0018687930474392354,0.0,0.17673993233920304,0.004254390581357886,0.379948223846047,0.03048527250990168,0.026161712738852684,0.0,0.06798807520989708,0.06030692515144456,0.15581581919493287,0.408052396033259,0.02783906352686498
3.9115096266047282,0.35922830702424985,0.187336721200065,39.927394639531286,8.145425105679788,32.29768359727293,0.06811131670292513,0.009868009924941211,0.04169880754042273,0.0,0.03644394906634582,0.05694405127125025,0.10150810912874968,0.029166266513985784,0.09416706226721812,0.0,0.04488081707688384,0.014431031211713928,0.06996613196574666,0.1817906387499254,0.006823464509495629,0.23096576541119745,0.018842336788927997,0.0,0.0,0.1492398580924011,0.035449348730647895,0.24163291215137522,0.23758548296079116,0.010077152385729076
8.294333165762314,0.3525031376139143,0.5168389306311901,29.994747490121313,9.707577079077295,25.744944120652423,0.11597851980946422,0.04002903419532177,0.14669600096585547,0.010052181232536001,0.01331034620596902,0.04312934509861642,0.0,0.02653437958701344,0.08975130217590356,0.19387681037644097,0.06584227133963247,0.021160867902321336,0.0017575073702299042,0.009469328052294279,0.030173040736961865,0.19030426147272766,0.021041154400350596,0.0630066067731108,0.055782992664675554,0.0,0.05043296908556718,0.07993693012337981,0.4107153260004426,0.023362338302496784
0.506648791748173,0.47894792964824695,0.4812274710879917,39.315606078701244,6.900951116126606,58.552692376510734,0.21453704089146644,0.16043183124184798,0.0,0.13351303629714217,0.07282701508391487,0.020886869647463908,0.16948273792591248,0.026656179180070662,0.0,0.20692583392679448,0.1086746239540437,0.06317688235453517,0.054006538643163286,0.0,0.042023587642974855,0.0,0.0735842851442111,0.044922640949318575,0.02616823904530562,0.05946635496953015,0.0437831551022545,0.12413649507056468,0.0,0.20634019691715724
-4.62834097552031,0.34533808295283974,0.2743443057216407,19.173354911037944,6.303162705700388,51.72397799241751,0.10882313722363855,0.09644712712456285,0.06382620086641248,0.09465514847800462,0.0020940736571465925,0.04157191744099062,0.22946997471498573,0.0,0.17023053528810786,0.008270623066642863,0.0,0.014684553429952753,0.0587475622013183,0.08826484402335871,0.004030984313781297,0.07147266525086152,0.042819938504138566,0.0032244928259728203,0.0588303590170165,0.0,0.009789974105885578,0.027082573681253122,0.06752818418159762,0.0967491591789839
1.3217468761700957,0.5419582407430327,0.5253240969499875,38.57497268357869,7.0638174614625004,40.84706880470505,0.06735978555104413,0.10473841705403969,0.0,0.07486065588251788,0.013726275876654384,0.03434467777926792,0.048106476671867855,0.0,0.09433986116535673,0.21411029492556508,0.2439402253911015,0.0,0.0,0.0020342060928678074,0.05635223838470395,0.06777684461149674,0.04491141322762186,0.002244283595468601,0.03497428912846924,0.01995085639320168,0.010925851519505111,0.06522102092459378,0.25450361203504573,0.08858721427572458
5.546820819636702,0.321291677476283,0.3920931060630847,22.941405163239644,8.130111279039257,48.1266897903473,0.1767757781421396,0.04890089709893243,0.0,0.0,0.012598493695842025,0.05208589668635824,0.08160828005248574,0.05132082099354454,0.09563317397832793,0.06967581732364209,0.06432911560855908,0.0049946309759417535,0.05636154451458277,0.16652576235260938,0.05453982479648177,0.18799380554926065,0.013096729225760759,0.05277777740879741,0.0041877635192709844,0.0,0.05538613757900421,0.1032456067308187,0.30899048933256,0.0066049198721369745
0.5277279269524078,0.3871856368902053,0.5685940132339748,40.06407263832163,6.9380270373758375,51.35590025136637,0.197643379722058,0.13652132839689102,0.08069065181371332,0.025636783738471707,0.015084974545015437,0.09981877887990839,0.2191443705263687,0.034327163876075796,0.0,0.05009579824215894,0.0,0.03535658543813354,0.02121826686654666,0.0,0.04440953128456347,0.01734062443059764,0.11110117540753184,0.020914388803564922,0.1402540175618176,0.05048098696877136,0.04282174810421054,0.1931218923830422,0.10176335131582562,0.04072176468263553
9.075050633156128,0.11918339267239592,0.37285349551801805,24.518448684467955,9.374893031700207,29.34481377245259,0.21744663818684112,0.0,0.1192705263190185,0.05690050927736065,0.0,0.07952485223281998,0.20807886097486072,0.0,0.010663959151561986,0.10592649144421373,0.0,0.040177429642372475,0.022261252228266474,0.05966140745397995,0.003212643492858356,0.19814218925523477,0.11344620889234698,0.07852676536570861,0.007415471409072991,0.1220000850285438,0.006484195067311542,0.20800900525494898,0.2663819168390801,0.009976884983177843
7.970849613712794,0.34089119940284973,0.3490426630267158,40.44117695132002,9.895217833066052,44.648018552736005,0.1418000957443013,0.12514817038719006,0.11774943486787776,0.0007028803313780356,0.03440941295407256,0.033340595252743084,0.16045562686605772,0.0,0.016073146144802916,0.06969858751417313,0.040043004808987565,0.03468298747616822,0.004785853695248959,0.042096206932592015,0.0,0.1090485478184173,0.07767251244038431,0.07637695210140678,0.05204368539613693,0.0,0.049495994249611076,0.07290005595859092,0.1618951589611607,0.03511259021802546
9.092657276515691,0.3102387964079315,0.2929213012323528,33.90114100076498,9.658038709798,51.75942764956742,0.1584989323512228,0.0,0.0,0.019105291374885782,0.0,0.01607550950722868,0.06788574453277253,0.0,0.10519709342266209,0.2774083288567475,0.16345841308256676,0.01117101775845834,0.01886777584749489,0.10961570134812629,0.022474383297125505,0.10336241255842037,0.05629117584156654,0.06086573954758967,0.0,0.015191912799672937,0.033779194983907315,0.06504667616800991,0.35874868229490786,0.01581602383565925
3.861724069264648,0.3389472073192751,0.3493835704016135,28.09270602700424,8.69976239502323,44.47444770275098,0.04862774758814868,0.14101953739971737,0.0,0.037440841293668634,0.027224314891668502,0.0,0.2751289641934765,0.06009996125663368,0.09495118356184569,0.05546808280642961,0.013332614261714504,0.0,0.0,0.09010912132522038,0.07108581015948105,0.1535428277657947,0.007003460862635612,0.0,0.10129133742030696,0.030505654590739596,0.0,0.0,0.26911070294350303,0.06466491585909256
7.6023663947803755,0.36377614366862754,0.6136816226541286,25.932340896531485,9.40632710223938,53.47768809365097,-0.03386427553752282,0.08497559123430191,0.07093685564104268,0.0,0.0,0.037160919168618294,0.11816134295194115,0.0,0.03889967773871156,0.2039128557143236,0.06259028279288031,0.015803745076963416,0.013709302646778849,0.1828299052821318,0.0,0.21989307021816418,0.047504860647291966,0.0,0.05448205822797852,0.05527049838378819,0.014593260658199719,0.10702519744903523,0.41567946906231723,0.0
7.06042146605442,0.42799121105477256,0.36040976325353896,44.07748201858582,10.406333018882119,48.48648834479766,0.05001393163103929,0.003055600821363788,0.039750716278886086,0.0,0.0,0.05666759533789115,0.0,0.02715842258431721,0.0,0.12170423976518709,0.2502867018196479,0.0,0.0,0.16096755216576314,0.0,0.24613193965095007,0.0017461505890340248,0.08934111758932858,0.006808670602981508,0.0971683997442033,0.023882971226510754,0.17771953359889908,0.3949944723235371,0.0
9.552227619778188,0.3362256197878266,0.4228152014992364,35.06093483602737,9.119819025383935,47.707735631839384,0.07124448633010891,0.009241916825288306,0.02282622584105677,0.03558927096575446,0.04523624171141756,0.06472607901316353,0.18730540540336504,0.017247938872922954,0.13540396258536214,0.1311134649881016,0.0731699633271956,0.0,0.0,0.0,0.05944761887001676,0.18032823502330578,0.034252925268084905,0.0,0.07297608617140768,0.0,0.028057887677308727,0.06074709449496673,0.32868957115389064,0.08082549880583415
7.437861539716709,0.4198114767140615,0.3659815425721567,20.18017677153415,8.574332117800399,35.956740091366726,0.03800209456487308,0.0,0.004438217544449414,0.0,0.049076104474890164,0.06365449207850213,0.0,0.015442312771626998,0.0825082844757583,0.16213324989696506,0.1244105988434182,0.0,0.004748671956604198,0.11767764467810539,0.0027553501480747887,0.24322766202859025,0.04926700790983903,0.0,0.0865446081666775,0.13031181722240562,0.015572014184145723,0.20953865275387035,0.420803540807572,0.011686224921229716
8.227899193086643,0.1520109149344761,0.41300127024776256,28.61028603855197,9.148355662948404,58.6601758610588,0.04730006271252593,0.07510569096714009,0.0,0.0,0.0,0.0,0.09772914124256171,0.0,0.0,0.0,0.033173208354298635,0.003344214053577311,0.003770623015521536,0.3647870645193915,0.0,0.4861178788567647,0.099986191475716,0.0,0.003453979300271144,0.12553012643745498,0.0,0.0935250158702764,0.4045846690398227,0.0
7.996953765334094,0.2562249727448741,0.4323318492889329,37.964119418876884,9.972163073740717,53.17682715914289,0.09612034581717664,0.006202792280043286,0.11472902477764516,0.0,0.032986972070618334,0.004791025371412697,0.05216573278500432,0.056849859355993515,0.014840500674510239,0.0820321644058344,0.07194457035704407,0.0,0.0,0.13275663729520018,0.05015621494475902,0.2352980839546809,0.06936518360234366,0.0,0.034235115929955845,0.0730632514188711,0.06487482871009864,0.14272919155585825,0.37418012354326113,0.0
8.400954422565489,0.4084603784483201,0.4106707327926702,45.42352858937619,9.753679484886405,40.256319286253486,0.08022386885818432,0.2086350062009307,0.10039391027335004,0.007632611416751258,0.03887514187225783,0.0,0.08871453809409219,0.0,0.0,0.11465015717048661,0.037928034734934765,0.0255880181764372,0.04383580455446468,0.14820545734104873,0.0,0.01293639343109454,0.0,0.05386689652849232,0.07552155001135726,0.05311001222379952,0.021273951013768902,0.0719538862326938,0.127494464410871,0.04650768525349337
9.949365662545368,0.40978595312067806,0.4771653253912079,29.973344082168836,9.821401590567449,50.475048628397694,0.22436866072413972,0.12313232944211189,0.1596392124158535,0.0,0.027054480230330274,0.12496887058065323,0.06052629482304603,0.019644309547053006,0.05879450102435264,0.22812911667480018,0.0,0.04262610086712261,0.0,0.0,0.015411897212235511,0.0,0.15871488458215682,0.0902079368439575,0.06847894636747423,0.007774819612973495,0.029105324423547026,0.16184909744645007,0.24136288571704137,0.0
7.1616871495565455,0.38315789349943136,0.19062524338269013,39.48820341388707,8.737656145581159,62.03072201050317,0.14610134552704032,0.07016110521224765,0.0,0.09592911170533086,0.0,0.0,0.03178295319195886,0.00705966182536878,0.025872785847890815,0.12864665707258954,0.22984128954090566,0.0,0.03050900844246552,0.11018338064373445,0.0,0.17043195755836626,0.06082833908389981,0.05589258686564576,0.05429082798853669,0.037764442634467495,0.0,0.012841547328210828,0.30613831863168217,0.08332609962282014
6.625217538241465,0.4577071513691189,0.36873050372060084,41.23904832192248,9.955969142089435,48.61456359357924,0.04734060260557686,0.04537762113404447,0.025680220635864538,0.0,0.0,0.02940277672628485,0.28178735950108236,0.025385290594417714,0.05796160020227025,0.09837130851636161,0.20755509013630943,0.046076766770550295,0.04946437052490095,0.03345515027237381,0.04323019618171745,0.14478348740547267,0.03343368008212486,0.0,0.09590386842445459,0.0018980187048912994,0.0,0.004832253412512352,0.2685397996916287,0.0
3.914434339963014,0.3720114190818912,0.45156800385067764,39.45309224246694,8.670628499497262,52.286579526766445,0.2401718043443231,0.06944874532315838,0.12046521680000849,0.0,0.002795270357917795,0.05131088779202326,0.0,0.0,0.05166271132166549,0.1442423270828459,0.05979279784835319,0.031470070692295696,0.010671786560804232,0.09740047863236093,0.022349294428723656,0.09205872807313603,0.1285565089259971,0.07859440473583756,0.03627499339169447,0.051361055457564336,0.020690182449590207,0.12336194430528845,0.18760149838317258,0.0
8.445536981557963,0.35332422632326016,0.4498375432143273,45.59804015228332,9.328547136082037,46.90481688009518,0.030206377102729,0.059470162183060116,0.0033520354303281756,0.0,0.02054215879274831,0.030048662846934537,0.0,0.0,0.05793239957978281,0.17703227021758083,0.18146669658695389,0.0,0.0,0.28176640943681075,0.06796292066052215,0.38641301544841733,0.0028733335666126444,0.0,0.04711682653304459,0.0,0.032275752133550314,0.0181133327749929,0.534477745277958,0.0
1.8067729080292838,0.18166818079995797,0.3256065416844039,43.68017498351079,7.461873106447541,45.09534528508974,0.15776218703084224,0.05005973532754031,0.10651389190026192,0.08681103576024894,0.01741268990730711,0.02948064961850136,0.0,0.0,0.03326441076213908,0.0,0.03051643913159565,0.01898678793037039,0.09532511444342204,0.24332438321376326,0.0,0.3824683436298163,0.054271626830138635,0.017306153544521592,0.0,0.05065179805653187,0.0,0.0775667622364696,0.23176446050037333,0.10422382050113468
3.0617795275873445,0.3846544255495028,0.49988562751671883,29.927929363830277,7.243350114353085,43.47972366709086,0.21832298805738198,0.09334393759263557,0.0860416124252393,0.10336556524692538,0.07334446581522519,0.02812400858238838,0.2088970407838456,0.04250620942493481,0.048178111570791875,0.23171048328833305,0.02888018765329601,0.0,0.027291152164954542,0.0,0.052296139254245255,0.0,0.04435966188636152,0.09437606621029092,0.10934499278445284,0.05556660285960082,0.024622279195452207,0.10831288605483784,0.05497904675221718,0.17671022086006008
3.099307218000788,0.39273315013877497,0.43957031391173695,35.707515506455245,8.124592822705567,43.59411963836298,-0.019021742789568377,0.0,0.032760207742880736,0.0,0.013424448505514556,0.11717898020190654,0.007775393317365334,0.0,0.14307022307289533,0.10626383720942968,0.02951329956552127,0.0,0.061667968473554095,0.1945110815246614,0.032051642852944644,0.28277819058550957,0.0,0.0,0.03986842912034119,0.08393204237004985,0.015615620801214336,0.21672669992105303,0.3796014491638008,0.011640544172920701
2.8645570790594035,0.28446297793075065,0.5041296170932128,30.375097008650812,8.413822487028751,49.94576352312917,0.05492358855897793,0.07516547900581366,0.029196649380947647,0.08552528959156215,0.0,0.07581126723782164,0.0,0.029646249212570225,0.0547388858840724,0.08628137617290291,0.10031810652873929,0.015151961020443937,0.0,0.2370560890899453,0.0,0.23251822254044463,0.08585870906131902,0.011113286661432024,0.0,0.09390032084931263,0.0,0.1324815990075236,0.34844589329238407,0.07591437461868256
-0.22542937655568718,0.21075275397428125,0.5315637288318489,44.25309234176762,8.184866261957003,70.61136423657653,0.2954591410566543,0.07521719763533498,0.10305288464656467,0.07277069144294827,0.010564605563296324,0.042176225199575125,0.01925043263740278,0.0,0.0,0.0,0.0,0.005307710153395694,0.1161677524499541,0.10046521999931811,0.06780222367110997,0.2580250525598219,0.03900709143675872,0.0724817083728407,0.0763885031607757,0.0,0.043820010882137606,0.07719742530265096,0.18768414242904477,0.08333525377067541
5.067030864536293,0.05366336860965454,0.36812580301529313,35.06089300164816,7.690369662615393,37.218952609846184,-0.04751300751232008,0.04649088253518255,0.0,0.0,0.0,0.0,0.17066869662683207,0.0,0.12005023292347125,0.06372034812848731,0.08071580640408312,0.0159628035628772,0.0,0.45563374673323287,0.0,0.46827186938735743,0.04550586930076783,0.0,0.0,0.0,0.0,0.0,0.4798127661884408,0.0
-3.198636777004565,0.44929316508418293,0.1556516252375129,37.09757024606099,6.00371884692221,69.28121848865834,0.18599065384072494,0.05663246489351484,0.0,0.0,0.0330681578426075,0.10527548411703463,0.03328759273193507,0.01605000559426445,0.01499836332502414,0.07610101273409374,0.070427470762123,0.018116847116088765,0.07043194965050321,0.13785624432657248,0.0742519157335005,0.1256104049498,0.03646153021544087,0.00484530928824355,0.1282150455731928,0.024224324992641245,0.03140318042727156,0.1609032121931241,0.21776123498787664,0.002998369553420692
4.525562647562122,0.4989461569890299,0.5423113621328224,26.21221502233827,7.02275603017659,59.51363384317968,0.1253956458654811,0.09917508121878568,0.027373517401858113,0.009463936353526207,0.0,0.06892791026840536,0.11421235710241417,0.0,0.03854785386938357,0.14552490011535466,0.11760539926663452,0.0016859407841660007,0.06128277619889527,0.04035016458437286,0.0,0.09029181912247358,0.0714265809943212,0.03278638151042774,0.08570771717459871,0.07537337494782356,0.011922611979579778,0.15622410983237944,0.1870209272246095,0.006701031408565948
5.652793883298797,0.5669896461857007,0.33614755494462834,54.29426994048862,7.627740312205135,68.13190819529996,-0.006882106191518231,0.12563660164869941,0.0,0.0,0.028480233980337506,0.07600198130432756,0.0,0.04349687817559102,0.12750416983442767,0.10374872044542806,0.03972271212871522,0.029296061827906086,0.049149273903362586,0.1351137826489825,0.0,0.21937131462628245,0.0,0.0095138802051121,0.12069645005624277,0.062436308698070285,0.0,0.12413368668066663,0.36661697325986936,0.009650938809505096
4.614268338064439,0.366511800880911,0.45726472424804493,38.580266859188875,9.080384665946474,30.625724448968832,0.17972106110799801,0.10814522469643048,0.0,0.0756398180451308,0.06935089400815639,0.0027239265546119204,0.14825387512103344,0.039042007791394995,0.0,0.06992093516964965,0.18112934881554266,0.0004143505806809694,0.0,0.007675202670453504,0.08880210143286939,0.0937762143116661,0.024597938086892805,0.09867086985085706,0.08299222170723419,0.001665491724898164,0.0,0.001393363535197506,0.20273918697895085,0.1449907379267388
5.897971075972069,0.4657303810172517,0.3357236896237406,48.09355964001061,9.395953312099605,47.379978745596624,0.20124566733246801,0.06765466397194661,0.08532840562633141,0.0,0.029560137947322714,0.021108279713710192,0.08638708318075994,0.06379149162634294,0.12602795304159603,0.14180116994344819,0.07545028025676379,0.031203720534198058,0.048611551562391726,0.0,0.047666893743107286,0.029019917032899828,0.10759291306487029,0.0,0.04976212812958974,0.11300686297629801,0.0,0.115631490321288,0.2346123803230336,0.013080084611192873
5.384095319584362,0.6285962274504008,0.42655293295734836,29.426468624416902,8.544497148058516,36.930317442307164,0.021331518749531736,0.06466370071756826,0.0,0.0,0.013822990029145325,0.14242193302398573,0.018310302726588054,0.03901934283068276,0.10918109871554174,0.12174541832991367,0.12460512867988124,0.002437336810558871,0.002464100506882075,0.06928022946433274,0.009540308325206472,0.11005833813294333,0.0,0.030365074024504023,0.09827780785359988,0.039491631153292614,0.047517885760826654,0.22943135950279175,0.2708227242966097,0.0
8.075209397398481,0.48501312210725306,0.279601380907055,30.10917756644487,10.079763309989833,50.06211309067564,0.21957108478572232,0.09974712294553953,0.0,0.0,0.04179657914396108,0.08591665511097027,0.0,0.010211831371240297,0.16015023856809527,0.08795036589228092,0.0,0.00486421066812823,0.056283261904344926,0.152450924911964,0.0475900972375736,0.10560649744786568,0.07784901897561006,0.03784865050930179,0.10020778276933438,0.00961969661391204,0.030032295743680965,0.12556856794170868,0.20376823436445632,0.0
0.011172044890655819,0.4343247093267488,0.40292006409222375,34.338398558258525,6.94620962787044,35.0296355859402,0.1464367546606061,0.1687479099120042,0.07437444802980137,0.0,0.031108835887803568,0.021695377264612743,0.10612381191697476,0.03442114486198038,0.15120424511300268,0.022169384040171894,0.02087689508172208,0.005403163908925805,0.015647935797299645,0.08649965636766895,0.06489240476582676,0.0707572795180877,0.08090267766675474,0.0,0.03978169233492195,0.027318034677687647,0.0,0.04831120762363287,0.12734767007171016,0.024892564337318044
8.311396246747881,0.5528100212674941,0.31064621818272253,39.42135098569418,9.64995379924388,62.610436265784884,0.1649012411231425,0.17074755542372316,0.0,0.09866951379899552,0.011116287674777965,0.0,0.041233440711303096,0.0,0.07963853889425346,0.23531315522912016,0.24612118840237435,0.047316961744167954,0.06291611174388972,0.0,0.0,0.07551979291085185,0.07750720747466511,0.02710457330886094,0.0736694603460623,0.0,0.0,0.0,0.2568130567214888,0.10978577612660567
9.743786198525916,0.018282268584254968,0.3627232198717432,25.625357702582363,9.536733894636441,35.23212223987434,-0.0012595292841748457,0.0,0.05347789306728641,0.0,0.031262959989414495,0.0,0.06457982552689627,0.0355259949202167,0.10257502670207203,0.0,0.0,0.012432792964249765,0.031224956829354257,0.42436680590407716,0.0,0.45585022458505464,0.017256058215276957,0.0,0.0,0.05655042095252647,0.043692887295068976,0.09467838704703108,0.44527170402683236,0.0
7.540532436778975,0.38786124288037266,0.21355600297503802,32.69233620162783,9.184162209214813,50.69779774947356,0.16965862543866322,0.07412018259162345,0.04461719125702936,0.0,0.0,0.0,0.1816671691121708,0.00492007749521183,0.11270987985313202,0.15096642952975345,0.19950261951166942,0.0010094376114275425,0.042097340823708515,0.07874869387415603,0.02656781846215725,0.10480978228196258,0.018017888129641706,0.0829754852321044,0.0424471672841659,0.00851242695769716,0.005726123999617982,0.0,0.2606967604732575,0.0
8.250696689326759,0.23953932412150175,0.32686610172141867,25.638895792517644,9.552057996588037,49.369210431629,0.015196119253944526,0.0,0.039378460378460996,0.0,0.0,0.0,0.0005550679540295839,0.03824692066173863,0.06298629213543466,0.08935313244290795,0.11759417836518915,0.0,0.0,0.2835531299891375,0.0,0.44875284587558895,0.03621405448533639,0.02938759610543101,0.0,0.02368667205678798,0.0751136372039453,0.08993822623646028,0.5763531255948933,0.0
5.657959214760578,0.38099213398539367,0.3718227515002776,32.51482650726349,8.599678954767395,41.162488873766804,0.044874912214360796,0.006959802896750779,0.059057533382643135,0.06237683825239858,0.03106833269514274,0.028579310481545238,0.0,0.0005638361880934261,0.036935687817448465,0.07138704398975113,0.1762454090353006,0.0,0.0,0.13542897670165716,0.028888332603068452,0.3686905116245358,0.0,0.0478929468143914,0.03470989447566751,0.07460756265690152,0.03267023998359374,0.1358567939337808,0.4406416854399894,0.09344511275638538
1.4825822800345914,0.3084722427614101,0.5558556875900881,37.101766252092204,6.600856996398375,57.649972347181105,-0.04751300751232008,0.0003720304468325039,0.09755345872071225,0.0,0.03280128932465151,0.04421199339306498,0.11854832760851772,0.0,0.10263837942433342,0.0,0.042096839389598024,0.012072705018288294,0.0,0.21557121876584456,0.006100358619349461,0.4176265593367233,0.0,0.0,0.09326633668199502,0.0,0.06317085433181013,0.05802621569814877,0.39534057671687517,0.0
0.16715091790536096,0.813552099542822,0.5070078507673565,37.00642989820076,6.87478088730338,19.346299124934337,0.22810594333479842,0.2083443124893868,0.015554715972110892,0.05622020038160973,0.02706406496557634,0.0708767279157922,0.08436821204031979,0.0,0.20082629028284135,0.057928683530681854,0.04668222789076928,0.012667290201711128,0.0007423778602413771,0.0,0.06531956361567152,0.041957298972459964,0.09232395256669232,0.0697196122123703,0.13128209624736376,0.17129366097655851,0.0,0.21374979212934808,0.0410333475251215,0.08328405186474516
8.220602222068589,0.1233898907301541,0.40747340673891647,41.16510529686211,10.030486931496272,37.55830971636321,-0.020635638698731876,0.0,0.10391327583911256,0.05590035386644211,0.0,0.027472580116300903,0.08080173750068959,0.021487694972680552,0.016119524460270658,0.13491172068029267,0.031137504466004273,0.0,0.0,0.30421178298146806,0.0,0.20759764521938812,0.002204086005174466,0.02005735000365134,0.0,0.0723174922541972,0.07180628758982034,0.17159624789789107,0.3639968027344682,0.04432202080622167
8.224499486757253,0.30162550542456373,0.331779593842238,29.357483869468567,9.809485208450965,45.10864841604777,0.22922854845183932,0.0,0.0,0.04005641569638811,0.014288110142151533,0.06734586903932088,0.02435287619738613,0.0,0.05244864211139062,0.05969204013737744,0.05511215142512282,0.0,0.048842110438542155,0.11946540726443787,0.07190215671990126,0.23896467410290573,0.09849388410147478,0.00999022200425382,0.015441454722868633,0.10974507483039399,0.013094960486642902,0.19018622276936226,0.29021630930379944,0.05434447058369145
4.637588255530852,0.21131627494743455,0.34451780376911767,41.63625285205158,8.709723612016171,54.87222818512804,0.06273569136551269,0.030186795600329306,0.015978407189245168,0.0,0.009859455787683033,0.0,0.11183377387365744,0.09062869469281998,0.008422087721552951,0.11062631926726257,0.266878529496526,0.028196320733946595,0.053323191480241755,0.18476635902853084,0.027441712274877832,0.20590199059285577,0.0,0.023761848913808153,0.006813132761221835,0.0,0.06478750277232523,0.0,0.4071568248859164,0.006212190373017783
5.491324522017312,0.42971001890084476,0.30064961471908436,43.33442186249587,8.784283557890555,44.806397099962254,0.13869809137234052,0.041021549110635505,0.01673651573006024,0.018937010869622822,0.011103131367471814,0.025834388707150872,0.18001269198058373,0.0,0.048416487953140755,0.23282554176862202,0.19825161998015456,0.0,0.044638431971236556,0.0,0.003473785794987229,0.0028562188688054935,0.034225523106292725,0.05636054321305746,0.07363496194451079,0.06767152409797347,0.0,0.0804893766410724,0.22931580424253473,0.030039907271951646
-1.3584309569859645,0.44709667853521307,0.5042201213367138,34.694766455675186,7.0136320612496235,48.86105055311123,0.23827923211949137,0.12120899835551599,0.03173374536733812,0.0,0.02002011489648515,0.02881368083436759,0.09215248408385403,0.0,0.11282030973479285,0.058863398287259,0.020047772286410248,0.013257463869776024,0.07410411563596955,0.015231595592302957,0.014111439688692821,0.14746428808984458,0.09804383320177446,0.052019595693615264,0.08156310046246537,0.09615994897173225,0.0,0.09819888418876485,0.19071581998741055,0.0
-0.10384298533333514,0.558489267862353,0.41039277843431105,41.27492433000128,6.874999786935555,55.83992358605899,0.2062246110955446,0.1617941118217081,0.0,0.08469283527402152,0.037072615073253844,0.04491095426452346,0.043454272677191395,0.0,0.07626318797375739,0.31035001942924917,0.19167584879889674,0.02278120841656888,0.03375048013200328,0.0,0.05078757263592333,0.0,0.06446631404358381,0.057220434821026435,0.047743504245071205,0.05577428624561134,0.0,0.05823132133532962,0.14041354770235911,0.12176509205991914
7.435134855403746,0.08918351325614254,0.3054711911180121,38.01240175974595,9.306017336237167,48.50357220357598,0.27606802941023484,0.0,0.05996564158087124,0.0,0.059419203226867556,0.0,0.20021519064924598,0.03906379467025605,0.0,0.0023544458460745543,0.02856849438892617,0.011149319712006639,0.09466648315497582,0.23783675311924296,0.020655957998254666,0.04889796685898294,0.09878147082687774,0.06196358818044609,0.023446079024914468,0.07958282958593874,0.09181965800476224,0.12805743763781977,0.09031617241685222,0.046414627404311765
1.8550992993659738,0.45580558537626864,0.39679773601416607,30.55336439004475,8.149999070430004,57.21342419681102,0.14695089919212473,0.15714399242013366,0.0755670290454743,0.026521168668599517,0.07379509793985616,0.101775277053402,0.049044162070298165,0.03519941443895519,0.1165755878981254,0.07528922697110785,0.016040928710987043,0.03883859661301936,0.06564700499540987,0.04694551954512939,0.0,0.014882407063694092,0.10082942964000943,0.001644978174384002,0.03100568125260523,0.0178599559031798,0.0,0.0962007738060491,0.12537104138506597,0.10031608678525818
4.038001501356531,0.10156957593896396,0.31459654646538693,43.2280160796059,8.243595046989979,49.49207069152231,0.16760291392045384,0.06217511422974042,0.06830750394385451,0.04349468724099412,0.0656142674646531,0.0,0.05476667068385513,0.030849178903997854,0.04749695088673529,0.0,0.0,0.033288182235098274,0.05955297987268314,0.35101156880439377,0.018038469684015773,0.11891940831155963,0.04903435950031001,0.04097708935342039,0.01149444855109956,0.0,0.0646824300879904,0.0,0.14763221674285276,0.10910905408792904
9.528496902501907,0.3068558209636148,0.5243700661520112,25.379711970625216,10.017712945939836,36.13537492645952,0.099069526404398,0.05046332587066383,0.0,0.01795471442835044,0.03304922037612436,0.12769926811926993,0.112372554313138,0.021776978465554882,0.04895615390731398,0.12579316942033214,0.0,0.0,0.011270078599435768,0.10318594952607878,0.04377525611820223,0.2771052787423852,0.005343271732831181,0.038680681728079765,0.0,0.1302643229968084,0.00952614890880236,0.26748976417393583,0.4246756622905087,0.0510039690107041
5.750569111261177,0.20188687553305382,0.39333360680025276,27.219071370607978,8.515062131651607,52.45479394533231,0.17704351457825965,0.02042328570028449,0.037981401638270344,0.0,0.0,0.0,0.11860266186237092,0.0,0.06121258528084216,0.0,0.2230119902851999,0.0005825085459359447,0.031905640149350864,0.19495405795277587,0.02493356499357005,0.3720933611989842,0.08253059503672897,0.03767348229495523,0.0,0.0,0.0,0.0,0.31510060216897695,0.0
5.311590909626636,0.3259412912171015,0.4616415405109012,40.303464380449256,8.609151004394256,34.73596511568242,0.0556416834734158,0.14517124439240917,0.004189204469136447,0.026433128625510758,0.002622568624702115,0.1235882610961036,0.11017990957815912,0.0,0.01480741893943141,0.005620514925140138,0.0327490559863472,0.0,0.0029599069960942644,0.20969006455881173,0.03821738940181911,0.34286688709395163,0.0,0.023731290171448476,0.0,0.07701623772792975,0.010022149612720641,0.21062672162173568,0.2653017529951612,0.029055869195047882
6.642066542264839,0.41915720483330393,0.5770131290021812,51.30317659941889,9.200534389460318,54.68494999266642,0.18644065282398037,0.10860451263975611,0.030079635674675812,0.0,0.01987756508815053,0.0,0.0,0.045066375483579224,0.06870566978903334,0.0,0.0,0.032314094352401124,0.035740092041334576,0.19676147802176425,0.04506523711029062,0.2305038964138592,0.04563833903871746,0.059996852141152066,0.0950734071517042,0.15551153860185052,0.04217094155136072,0.1866513036267114,0.20710416973721685,0.0
4.708877294011183,0.49153324218917005,0.49050949456690235,36.569198465775735,7.79138813283842,55.28065980038873,0.1191421492396723,0.15686888857399053,0.005349112167084332,0.05974140056445838,0.004289194067669682,0.07749147330691092,0.0,0.0,0.13954538455043058,0.22593750424748005,0.05262618499297961,0.0,0.05884689231601827,0.1303448797639872,0.051637861845709995,0.10148739329718018,0.0,0.016213964608910274,0.15843579541513722,0.0,0.0,0.020298851781570593,0.27453831625698066,0.06403070043657182
5.499198699950421,0.296337771406909,0.4283556805666772,42.39792646217667,8.65523092350481,40.24143552967222,0.1961075945394562,0.06467749861032376,0.08710453289225105,0.0,0.02024550047668176,0.019622081683599527,0.11879763976814411,0.032756248847448016,0.01963803248740969,0.05910660365052769,0.09622281502272793,0.0,0.036550613859871774,0.031142570907258804,0.08493088279346682,0.17315763830786066,0.008360514566898847,0.06626539341461916,0.07413374759997399,0.0,0.059657510631952716,0.055951551821255524,0.2650204003606714,0.005489624350421073
-0.7962889758641207,0.663865950127945,0.5143774879422092,35.11287746565836,5.935710479525388,36.94729982251978,0.08872015164168041,0.13990541315422503,0.11579249113038637,0.047983958639886956,0.036161625576258044,0.13861617253516303,0.0,0.0,0.05578584865903668,0.33271740480323736,0.20264085945972574,0.0,0.026269675809465407,0.0,0.00953667654236831,0.0,0.02209466743343336,0.030818738638183275,0.04946861082077361,0.07852871131791023,0.007856831883007958,0.22500158046191704,0.12314047830975622,0.0841455734928015
2.4272824053322317,0.2438400519877551,0.3824077066147994,38.86130121341568,7.360441923851804,54.509169846130966,-0.04751300751232008,0.0625790290970187,0.021274571886373175,0.0684825167469738,0.0027503943656986985,0.050504935461729766,0.0,0.0,0.03179209750994703,0.024384215442826457,0.08435096083905248,0.0,0.0,0.28800544548776474,0.028980985273141236,0.47437519387715366,0.0,0.0,0.013446487604417245,0.03143525199181153,0.0,0.0550870498084127,0.4764088592691962,0.07123309374563237
6.911809829642097,0.4224729152469484,0.504322246931779,39.283677530509664,10.021049392729301,41.62671253577862,0.056822138553281,0.13561007396652663,0.08285487305660397,0.06348318285196501,0.0,0.027405229498342093,0.2115262412738741,0.02844701108278753,0.05905570423883771,0.16291567747724242,0.1869866128908523,0.0,0.0,0.0,0.016989586680023434,0.020601952353345804,0.055838569293497314,0.0,0.04664348597615116,0.0,0.0230006685904751,0.008123318552542683,0.2119645978323799,0.06182417743713438
3.9404783504858147,0.3470851711854238,0.4243409087826011,33.705653974021025,9.367555280231478,48.58730040823124,0.11285419888887359,0.026366724721265777,0.047829272507485386,0.10717130517311846,0.01628337230099227,0.10223663676285266,0.2297514807670398,0.002224859662445764,0.0,0.13562359456265843,0.0,0.02791757257695188,0.0705539102571419,0.02907817287111282,0.010867198224681554,0.0,0.011249974704147521,0.020183251501461004,0.052239285994006096,0.1480797930535979,0.020549405440475003,0.27086582872590176,0.10994680180880975,0.1234547334691074
5.497598168085707,0.43941274668179314,0.3749620358565708,27.489527130293453,8.848470514688854,65.30587466629066,0.05542127154022354,0.01487196792925171,0.097357785436117,0.01756933090564811,0.0002903030651213792,0.09396290843054474,0.0,0.021086385051982313,0.10263841965709064,0.20596629995357701,0.1047794640463601,0.0,0.0,0.02840525239878111,0.02761767368818613,0.16582688297917014,0.08670843119478738,0.0,0.0,0.10359669048387021,0.024933436170940904,0.22249296638364796,0.3928795810723817,0.01785953810159372
2.0997344915792975,0.5031801754182342,0.48823169411000156,43.65554991961198,7.504929685028687,48.04624127178864,0.2956328865679616,0.0,0.05856498403072836,0.0,0.006056761956037729,0.10137451245852372,0.059593018768341166,0.0,0.14777536472909927,0.06280138883817818,0.1351718380849251,0.03091321132971073,0.0037202284233870883,0.0,0.036335934014563344,0.12354668472862144,0.1334867753397253,0.12208996283286655,0.08759500344966484,0.060262966551250796,0.0,0.13351532610018532,0.179576877640082,0.0
0.9792299158100102,0.5183314930966714,0.4516074336666277,15.698067305562574,6.509516421022832,61.470966022245754,0.20272540697198965,0.10301775994236761,0.0,0.08079220078526551,0.02530300696141111,0.016952669158650173,0.0,0.053604661915770374,0.13232010332361163,0.22985099787654123,0.1401283297574191,0.007690998962415042,0.05586530869190838,0.0,0.0808516407384519,0.0,0.06896975021531718,0.0,0.039150590644395356,0.08695383738075452,0.0,0.09602303993721446,0.26440398883006366,0.10609497537749008
9.3718625307079,0.44740974471084793,0.3077693303480681,35.724139248154685,9.412632254422954,19.346299124934337,0.02253670125401358,0.06353847449874549,0.0,0.004611987833607577,0.0,0.07250290686830574,0.0,0.0,0.012790398161576753,0.0,0.2353111120853832,0.03745367029307449,0.003511025281659627,0.13659149120071315,0.0,0.4806183253143199,0.0,0.025745377226313017,0.05367829481521971,0.0,0.0,0.044637617131523276,0.437345668772038,0.0
11.675240540343903,0.36450631323027716,0.4176897382956027,37.63426840206053,11.161788582684808,26.38499770657263,0.03772316174503623,0.0,0.0,0.021259556374984015,0.035646464832919666,0.10896172246149288,0.21282997605754916,0.05349704836725337,0.1493269459994846,0.06693796798089456,0.020007911439825013,0.0,0.0049283278781571925,0.04438663718801966,0.061751263142625065,0.16614234587554993,0.0,0.02732683971134847,0.0827685265568455,0.004311541274355391,0.016726637059225908,0.1299998106444225,0.2865774933121602,0.05690571297943066
6.158610788651323,0.3594745954923039,0.4971122923920902,42.609882353075804,9.275805319967187,32.340087887603836,0.1334552374925225,0.052666141511365436,0.0,0.07680047643333045,0.0,0.063220017577864,0.0,0.0,0.009195863146784923,0.04951860592616752,0.09005830736732495,0.03254153153835165,0.011257885134994296,0.29192511980448066,0.0648007387991065,0.28799855519066053,0.0,0.0874339570488631,0.004456170380188522,0.11085645327037832,0.0,0.17055642612303068,0.2818606977073,0.06141735933872238
6.916903010341053,0.33117987751033257,0.4071435024057811,35.03458066910063,9.537235768996165,59.21907167369315,0.056251393510710145,0.09979131887951781,0.0,0.10387423370696111,0.01360827332773714,0.03102141741529957,0.002377695731487245,0.024189501341417785,0.09163755462859073,0.17333956250927612,0.06667118616560759,0.005393959073440267,0.088653038891475,0.151166990111171,0.0,0.20680988068210424,0.0,0.022301050409140842,0.0548708947641518,0.0,0.005626117947994849,0.01281473126625629,0.4043388762896545,0.11748276548034486
2.7962708067742974,0.5620311819490265,0.49396363601109394,52.655197196886625,9.638232865414956,35.197999614435936,0.15820384395986758,0.057696435002485384,0.0,0.01539701230906746,0.00688203936320214,0.0949201596163757,0.0,0.009277623182976763,0.0,0.2386275977201352,0.25177199026774294,0.011835867303900138,0.0,0.03427767745986893,0.043001314861791956,0.09747300987676163,0.1423068704515439,0.0035351356493242767,0.10956678182918925,0.045572365800375575,0.011888872288585713,0.1523813426311882,0.34537828946717103,0.022278953634231467
15.204856816219802,0.29740133773298877,0.500220126831756,46.277991412049396,12.009511474705837,47.68808176184226,0.17308977927239586,0.06146346643044506,0.02509998265850108,0.0,0.003661454793587638,0.018816966911501476,0.019861922765198506,0.029609588657953163,0.022566330226654323,0.10850532308095567,0.1598335843504584,0.005827131167902521,0.042888686135705074,0.09701252662807203,0.02062150688517368,0.27742187554202263,0.09326835578099055,0.01631105260039195,0.05826096084414007,0.0,0.03611780587511523,0.0,0.4155369806245446,0.0
7.717492404340525,0.3040346369609377,0.46266642910586014,32.77315983370963,10.109195414353765,30.132112122984616,0.1765881031108969,0.11759698172060526,0.0,0.0,0.04548803089710756,0.0014890438283590088,0.23204297356457718,0.0,0.0,0.1743701486804674,0.06566799867775669,0.009044075793454051,0.05394425578895343,0.10942400754208476,0.02347443090836112,0.06282663657035746,0.05786397162284994,0.04130547999668777,0.1341219673039671,0.0,0.021114246531999947,0.0,0.22079605086744422,0.025036321408159194
3.9117638160907817,0.35097470002085884,0.45656284564003824,42.028442313542875,8.201086199751254,21.727586867236326,0.0683487079501483,0.21583377155623443,0.03797306683811972,0.0,0.027062317482696947,0.018108061681858766,0.18313238277281219,0.07626655010131625,0.04480173015776971,0.07743726335476463,0.0,0.0,0.0035808548062004446,0.0873113785813319,0.010719345875898938,0.1565901541251141,0.053727244151955476,0.0003210074198279067,0.0446271084176842,0.07131385547714165,0.021407874867154293,0.11082977424540275,0.31029425136402505,0.0
5.469610488820515,0.2053690749921779,0.29981420854872887,40.63093044746224,10.569343179753591,50.257555885726504,0.09888707029907401,0.0,0.09439245399753274,0.0,0.0630779380448078,0.032964362872319436,0.023553473373430542,0.035140629210361,0.06116161189212124,0.008345535199396362,0.07810811602189001,0.03946615687242598,0.0,0.291171484713218,0.009456988947755303,0.24760908496198153,0.10813995317707573,0.0,0.0,0.03205008595973902,0.02975315053840162,0.09476790780731606,0.2910952580655212,0.0
3.3998972904601,0.4124116352713924,0.2801084103368071,38.391936716492175,8.629955928758124,25.354469338191652,0.1146235891127347,0.04367095246624983,0.041309926266488634,0.0,0.01847694967443738,0.04286098168375559,0.12206551972554584,0.04510861822231227,0.06889004172513553,0.14543830470381333,0.23529212589939952,0.0,0.018913135851954914,0.06630279652634571,0.0,0.04341682429285473,0.061671199663948656,0.041123108358778984,0.025490973251391203,0.03452571954565665,0.0,0.043044312925600896,0.23396380154467145,0.009322873049478708
6.261820676577232,0.3248214377817467,0.3645789512225606,35.517164150216736,8.569027710277654,48.05411042453474,-0.03587346886406005,0.0,0.061959451803290586,0.0,0.0,0.10258766887304951,0.05334419648917093,0.0,0.040527875733436726,0.0922355405870495,0.07489521688881287,0.0,0.0,0.2025897961851305,0.0369127915243937,0.3653889343301695,0.0,0.02066727102903816,0.0,0.13605115201730636,0.026541217778131718,0.265180320731931,0.44180021078469933,0.0
2.4496812170120292,0.4026965544008607,0.4098275939654695,32.213379915295405,9.160349904966488,45.14514514556565,-0.029600115469250718,0.01061527005643377,0.0,0.06654939854562564,0.0,0.11239009702622374,0.17738571314401366,0.015196869205855787,0.0,0.06520928772814696,0.20177394011152483,0.029460441061875266,0.018248378076564046,0.28391822842142894,0.0,0.08016200940464298,0.0,0.020843675006476953,0.0,0.05990534641202192,0.010573115947583221,0.18286864228258393,0.16056815558914098,0.05795447979582687
2.9270576365141183,0.6016601592299728,0.2976391207086333,24.067839621531657,8.75349795623231,50.34943498344593,0.17148665195445886,0.1292062712269757,0.013226689071830139,0.01209579953044461,0.0,0.09448187873661965,0.09247359173340214,0.06576886745565669,0.09099209623175825,0.067881994614055,0.12427074945409683,0.002189872379071804,0.06731327792037872,0.0,0.0454554552603091,0.023762699595864467,0.04015319787757776,0.01856479756476123,0.07827782591348442,0.03996943049482218,0.04227245905091793,0.17672370271617316,0.15741337332763805,0.0
6.520106387151588,0.6932156287262938,0.20525757750076723,29.195447645796982,7.839463883772415,26.538498637641574,0.02496669273676007,0.14983343072113167,0.06960978332545387,0.0,0.0,0.09361902289404106,0.03385053583788527,0.0,0.08226862756665247,0.16242082025704618,0.16169847543265958,0.0,0.0,0.0,0.009860131717861046,0.12780942416505536,0.07722135706096916,0.0,0.152140813791924,0.052134145494535794,0.003651753862285152,0.1494051395699857,0.2569329715657454,0.0
10.658364571614394,0.24118148060055367,0.46896585688160897,26.89807810153699,11.012434388774642,24.150395208379667,0.1368798532959566,0.037985638791720566,0.0,0.0853935921540583,0.0266945094327078,0.03825192627088641,0.0,0.04740890345513506,0.093275771117367,0.18192809303884927,0.005792126277513424,0.0,0.029715332542150648,0.21746708992053432,0.0507845586356528,0.19369752448080538,0.03178460110178516,0.02459542221496386,0.10779006531500873,0.0,0.0,0.01043304333633191,0.4230343049144727,0.1120880520700619
6.229626778835756,0.33407100797759526,0.40068015029783743,20.8809328534006,9.353227324980944,48.86429654429622,0.11729952172202165,0.04873679128406843,0.07350439269014193,0.0,0.0,0.040576398549906925,0.03411278248515043,0.02080860303934244,0.0641809408383647,0.23057205576217876,0.10210783735326823,0.007241205028662719,0.0,0.09861108023784282,0.0,0.10126490604944108,0.022832241820617105,0.11385138760095678,0.0,0.07187453786345918,0.033123270126941246,0.1455740703697275,0.3526455449351448,0.0
7.591112747476698,0.45546145925606135,0.5210520798097308,25.06209251923542,8.755878407310052,46.36849535559005,0.14278236309229286,0.15799763971118244,0.09000043313376005,0.0,0.0,0.0,0.046517824474968446,0.0,0.06982996509585027,0.16553673588812462,0.2576160757686056,0.043940533886354965,0.046510849254110975,0.02982780080094316,0.0,0.17172967469415004,0.03179888467586772,0.07772445764116927,0.011611133340164434,0.0336883934474448,0.0,0.0,0.32621835352277434,0.0
1.2598083271552492,0.4168735416570921,0.3359292905359477,30.837817264886393,6.167373888266498,50.342287713876374,0.01732153334166238,0.15887141143352915,0.03971416595223356,0.10835638868567644,0.0,0.026538882669397794,0.07979267144902537,0.06312314515905355,0.030289880059342727,0.18121121618479624,0.18935047750703493,0.03506889458294842,0.024415503759178635,0.08430060401462716,0.0,0.01718781145378745,0.0,0.043188107179723836,0.0,0.01182033546178292,0.0,0.022489584037900585,0.2615224470719582,0.10047485931704464
0.4784931108876611,0.24224022259535158,0.34159606236522166,31.07785375568396,6.419645971817262,41.02943166690918,0.10472813616319579,0.10597713326077898,0.04866478272745246,0.07461204825213262,0.025433539143345278,0.077240537788795,0.25797374710971255,0.043185832001778945,0.05574991720688464,0.196124512424312,0.0,0.0,0.022345696104744867,0.045875874027362214,0.06471633473838813,0.0,0.0,0.05471260091836849,0.0903119007914007,0.0,0.014194562356133263,0.041392373926203416,0.20047169804344617,0.10004545569862557
1.2094728082052297,0.4520665917686704,0.42558171010182594,37.52881063250551,6.1166705414715805,69.21313673112432,0.011802858515622558,0.01679724286630839,0.0,0.12931488073765302,0.0,0.06567274773129513,0.09921978924542349,0.0,0.14802847556175094,0.15489880917357515,0.1775007635167699,0.017223876082541573,0.0,0.037688640710284244,0.0,0.1974967804147249,0.0,0.02593641816265488,0.03237193871393311,0.0,0.04402735912609392,0.06014411846819251,0.32701695487543697,0.10695909229484155
4.233676705110348,0.3476266793829095,0.3933545965209325,38.988262481580776,8.069412269406438,47.10134796521317,0.03477403975824228,0.07153356638628566,0.08508865847516531,0.12770906121099673,0.022749033514338542,0.06921726312730014,0.25148552321698364,0.05688841256796161,0.0504719393995662,0.039636800569960745,0.02181425273568839,0.023669648081778256,0.0,0.0,0.00746423685793784,0.07803875678753938,0.08430415459684887,0.0,0.032941416703271886,0.04894134717249071,0.029037580142872596,0.14719582287897753,0.17456370290250328,0.15045826178992397
2.524450697288051,0.5334934562781932,0.30887625965424637,33.35848288537518,7.902911202820907,64.98835700456394,-0.007355705250886399,0.14321164863676505,0.0,0.048746172201220885,0.07014870620889244,0.0865379765729856,0.0,0.0,0.0,0.2950809021447862,0.14693423154532492,0.017621128184194236,0.0,0.11654870396689754,0.026608993485112347,0.030297534585467134,0.025320919563696316,0.0,0.033195570680561726,0.10760250328505917,0.007912396548887608,0.2020530524491013,0.2718709292765298,0.11889497778752628
5.031618944610648,0.554609159660659,0.5294829796479912,33.61145618635446,8.97713468449614,32.65979905015738,-0.010186998520823068,0.044342328716758216,0.023539208396514986,0.05811257179715823,0.0,0.07986196767116438,0.17292762827967217,0.03398343753472702,0.11925921020626377,0.07799150393987395,0.040183581162536154,0.005791113639831565,0.0,0.0,0.02601991989518599,0.19322256314362993,0.01743617728366955,0.0,0.15507652123924293,0.08260679547844031,0.02748786182349578,0.1899567486088158,0.30519753828586027,0.02886423288957642
4.407083106384244,0.22643682205175075,0.3537004964084801,40.12250496753276,9.268168009845606,52.07909364421067,0.2635381632650129,0.027476058797526667,0.13479685937980065,0.08309772995046506,0.05376418291480574,0.0,0.04185382345171514,0.0,0.02675534421312998,0.3221442075955719,0.13156571315615442,0.027472596324022488,0.04239782468828662,0.0,0.0199008822732224,0.0,0.13069353399754485,0.0705458431341591,0.03611022393206223,0.022196068824324067,0.0,0.0,0.21895613813644949,0.13686228951642795
7.283444864559117,0.22798527677347635,0.2349648369971074,28.914739843467398,8.851181175479748,63.77509920027455,0.044667752950743406,0.0,0.01343697078226105,0.0,0.0,0.06495413553694894,0.2242444309474425,0.0018735616037164858,0.0,0.02669970714307962,0.1214375148550717,0.018936917298542227,0.0,0.20018454245912126,0.0,0.31097604552853253,0.03088298309519007,0.05187055324564939,0.015232868377700028,0.018305520147917573,0.0230248157971297,0.10628425257662254,0.3395492573485508,0.0
1.6546793875643342,0.28264826793357645,0.38024406505514846,51.06431152059771,7.997105119601571,50.34330158134488,0.12574132049969747,0.046381941084933875,0.04862833430480512,0.0,0.011502363519836654,0.0,0.2182064638280938,0.03426026923394465,0.016631461611534497,0.0,0.1028691145194291,0.034238157877266244,0.03450892513512495,0.23532993705074573,0.04216311088726177,0.15620484119770672,0.03036104875350454,0.018708372532978888,0.04433244911910577,0.0582521261482807,0.0,0.038194925144918325,0.1447876930944031,0.0
9.128767389033241,0.4110754074687779,0.32731015467167773,36.76838748600022,9.973531356602445,30.847111949718744,0.19770224442252496,0.08706197559477125,0.009078881023377356,0.0,0.0,0.0,0.0,0.003338088685469998,0.019017491186469712,0.0,0.1258652750324351,0.00045142625694508803,0.009813711121340114,0.06578809152002328,0.07778859757433439,0.4121205924891457,0.03664213908126771,0.0734583230208313,0.02862918150515082,0.12722698809976407,0.05429508320774135,0.1500500177007129,0.39805716960242477,0.0
1.7537436404102107,0.44310312665978574,0.4630329845744534,36.23015551102283,7.509036183052432,59.757313359081806,0.20263082467763588,0.1288837139350707,0.046693562251496776,0.11824685937037184,0.018284988938685996,0.06919382372743141,0.037887060946325476,0.028517206625271265,0.057025887946987854,0.02763496171127197,0.046074250934359864,0.008022402919913183,0.07544306710999298,0.08348208095024309,0.02175170859146105,0.0,0.10080181684483244,0.004634513003049828,0.0,0.12557237228174462,0.021715581113454167,0.216481554373457,0.0496716099083076,0.13653186265859735
16.085420835770066,0.03989809644819858,0.3379233207204416,30.569852633359478,11.983743412961012,38.56124003174739,0.01637270150817345,0.0,0.0,0.02096166482690849,0.0,0.0,0.001131366477887849,0.010062251369076718,0.08394458075857766,0.220188976277027,0.09889994973591223,0.0,0.06952103493792666,0.398380749522272,0.0,0.3417800721450777,0.0,0.02432735198710716,0.0,0.0,0.025593928835477016,0.0,0.5720312334975166,0.012165562573212333
2.175587880908346,0.0914532212356075,0.3157469494458486,42.65367894545922,8.282824881613562,50.64396277654407,0.19578023113366727,0.011457726561732107,0.011057724046240322,0.02012837432783681,0.0,0.0,0.07015826507434321,0.0,0.0,0.09594390358002487,0.06751273588327296,0.0,0.044897039298429156,0.30127755384061067,0.0,0.24918676496704206,0.09773083804246835,0.06121423161706367,0.0,0.06637851692770091,0.05151223078254325,0.07869744431198576,0.3219553673387888,0.00831807749793375
2.020503972535476,0.3638818585956558,0.2591556204438581,30.01914271178035,8.646765172265363,31.59125871779096,0.18219570666419582,0.06452323631669576,0.03235700635552993,0.02438094251929568,0.03401295073917604,0.14630050170647763,0.21612536631327012,0.05792719257767712,0.1197889427415119,0.1169679772501083,0.0,0.0,0.0746046921174727,0.06907582906000474,0.08039332127968639,0.0,0.018856278762103468,0.00834167357731666,0.012826579451185788,0.0046369061146866765,0.05060978262683138,0.20154718993255927,0.0779704786827089,0.058394010670050484
-4.580852720660155,0.4943175186491699,0.5475546469145667,27.71908125179551,6.0520174511834925,51.384052698034125,0.1520242887006804,0.04879135075702183,0.1007111070777886,0.010687148017471304,0.03471071278091364,0.032322338110233176,0.17226173194535346,0.026356712582618992,0.038156475781848914,0.056582365954149554,0.039358498308155444,0.04274092820388958,0.07152268489718538,0.007917409928987318,0.02532386742408539,0.0,0.03272267515562767,0.022455364132437775,0.04227280137390973,0.15793698385658278,0.09273791510822957,0.28299723364291335,0.027369843025163904,0.04539802379761646
6.801383547747131,0.7014258303152712,0.5025682155038225,47.1151611854778,9.111236115708662,34.93126053957836,0.19733822800453418,0.15610774056375998,0.0,0.0,0.0,0.05666877578543425,0.07186478799237771,0.01469353920334021,0.1313558063153686,0.1908793892391591,0.2419951197519336,0.004479600323097859,0.020699552923417717,0.0,0.018922064680120254,0.0364169695641169,0.11121667939662169,0.046499550950620624,0.08420820801102204,0.0,0.032700601262672775,0.08327944914486399,0.24198987337820788,0.0
2.9942828505278425,0.2230733040447861,0.5466019697657962,31.962870665015085,9.561947629348516,30.39979984461504,0.1214730525768516,0.07674213150388288,0.0993783237177227,0.09097877608972481,0.008866498384452547,0.008062216164557677,0.18954312849462518,0.03711000070047285,0.04369649405114996,0.009722213514535463,0.17373229481586766,0.0,0.04917066301219711,0.1468955491108517,0.019975138321354908,0.07295959809123259,0.05189636813162597,0.00043089865726853374,0.023802356829172793,0.0,0.0,0.0,0.11979148469938189,0.0998452616992258
8.994041582591425,0.3013611776297288,0.5267549832494094,43.9268504010909,8.604336538534792,37.03879471588455,0.023702481821073068,0.09661306639557138,0.03715142219358841,0.06689241881036605,0.004059928496736609,0.08066089073057967,0.13214034826589252,0.0017003793258579362,0.03197079217978618,0.10718161558363833,0.046873771700146116,0.00664013140890188,0.005512369778794098,0.19610723696929444,0.031263912129147683,0.12970322532602951,0.0,0.0,0.0,0.023666246450588794,0.027976415564468993,0.13230361141171876,0.23858491934678736,0.07095239293476052
-0.2159364389521068,0.38762921752995133,0.32821029622552744,31.789521224725277,7.33919864050732,39.25850025195362,0.027810417156711092,0.0,0.0,0.031623152780713246,0.0,0.08615234056481708,0.02007511128739413,0.02055139825035927,0.05121378339474977,0.0,0.11317197025835873,0.0,0.02114969449155611,0.2619371819044325,0.005683871058848846,0.30969330050246213,0.021453439277520525,0.0,0.1717914399435324,0.04256525838177892,0.040946227587244005,0.16966343345332066,0.304011874979527,0.00033494419892691335
3.1598107665750446,0.4486966008226686,0.23466427559600034,31.72407272707661,6.376776246916565,41.282709198626364,0.08323621881650026,0.0,0.0,0.11964567917732502,0.03908919472893747,0.08871740629145883,0.1010642653227767,0.0,0.09754690249049949,0.198812590031307,0.2071872864611754,0.0,0.0,0.0299901618647245,0.026893463629286202,0.04692045670171664,0.0702934491991212,0.0,0.07352404026319144,0.0,0.043945539444293774,0.10757608584493858,0.23419526391983023,0.15873440603019037
6.50485052950212,0.17334468555122484,0.4259351863181666,45.78605669316021,8.322982551745207,46.751407511041776,-0.018928983683456566,0.04861075627822829,0.0,0.045685828303009796,0.0,0.0,0.0,0.0,0.023012255470120695,0.13684569717724102,0.09887612310238729,0.041168599035925665,0.0,0.30452566231102446,0.025595673487232597,0.478870059770684,0.005092117986692485,0.0,0.0,0.01485103974400751,0.030330120489477926,0.0,0.6078884852259012,0.04441674684862287
2.002872145313211,0.6899071113957127,0.5396406861246061,38.26549393197773,7.044981434099798,45.70093068173868,0.2630195496994283,0.24030319706706757,0.013672917663887282,0.07517818558990497,0.03794984280137524,0.030297476362760093,0.0,0.0,0.0690408058573222,0.21401297367301872,0.10382887236591935,0.05789824011600328,0.03695625696368068,0.0,0.10511907206079939,0.0,0.04637719957474115,0.0745670142075728,0.1850786436634402,0.013191254597000527,0.0,0.03375676578699146,0.1454403231360123,0.11312817568050851
5.655570804396986,0.3208296439878745,0.14363698962598884,28.667547695863817,9.079564430775594,40.284102715400785,0.011749297413871207,0.047126244600671816,0.0,0.0,0.039573859573481,0.06651460189743805,0.06518875097666546,0.010297433195273847,0.0566450738705528,0.2598742909963333,0.23572695241895159,0.029397040337877614,0.0010847178310141627,0.18383186864297332,0.021544359778949907,0.19470158954824524,0.0,0.0006214909206464989,0.011151782225013722,0.0,0.0,0.0,0.46487375496714517,0.0
6.354716576852584,0.3459711388698626,0.4744429383861182,22.868908448697198,8.549016221529909,19.346299124934337,0.25849387900340337,0.06828646660022954,0.0,0.09040785625381088,0.019632341833564014,0.08662912364402678,0.0,0.02868576139542424,0.10722311993270868,0.047621544476837134,0.04756582240943359,0.018391220016282274,0.05176452282172949,0.13473727200272465,0.07548887514004932,0.11622743513142508,0.032707783942234524,0.09853259783620716,0.014385630374180655,0.0,0.05750945315700384,0.09011925063525304,0.19253470214313667,0.11004025193830169
9.566146739280546,0.16489078759626985,0.3493601032348054,42.57614407292068,9.706435892725308,52.71673175378216,0.054345243094148725,0.049714240646518526,0.08101139773948658,0.0,0.015381506544836514,0.015328537623278942,0.021853787849343748,0.0,0.10799332446567736,0.24268574022043865,0.09526415549823446,0.0,0.0041581310403859505,0.09980498792482283,0.0,0.36240461146496467,0.059690089258178154,7.265660813573702e-05,0.00039366802078365237,0.0,0.0,0.0,0.5726460606811516,0.0054478472793624
0.3389855542283815,0.22562810184845927,0.4296681864440328,45.19156114492071,7.78745639895866,50.89222353196716,0.1673453111966491,0.12318919494640776,0.0,0.0,0.04801782956086585,0.0,0.0,0.04039630457621761,0.10139800160780835,0.14349750771332853,0.18675955579824052,0.0,0.04701405031975048,0.2919319826508045,0.07877422779613781,0.13658879107466013,0.0,0.09848199340612539,0.0,0.0,0.011696157080867775,0.0,0.32048246178910905,0.0030021009282717587
1.6932369304900248,0.5554293618709853,0.4953313937947369,33.50467442630317,7.226775626097062,53.8113095711705,0.036790186089070503,0.17516172441566363,0.06975541461343596,0.10120368047668318,0.0,0.09128122558164337,0.008292676251996034,0.026806576705079056,0.01208578394262115,0.10713474389718591,0.17390591836613303,0.028054959583555392,0.04107852280136439,0.06891736075834479,0.017549732348052204,0.03503301741323385,0.0,0.0,0.060115801024879754,0.0,0.041214481097961914,0.10610495484695816,0.16897462466560015,0.09184087555208262
5.501457289412811,0.23744260221571228,0.31419207312417957,43.15039279328076,7.91727610408927,32.38759618272607,-0.04296163953912567,0.0,0.035091759329510475,0.0,0.021048876763496132,0.013859205488235642,0.028910821550699115,0.0,0.15193908304664322,0.06947215824241978,0.0,0.003531299074112486,0.0,0.2835004619408728,0.0,0.4143583964735019,0.05302303594469708,0.0,0.022269239532936618,0.08951946066068847,0.035375180669983325,0.13875392335731696,0.4712556002840669,0.0
10.126409782642416,0.10834565570180688,0.395786990009232,16.874475042334364,11.138552852899199,19.346299124934337,-0.04751300751232008,0.0,0.0,0.0,0.007183539749298503,0.06381264593312783,0.0,0.06256951922372113,0.0,0.11828242625271795,0.077175593451941,0.002728182048696526,0.0,0.49561229440800914,0.022055194578322623,0.3945699076702028,0.0,0.0,0.024720292108448172,0.0,0.014624469580129189,0.029098436471634286,0.5754218186016307,0.0
7.419400487246321,0.37843503052734534,0.39360843298247233,34.74528351797431,9.170217577866906,21.924913820001414,-0.03549917985301736,0.14416225550566286,0.0,0.0,0.0,0.03163879706205719,0.16374287921870356,0.039886803572074435,0.0804636937790925,0.0069157513395595865,0.21198414138469449,0.0,0.0,0.21514212511916397,0.03650547638098196,0.4276452898835481,0.014156382530446307,0.0,0.0,0.01904285117467042,0.0,0.0025558718927530255,0.4744479151470242,0.0
3.211734564444487,0.4482328068651827,0.24585988393908242,39.01448683027811,8.015408844557529,44.28382352709683,0.17206038969973614,0.10996208260656072,0.0014346830024882865,0.0,0.009151250824008361,0.03853958339617632,0.13175870868178013,0.025126528303033212,0.07839721097181465,0.18121025714242028,0.17126074608191222,0.03210828444620936,0.021456039154575078,0.0,0.007893187679037291,0.10689070073287915,0.10935529816489346,0.03335597751625383,0.0,0.0,0.0356313275003671,0.06346621618005563,0.3132276105559478,0.0
-0.6726303180390856,0.2837499707290654,0.4982324099445115,46.32279866486222,7.734305854944891,44.68991474869858,0.17421069090685054,0.0,0.04968277169723309,0.001209180327039719,0.042454551685872394,0.040821636912192684,0.0,0.016008991696903313,0.010690636913543959,0.0,0.0,0.04312888667017635,0.07831224931054843,0.29064944232564066,0.06087279110708149,0.4000183408846453,0.016159466864725316,0.018865813771377735,0.042687485824295886,0.16193819772159185,0.03679132550672709,0.23955114418736972,0.18479856263637362,0.04366359775773404
7.774038662406564,0.2877242522784766,0.3426334741941569,54.29426994048862,9.449043183800072,45.98728092478727,0.08148238846124059,0.0739587512346491,0.04903836932164253,0.0,0.0,0.0,0.2640202596639041,0.0,0.05192203307997573,0.0841030728961854,0.056050576955389696,0.007224635096773794,0.038845193162670336,0.08107794254996224,0.015728317566657865,0.1607801886138346,0.0,0.05460376366581514,0.04758241185975377,0.0,0.07802645557514565,0.050985979513565614,0.24102956500322162,0.0
2.129216773078926,0.26701107219979164,0.2358407700216975,43.380238319375295,7.807955582660652,57.23254976307594,0.1240330494740534,0.0,0.03465974596345739,0.0,0.022824969847530817,0.07230149003967588,0.11763101546869276,0.04070430498417396,0.02101795757635419,0.13823285654655468,0.1378773661194882,0.01958757094330811,0.07657944907026473,0.13496481788665632,0.05266607873672881,0.127612989393002,0.0,0.013182095137728958,0.02829401134404271,0.06083184982546408,0.03474856634782173,0.1678819996824394,0.30655006778656047,0.015150200319076365
1.5767347733886714,0.1037474805975718,0.4659944430946452,25.57693030057293,7.69269782201594,48.95799780558858,0.06440589736021901,0.0,0.13939529876562193,0.10395644358893279,0.014986725543495429,0.06690315723273067,0.23912135541482868,0.044919234141606104,0.021102280400685576,0.048600732089082326,0.1235511721104308,0.040739643972549186,0.024611610176790873,0.15796500843778216,0.03501297540146228,0.08290206318102919,0.0,0.01914105108005456,0.0,0.0,0.0,0.010456121195633022,0.17642204944791545,0.11894298099016257
6.422445574607322,0.37250575534916514,0.23612390688791782,18.681329674377107,9.32645455328568,43.47279468550218,0.06454530579736134,0.05582764521704608,0.03595695664378748,0.04930638199099384,0.011506198634744709,0.0,0.03759425260635573,0.0,0.05157609462940855,0.21487738870374595,0.14676689007490853,0.030044097629577615,0.04052599350930826,0.20994825022583383,0.0,0.014114523883640373,0.0,0.06246877286717227,0.09630178690099764,0.0,0.0056745518684307335,0.0,0.21863663132258213,0.06081282169071595
0.17229189924056953,0.2314785723630642,0.3131534706740847,37.62856668339875,6.935480779589174,61.31829621061038,0.3582051533113972,0.0012789740939954802,0.16681240193193297,0.0,0.019243735468816286,0.038943994280698654,0.0,0.0,0.1384631361840623,0.1139884184368747,0.09637338185282096,0.017687031167746475,0.15259228984775403,0.041150376484289444,0.05044161276815597,0.12626338353002076,0.08770789665485496,0.06746341239297321,0.0,0.0,0.03456704840990801,0.02563592951707188,0.23824018554171034,0.015582385212544278
5.45252179858271,0.38640914036708274,0.2867278763138737,17.467956452801385,8.731074715390058,58.53746146213411,0.16017725962188434,0.033162782188510945,0.13873024765223524,0.0,0.01743416269314511,0.025008947016577708,0.0,0.03631903065397059,0.07350883337101442,0.26453115799928456,0.14611000955725897,0.02293675233068483,0.09989213423514004,0.08345159103703798,0.0,0.059149704891082344,0.06666596941165014,0.005110879300876964,0.0,0.03701476082697843,0.060531571206940166,0.12255518955841829,0.35999985175215576,0.0
6.403046577061838,0.4660868047562401,0.5406844389519707,38.523265103811696,8.993584668965962,62.187350991443225,0.14207769719477797,0.24527970600654442,0.02526749813271359,0.0013030418708928244,0.08804322513143126,0.0937683505798402,0.0,0.022876823713786843,0.011953663542680175,0.0034606660697739516,0.0,0.03817476180423654,0.09073783035284978,0.12012471716864438,0.016087620870285153,0.13749669559418395,0.05719539298103865,0.0,0.03361563732001305,0.09499922564348193,0.0,0.13767446804135125,0.16383410125055448,0.08934612777394546
8.400364708320852,0.22124468268919892,0.4121221451006141,43.51249538960451,8.844649635081186,44.747172476645716,0.16653749404369045,0.08345449759909698,0.0,0.0,0.01238706135104967,0.012829778166144033,0.0,0.0,0.01303058552666777,0.1938815724903563,0.1350370957717956,0.018842262216509,0.003081408604935911,0.18446755424916997,0.01295305333320592,0.3946128603018515,0.10291064348619833,0.047592070570742905,0.0,0.0,0.0,0.0021367373196267414,0.5832323908924313,0.0
9.467198207247375,0.36954691889961555,0.34799421802599284,44.984217868293634,11.062371642002457,57.14787600106597,-0.04751300751232008,0.0,0.017746335384381938,0.0,0.0851162070290662,0.04797590251981231,0.025205122529117233,0.0,0.08336963516763786,0.02701144794541223,0.10538438461232963,0.012521548975353979,0.001350689384958529,0.2577924948796254,0.0,0.3531850937219293,0.0,0.0,0.08338332578627722,0.029521474377887005,0.05328850496073599,0.1307856582385085,0.3650562373615047,0.04231994690247281
11.289410248912846,-0.005292571706734861,0.24060814160523913,37.26365271803947,10.48290638039401,57.61857329338487,-0.016435324631448076,0.0,0.10480296914549933,0.049995976004188356,0.021231612616625192,0.0,0.12717548199874965,0.0,0.08725220889577,0.0,0.0,0.0,0.03300891814232245,0.29898102897270595,0.00022607587800893558,0.5631425819263172,0.0,0.0,0.0,0.059129991011237046,0.07923543167433063,0.055124207616027814,0.4195410582443883,0.07122723133663003
5.986170105962914,0.060557289394754354,0.14363698962598884,37.11878124976678,8.335450093786685,34.84581946001185,0.14412057334470782,0.05979044837887701,0.0335549545770133,0.10202360113278602,0.0008142626066004431,0.0,0.16674759231175845,0.0,0.01636933531450565,0.13167275567978548,0.0,0.007510893405344764,0.0,0.1271022847682777,0.05475667751418599,0.25125176509678554,0.03730985176732226,0.05709917976093776,0.016304824150705943,0.0,0.011049226825376108,0.0,0.3650794016632238,0.10283808182780704
4.814780698496966,0.4592852349984239,0.29576040469877046,47.80834660747816,8.288067459365372,57.960514080930196,0.2599709671431199,0.1621948856167944,0.08183205163562096,0.0,0.008050380490632917,0.0,0.05763220647599702,0.0,0.0059540344663289516,0.15314206485959195,0.20662720637299736,0.0,0.0,0.09500783960674153,0.07865978456615408,0.0,0.12696897651715877,0.06146533451447464,0.10510499745351498,0.0,0.05460411374519086,0.0,0.07594923894585379,0.0
8.884836872597287,0.3710691836786226,0.2279757888273496,30.412462254877088,8.85638401642823,63.61074923160335,0.0022918522392131463,0.06254097015927253,0.0,0.0009370603901304626,0.0,0.055305406644133234,0.0,0.0,0.0,0.01287405377856883,0.0,0.00501139238146321,0.0,0.19740675848227546,0.020598202889468432,0.5237907883024111,0.0,0.0018728500432693418,0.047952449614576176,0.2190786572104539,0.0,0.26121247739650716,0.5290047662189447,0.0
1.8265247449190443,0.3247446295348608,0.4612221568099235,52.703179119499936,7.207933265903739,41.77902305535934,0.0894190400479412,0.023927678356795656,0.0,0.046393986435989396,0.04600787687549768,0.1142527520297992,0.0,0.0,0.15010587744127227,0.0,0.09978760906831109,0.0,0.06926448687456166,0.3571513896985866,0.010152698111396567,0.2975171232681921,0.0,0.02593207441551916,0.0982279718970391,0.0,0.02017194053916734,0.0,0.2516010760268704,0.09240156371165756
8.681285101257728,0.34194616701884584,0.44437807467993967,37.325573058175095,10.128648147193944,44.596482303301144,0.04511043834749208,0.11832758315688971,0.12224015695870524,0.09441227459800625,0.0,0.11709661812447006,0.1264101571444295,0.01736719381482971,0.07918896410279666,0.15530125531075475,0.05463824076656639,0.0,0.04789701850039675,0.0518462672747732,0.0,0.04800901411788551,0.0,0.018478024091718386,0.011216399014949467,0.00011998331810841173,0.0,0.11443561384651212,0.22067764294671777,0.09176927495598536
11.558056602042878,0.34211288575432636,0.4688591669496688,36.223628251925675,10.284352561713995,44.37477679631524,0.10599267855020539,0.0,0.0,0.065395318725694,0.012613152372204834,0.03539003556992813,0.0,0.0,0.19981734053666836,0.10005256214278915,0.06361224548897929,0.0,0.018281660249001283,0.08420771019845955,0.04336519492762381,0.3817375400807791,0.060388971517691986,0.0,0.057046378192739805,0.0,0.04517126261198877,0.05742710634330778,0.4750899100569531,0.07800844295067871
-0.2155402957562913,0.44615896250739684,0.30479369576889526,34.76892465950737,7.851881471516485,44.03432460005759,0.2462027980920794,0.17325450128656758,0.0314684050943438,0.17377051191341683,0.016727546835799755,0.008863849268108369,0.22747134289259147,0.0,0.028089051945449243,0.19328241087478207,0.07913793627270788,0.029789343385171987,0.044677917471312376,0.0,0.055881355147809356,0.0,0.1028437754610082,0.042799951484257547,0.14040682218279793,0.0,0.0,0.0,0.0,0.1904984167925558
4.205137264018155,0.6350444417003841,0.37003425202653345,49.36187631685516,8.101590948603024,66.86732051319167,0.20738493026680582,0.15877809011359745,0.0,0.0,0.05059909506557892,0.11025365131595821,0.019535494882262916,0.0,0.013745478179061098,0.041459029970073204,0.1252291730181948,0.0,0.015111326135681705,0.0,0.058690158005425416,0.1110886612713427,0.058532504403886715,0.07505078597314979,0.06527251859264674,0.12851657025080354,0.03944800019582895,0.27821811103684974,0.15021649596618508,0.045585052159060425
-0.36691184551103095,0.5412057701189196,0.4967430418663477,36.22632425924361,7.632889549146835,57.77442754391208,0.1875620383495934,0.10327042206488445,0.04800845080952192,0.0,0.055674785133195404,0.016677795080786022,0.06934032417538855,0.05054399812103348,0.08388190403174739,0.12453727204183723,0.20093824588925646,0.0,0.05447236439478925,0.058500713434006646,0.04728446437406246,0.0,0.030270366980094634,0.055535045992095806,0.07364607135894322,0.06305733591251457,0.014598833479469267,0.09433373853118372,0.07138926398746795,0.02399331015739896
1.3458087991362748,0.3794844903165683,0.4414682063396299,20.556140962186625,7.936790589220961,70.61136423657653,0.15475836555824693,0.010148271472035175,0.037218759909918415,0.0799020600759804,0.07928291328509213,0.11472898829523911,0.0,0.0,0.0,0.19811994288131973,0.1812371101772194,0.0,0.020534509151720812,0.03653071975538824,0.00304343096236815,0.04207407889778286,0.10661416571119647,0.024565952091375024,0.04779652132335898,0.03394083554961479,0.031435846022131446,0.18010577784415127,0.23634320314980362,0.15918502070017124
12.714010085861135,0.10417257305126351,0.49180661371287304,30.534416047630234,10.319683968828715,51.219357228865235,-0.04751300751232008,0.03633084982467595,0.0,0.05504711814394468,0.0,0.0,0.0,0.0,0.0,0.0865959402462358,0.18417012891228712,0.0,0.0,0.37113272287820415,0.0,0.6248618555203285,0.0,0.0,0.0,0.062405913807004755,0.0,0.0,0.6667527268086243,0.04733540326516714
2.87516731969827,0.2867966594417792,0.47570569887489483,36.532001537627806,7.240111628781399,40.27334701757778,0.08482584124465758,0.06992268182082129,0.09626775417190606,0.0730494407648242,0.034112566964909295,0.09618427251257233,0.08454512444163813,0.03106119230977332,0.0,0.0,0.06274546671078296,0.0,0.03375125651799229,0.3031713788817162,0.03283087246984246,0.08257219580993032,0.026050933798973032,0.0,0.08416620012832185,0.016485980894601817,0.04030293197087684,0.15297308209800067,0.037231129655880074,0.10716239093433194
-6.839356150643726,0.5178016022943069,0.4229429543436188,23.570075585991102,5.403664706130719,48.75766082762376,0.17576663279576454,0.16788724009207254,0.12671561080559787,0.06056698389559424,0.011293791052832673,0.11755742634037253,0.0694452625778948,0.018038025887939586,0.055221967359634694,0.16437726350391774,0.0914953283621151,0.0,0.01718570186681498,0.0,0.0,0.0,0.12108808853467788,0.04520563602198399,0.05099288388340297,0.06462372072603242,0.0,0.15907812452200237,0.13663833076048904,0.0718609383618587
6.66401233990652,0.24503256797775086,0.33656779318556795,34.802639131661685,8.84148303153824,31.722153266726963,-0.0451642049555719,0.04402936320379043,0.0,0.0,0.012242480643559286,0.0,0.06540620024483043,0.021549973338476285,0.02250668206764423,0.04312390367853671,0.1403041070804985,0.0,0.009088463935002976,0.343081638820755,0.0,0.3828384655930198,0.07742250145772256,0.0,0.08221425220187412,0.004872897953046452,0.0,0.0,0.44751248253173614,0.0
8.522687565878918,0.23856702672053218,0.2563658236226415,35.67645190442342,9.389391619699666,22.23486336178317,0.05039805372022885,0.08329420564312942,0.03374303149075775,0.06672272092512303,0.00965491635503591,0.10993086496085952,0.08204842680301097,0.0,0.0,0.09867038331177394,0.014229915154419029,0.0070540125385503034,0.0,0.17181099073759992,0.0,0.25296427841821134,0.016260162646219278,0.05818879520208631,0.02462831456605374,0.011243368557562472,0.0,0.1203501364442805,0.34705495846603707,0.0763777483409496
11.595576688712894,0.383669536893812,0.29069029804677593,24.433275889390625,10.503731471985544,37.46982118956819,0.08389270478989702,0.08883325698521846,0.06109131642548678,0.0,0.0,0.05244912524210035,0.0,0.017131828381357135,0.06610270241238991,0.24989230681048052,0.212539311350391,0.0046780059253850054,0.024935786998739554,0.09153622856791799,0.03223584478806408,0.19434997657289785,0.02070585809285207,0.006015186424315751,0.02645069121108626,0.0,0.0,0.0,0.4613739378167042,0.0
4.515447338080989,0.40488322332503324,0.4542510795978607,47.19987264819568,9.249022354638328,30.262203874050947,0.10611179681157697,0.17761353148327233,0.0,0.0,0.005804878131065417,0.0,0.19369371629078144,0.06635995309700489,0.12580651957032937,0.04760332446700265,0.003067940095718133,0.02767284719120886,0.03889818454574845,0.059094519735544006,0.022154882901904264,0.1480425417150284,0.03928260677673876,0.005776010465720811,0.10501609993592262,0.0,0.0,0.0,0.26200567808458775,0.0
4.999009541878272,0.5338404151350448,0.3744929324741193,29.38227860631488,8.74606060400736,54.524108289181505,0.20345264555211282,0.17363671409789092,0.03580204074599729,0.04153748140637255,0.0869663738701241,0.03955671920938338,0.12167939823889898,0.027989395273461875,0.0,0.14249263195508882,0.09971207609165397,0.0,0.06319823285006385,0.0,0.06653684020169573,0.0,0.015628009070834017,0.058089654146571426,0.12131505702031797,0.07662587750911709,0.029295032255604855,0.14547762164800324,0.03281085592485539,0.12850394600085854
10.89094243046668,0.7164034569546132,0.5048622477656287,34.42031022287357,9.539445014014865,52.37120718423811,0.16506127914656227,0.15927080762833637,0.0,0.010775993644520433,0.0,0.0810839577296247,0.0,0.0,0.10919687842371756,0.39302595676087615,0.23903602983784328,0.014232000096441908,0.061973594048052416,0.0,0.0035299701703533012,0.0,0.014575474782080156,0.08498232347252052,0.13111832511797988,0.0,0.0,0.0635500844719114,0.23678225395242328,0.004107251136499929
7.207139354720219,0.2366477964351881,0.6134155361192704,27.33252562274728,9.34941930836737,51.743347992947406,0.05684595187992271,0.0,0.11135607031431508,0.006636461033585188,0.0,0.06144844685845292,0.010555764343411406,0.0,0.12042859746657356,0.12041457165195613,0.03360693600909783,0.014125879365837368,0.04630064062622488,0.14215973620522318,0.0112675487594103,0.3301834302192934,0.0011788008541511324,0.0,0.015023509261003716,0.07411738040277238,0.0,0.12454111409968305,0.4444028923670375,0.0
6.711578797572311,0.4970307948149918,0.6559628745074179,42.95784334513372,8.90365548723901,36.296154339829535,0.04065919360517384,0.13159874362434593,0.08034534872171034,0.0,0.07210381389011247,0.04453837783471386,0.2973246791539059,0.0748296532350316,0.07916582449059466,0.03727771594264227,0.0,0.039880127183010664,0.04650779277872086,0.0,0.04071851705038228,0.0,0.005637994240088179,0.0,0.17017308869607428,0.030037365844474785,0.023768466554764806,0.09834396858958372,0.10834985728112523,0.056073765645220625
6.532239127969424,0.1892889590968275,0.4321748502715036,32.83434564215013,8.89093256631237,36.14064252994886,0.2129364597899222,0.05294847473210299,0.0008383817028978224,0.056769373436431333,0.015794508802066405,0.009445755454803265,0.0,0.014098071166619187,0.154673528223939,0.0,0.04814183113087847,0.0,0.06951489363244806,0.3014721034852486,0.0639224842172521,0.41277771813909747,0.05540523988815703,0.024093717514491464,0.001003723664897413,0.0,0.043071976369768394,0.0,0.419509028239801,0.07256407459472863
11.24708031936271,0.23035128896464313,0.590654459980348,44.68879759291676,10.719582166766124,42.41294971418735,0.24107249499039862,0.11703026778671265,0.09400459750714361,0.0,0.013805906792211504,0.0,0.2101143610340654,0.0,0.03127844569227717,0.26407454178734163,0.1179813935116626,0.007216098651172701,0.035793627940002744,0.0,0.03513426849853871,0.09470587112363107,0.06349356948329754,0.10665107423522258,0.0793144260370589,0.0,0.009962175286567874,0.0,0.3376246435471919,0.0
10.656034028162795,0.22172347364353256,0.42771119849844275,37.68466242950113,10.22873059973346,45.61876848713818,0.023777384398102064,0.17297261123518273,0.0,0.010632352037536427,0.01198534969878751,0.0,0.12121275682107276,0.0156289481179189,0.05277088056396931,0.02989924880746392,0.12684728690821048,0.0,0.0,0.24951071083709342,0.029626652448845697,0.3863977883294148,0.042791328176348606,0.0,0.06106561397480017,0.0,0.0,0.0,0.4319262618606349,0.022617423290015697
6.409781999624048,0.2798684277445884,0.3406054313668074,49.38651277129924,9.665078023399252,47.78097265275415,0.19974600427366346,0.10967703081657507,0.0,0.09411581846435176,0.004005581644972911,0.05208333827705273,0.002637598499255142,0.03556252806453314,0.12536912704337985,0.0,0.0,0.028156835460280277,0.04598218936860244,0.150826280049929,0.12825458208349277,0.36058426727097426,0.0,0.06885368170239,0.04509986664162202,0.019936679810335384,0.04743736509426395,0.11945752589980993,0.2833169662080665,0.09812134680618644
3.6476177459207832,0.4863116152931849,0.4521660632481315,29.771692580619295,8.856949314206933,55.345283014333326,0.1369565701203603,0.1339310767764815,0.10627584835543963,0.0,0.023426854858171302,0.038485374008953244,0.0,0.0,0.05830384671707296,0.2002910278921728,0.13175209119264308,0.012371340212873155,0.05243422572694896,0.12917885860496484,0.0,0.006220607001486689,0.04099622575268318,0.06575960130798007,0.0372297984171982,0.07899119955892155,0.0,0.11272330597672124,0.19702330424289444,0.0
-0.649948643244203,0.18525980606487083,0.46587567808770125,28.1511858992831,7.477169812597871,56.89998835281086,0.16670343091271167,0.06225711602080681,0.13032890188289553,0.0,0.04408747529159175,0.0326168181097749,0.13667637256461182,0.019031000038897645,0.05214273539423893,0.0,0.0,0.039894776918994984,0.04934048021559201,0.28547789925247974,0.0012390208469852185,0.10470786521076278,0.08677606964364915,0.029347996644216917,0.0378469397411892,0.003141606854678982,0.0,0.03524395811459712,0.11138125044344968,0.0
12.66957705044343,0.402754698382214,0.3584322643851806,40.11925165766368,11.44552093204679,37.99816897055652,0.24867665983896026,0.027478155539168832,0.035842067914058896,0.0,0.03580061542526923,0.0093993046004948,0.011384991182346066,0.03046211949594295,0.014542137797473487,0.34407765786699884,0.0751291349790619,0.005850552991834663,0.01847755563010104,0.013243990147116844,0.04857792638225655,0.0,0.0730257761056621,0.10859544319729972,0.11458805524666121,0.12428524705016518,0.031481849197322595,0.16516655911340314,0.3510795146652161,0.0
0.17653242744881226,0.26527150894185964,0.385926117043359,39.82211526933893,7.912435330546903,57.348287320452656,0.148468243663509,0.0,0.18156964948751192,0.12145169252585888,0.03442662995648592,0.09569798013546241,0.07586574587158433,0.009012722183980634,0.0,0.1571269275513946,0.001806500521749299,0.008862186468957155,0.0,0.017554292813432737,0.02902296758732946,0.0,0.03250980553560117,0.10216576264816035,0.050538015666271606,0.12627694359238006,0.02566526970910747,0.24763979713660672,0.15539169377088335,0.1558785740239012
6.191306470752434,0.20361399091334542,0.3590648644764263,37.59282762204383,8.981213592270535,45.35916546180136,-0.04751300751232008,0.0,0.0,0.01620541522404322,0.02276358229336607,0.006640467258211914,0.2659569920782341,0.0,0.0640619236831381,0.10706960486827632,0.10907118140358692,0.0,0.015597020022273108,0.24527603306212048,0.0,0.31374684598360625,0.0,0.0,0.002539841368768274,0.043456765659949034,0.0,0.04323966794209506,0.4041302790316976,0.03896912126753185
10.415352723893895,0.11296861407530268,0.6559628745074179,22.79685184114044,9.472071984937351,31.19481824199392,0.17487019646248356,0.04366416602546619,0.0,0.0,0.0015123812315281544,0.0,0.10720275105332631,0.0,0.06177286387541348,0.03256050961909439,0.05222927390451536,0.0,0.03803010043200396,0.31852698668938334,0.06216781742454233,0.30629101420289306,0.07652919729935369,0.0,0.017370242642588546,0.0,0.057848381322564216,0.0,0.3193163202008515,0.0
1.281675510609134,0.4899484989457763,0.16425872609101186,42.00610495992147,7.682550937930159,59.97385531491912,0.33116239774810396,0.10862773919193447,0.07737951292868592,0.0,0.014658590476694463,0.1451650222489411,0.12793636190729896,0.023695101323555665,0.016245820031105203,0.09352153710197308,0.049909226092122706,0.02906961363024614,0.012747121563374533,0.0,0.07937311761159421,0.0,0.12413398660872803,0.11490818883405876,0.0519155485976035,0.0267570634366008,0.062258418127837854,0.23418073054173766,0.07243675600411026,0.005782592839011676
3.280109829483201,0.3900040623613035,0.3929400702309338,40.57183031431512,7.941796875469208,67.28217236345094,0.1634072037053566,0.03720786950305729,0.08376542711850947,0.056651148488912326,0.0,0.048484491072448996,0.03651588657608818,0.006353193266597003,0.054385801425047293,0.044949442459419967,0.0958071955773802,0.00956084131128757,0.06494970608293194,0.0787299451783736,0.028085611843107653,0.14008266046522727,0.04113676542987371,0.029235249195743204,0.0786160399999795,0.059909827939342866,0.006031976131036863,0.11442595265694913,0.19138537283145887,0.05619246674373077
5.9801563766051835,0.24317937840856182,0.4341972819669459,37.756445240840165,8.234943619906627,36.476954153130094,0.08512140751207374,0.13688852560164444,0.06213491780535317,0.06926494797389579,0.04199609786917826,0.0,0.17956962072102994,0.07808693813206721,0.0,0.07713452339140847,0.09270170225277904,0.0,0.04435582209888157,0.08153805741413542,0.003193242356369041,0.08197393899240983,0.05773746346402209,0.0,0.03784203166597484,0.0,0.021948101226117882,0.013937396497789245,0.23719559037677407,0.11126097704493185
-0.7787576706003279,0.3054888050606691,0.5431898028216222,20.807718989812123,7.29490849024204,49.93397272840794,0.34821511372261393,0.0005190259702361755,0.029048897311343837,0.08075968369427898,0.05259468330225515,0.0,0.11872945662379311,0.04233710575216915,0.0,0.1808058137745366,0.2041267958380702,0.02997618940937929,0.1250951421524828,0.0,0.038126535316777024,0.0,0.09262544555825472,0.09236798171796881,0.055842647951362366,0.01015880927198448,0.06321244298941034,0.02852121554808635,0.14371158656205416,0.13335417140935762
4.012036133848659,0.39526759056795113,0.36343835635495203,22.34377752015849,7.622147034129379,40.14101557428274,0.14665519769294832,0.004004612533405644,0.07596170042794703,0.0,0.009436438080363048,0.0,0.2906846346378328,0.04610816761895028,0.025295551841822722,0.05400242952214922,0.09521566737579873,0.029260402838297842,0.032318363877284095,0.05447180849904921,0.0167443402153691,0.0,0.05833720281772711,0.03925566521856249,0.1158592810358822,0.055615409072487174,0.07094216890910748,0.12563230582401297,0.055330065460576866,0.0
8.946977072547355,0.13250917440143545,0.6559628745074179,33.628171007465696,8.970265236705796,34.810689397326044,0.10904422513912508,0.0791742648965656,0.0548098804929192,0.0,0.01109150004870141,0.0,0.12287182895695005,0.006512986650667513,0.0,0.01627363599554546,0.026185945899549465,0.008294541750589059,0.08665254953941233,0.28096617883035324,0.0018174734763145607,0.2848007500698605,0.0,0.03742443283085585,0.03186912786328364,0.055259168977710604,0.030790654193820058,0.0,0.30758764809785766,0.0
10.484979047559012,0.35106961182703533,0.4652291943407373,43.14525108111353,10.358772966339155,48.91653975253278,0.1445340901306017,0.02420064032008659,0.0,0.025395556068966527,0.0,0.12124529333459602,0.16839126312916378,0.0,0.09020987383582298,0.18102597189695527,0.08130569438066765,0.022118327201462958,0.013051219520683374,0.10919505880981999,0.015785773972258173,0.10711270833017411,0.12689419947847444,0.0,0.062296988101380533,0.0,0.0,0.07093807476480071,0.28546289923937035,0.01655631943267954
2.464916184556503,0.5061383673199048,0.41585440359983444,23.02254420727086,7.8990159442851535,54.8460762535632,0.11879218132481498,0.06887131887410941,0.0796522238086784,0.1174014464493151,0.03432610787625805,0.005001132339018381,0.23439733642134344,0.009711024059333662,0.03359685955831747,0.23396009576162274,0.27737022068319656,0.022241470645247036,0.03870118895996748,0.0,0.0,0.0,0.052393743933165274,0.03849533791666701,0.0748890862954868,0.0661332347234284,0.0,0.02916913179649428,0.12115279338741128,0.15172771745955985
7.644875561319786,0.2545842954298252,0.3161336708721686,36.82424906084399,9.406460124833233,55.719130866605184,0.2771320874111109,0.036396168999132034,0.0,0.09081691365938978,0.015604683777749415,0.03171920247832177,0.0,0.006600737972167842,0.0,0.1125677718719454,0.08030369432116186,0.023430905820677014,0.06418472092026026,0.17844723839752702,0.042602989440530425,0.12137373430537078,0.06073519934468432,0.10960980419191438,0.03291938142935087,0.02160936610496591,0.04379049003424698,0.09711901071987679,0.24054227302882544,0.10642158433116661
6.395110870525504,0.22160707140540556,0.42248174747663153,37.72693617099192,8.468954479216553,46.190572833985854,0.19400637334460946,0.016932260207718923,0.010333278312292957,0.016315567096020646,0.05984469381755173,0.05863472284403684,0.044042747054764936,0.0,0.05211435817408916,0.23078419318802657,0.06339215357485617,0.0,0.0,0.037154404515357425,0.08576966790576172,0.20562964429191533,0.09350541847131008,0.06613311937087764,0.0,0.024008589304637354,0.035180670698890235,0.11782399153234063,0.4166955940529129,0.07616019010678028
5.587025157891666,0.25844351563741363,0.3612694787955976,32.247381816541704,9.071421255905616,27.943844402370075,0.2751908818997369,0.005950731018375559,0.18233279076215894,0.032742852504837286,0.030394771133866353,0.0044485901504659545,0.239860601047804,0.04723878478462748,0.07985362011967795,0.08366096469148371,0.03878882817593619,0.02258323476566524,0.044756739064000226,0.0,0.07576568362525918,0.0,0.12885729711728455,0.025811069817436944,0.07364540962579329,0.0,0.0740613937733709,0.037621754544132406,0.11903581881648584,0.0631378429902275
8.531285462151326,0.36935699264907657,0.39842420751741464,47.4496189864942,9.851440075962634,59.05761574468727,0.12424165322019917,0.06833077201685614,0.0,0.0,0.0,0.04225342212210542,0.0,0.0032720095576556814,0.08324302123706495,0.15255465745048702,0.11755367223672543,0.02802123592464214,0.06662445553538862,0.2247487086473865,0.016045542376639944,0.22360727375630074,0.0,0.059305353908609325,0.0473228627578814,0.0,0.03012285161472588,0.02488605053553139,0.3794340915703816,0.0
5.302280599414563,0.4528352923610461,0.3908025858123798,43.95409397494626,7.893867646675126,45.290624527300146,0.007179443853452011,0.16186852903281465,0.03200697937856742,0.0,0.00411069658575882,0.005061164947014661,0.026499560266011343,0.04277152679330851,0.03941496465698358,0.10175322439890011,0.172382644235678,0.0116656453275047,0.0,0.13230650595676222,0.0,0.23788540136366498,0.0,0.04655600759050421,0.05915239550939552,0.0,0.02476268613208381,0.008351098982027225,0.38241027138151046,0.0
4.461423513958649,0.3668729529210471,0.25163065279148555,32.96249297636101,9.463683703957885,37.05299984268756,0.2704357341835477,0.062050338952080515,0.0,0.0896751409148035,0.0418484963692377,0.06909019163932964,0.1487177491166949,0.006757138677317951,0.06962364363515695,0.16101398270013276,0.026516464436637265,0.02443259570876228,0.06589177680114072,0.0,0.06589534375385048,0.0,0.09066889836649816,0.0479792872013899,0.05696996013075442,0.04438162660730896,0.013808320407376388,0.1272798719392894,0.10264833795220787,0.13152341640243403
7.800652744078635,0.36109629610047544,0.3123049419074947,37.435494676289636,9.010392370376492,54.49254910167555,0.0729411971200246,0.11021982524136278,0.0,0.004339661379554487,0.02502119942428434,0.07763212942059186,0.0432780765271882,0.05293330533380888,0.12440398890249055,0.1553786338418391,0.0,0.0022655732243393994,0.025158388904591586,0.13265635322005115,0.0020976448826530714,0.18440595131599585,0.06459854695644623,0.0,0.04802306847517353,0.0,0.019122961190470723,0.09575293418177235,0.39271772260030013,0.029360896545311467
1.708524735568059,0.1926787811760523,0.292438100232295,34.18560047075203,6.966934278942904,55.66445655667253,0.1573106182856709,0.0,0.023640774755757068,0.05185338791618192,0.03256276067327722,0.06248219101794897,0.2205255266626592,0.0,0.01095653626744833,0.09324223100223758,0.0,0.01620643142181632,0.09084852343155855,0.09591688074199163,0.03054161573431484,0.14369535275226916,0.05088179642192486,0.0,0.09778279690573873,0.08191044127013433,0.0,0.09744527959722288,0.22551125215076473,0.08441639398875303
6.295201648604334,0.02280732954444087,0.35412185711368427,42.70436610804701,9.287442386290397,45.726222777015536,-0.009949317339216904,0.0,0.017917403768950062,0.04919194349013634,0.0411114412758051,0.0,0.06346687518755581,0.0328480522641125,0.033292805766791674,0.148942698187346,0.09236292662866973,0.0,0.029162430228950206,0.2852191503457278,0.0,0.3484448736284257,0.0,0.030938086800384065,0.0,0.05520991512692692,0.031646228253498325,0.05701697334494204,0.5302353183880933,0.09030334375337218
3.1693474241380035,0.33673810633604745,0.35139914786557314,26.950404042161914,7.809073316925119,21.753377887347483,0.026289580796747494,0.0582352614653968,0.12022586997483123,0.0,0.05922613386233856,0.03507670232200553,0.08832282116270113,0.0,0.11186348791726147,0.19492673762438542,0.04699923944450948,0.00632359182854038,0.0,0.09103427633205169,0.0,0.1813662013220069,0.047871277636526224,0.07193524347249589,0.07162317851413512,0.0006093254123309029,0.006007539442495989,0.041693454442540155,0.3191767796251519,0.018212824309861417
2.28567356045441,0.18649658070992847,0.3274918158813463,34.17349428852175,7.012124408723546,21.879502057125272,-0.04751300751232008,0.0,0.0,0.01089873994541163,0.0,0.010410467614260656,0.035203541871599214,0.028551535657859742,0.10324669516630355,0.0,0.07794849083443295,0.0,0.018488162550671636,0.4499152946079166,0.0038893214437758956,0.5388572403234593,0.0,0.0,0.0,0.07928812154570303,0.06086870337885766,0.15056744167363484,0.4592255876360661,0.0
6.171557166295101,0.29794076478234616,0.32176240059471745,30.802716321737115,9.55442197197227,34.6640411314738,0.17384937817651713,0.10402709362742416,0.0,0.0,0.0,0.00826065819303795,0.1953406912824095,0.0,0.06873375475531121,0.06382373647401443,0.04830350035128416,0.002472355543501408,0.07447736193205858,0.2360639069740042,0.040804697830924816,0.10440176086757713,0.06558933362148354,0.0,0.0009216672757669936,0.03132231661669975,0.0338994172348968,0.07348236426547744,0.16227231437808065,0.0
6.169994623407998,0.5326718071771493,0.19849472126803316,29.594663628281154,9.60828779821686,43.78400047856937,0.09736515826883863,0.08075666446924837,0.0,0.021095909681109994,0.05012623997190789,0.05871276509892118,0.0,0.05472946247975573,0.09752692646506897,0.14336239652814423,0.24310626625885445,0.0013481365899521095,0.03907062524190773,0.05465977527562067,0.0584468377321426,0.23353557105565326,0.07816571910012848,0.0,0.05612406978416017,0.017145394245408882,0.0,0.05381011836230716,0.4316272881752913,0.0712222549401119
15.910015766635269,0.1952269104739445,0.38396942224929054,40.07184240811394,11.020296589196997,45.39180750886205,-0.04751300751232008,0.10329280618169281,0.0,0.0,0.0,0.0,0.06422326301709508,0.030335150038428398,0.003953897737232273,0.02102394764234121,0.0528897209590683,0.0,0.0,0.2448929965653009,0.0,0.6309499298293741,0.03259398156926824,0.0,0.0406404468837803,0.035035348006846836,0.03718504789765989,0.022831814501934576,0.6667527268086243,0.0
5.580334636665632,0.25004236060775414,0.42528456098316064,39.062983562422204,8.27592029124196,58.2234788212633,-0.006158333430665422,0.0,0.05037841262561729,0.07389187544003233,0.01532216468663987,0.06229965579673337,0.1792252839078748,0.06576980699801559,0.10457845016402777,0.0,0.0,0.01555497542481999,0.02131659123859979,0.2102901815161979,0.0,0.2191465286986748,0.027449245168125122,0.0,0.0,0.10377595414183911,0.07710002720388325,0.24317572940184112,0.2270076873381319,0.0892141220305267
0.731648409113757,0.611831555763366,0.46430033475138743,39.709122805996756,7.951581526629159,36.27015170300919,0.02973553494698633,0.0,0.07879636349035896,0.07314541135099142,0.027387135271002012,0.11266723706251183,0.0,0.02586423974757352,0.10515330645712889,0.14856383906038093,0.09558491730686801,0.062160416045409936,0.0038121514369322193,0.0,0.0008323393756201093,0.10826082739103438,0.044647550574531986,0.0,0.09233557220742057,0.12651458068976473,0.05061773039807673,0.28979937908714776,0.2826889262850952,0.10053276119240669
7.639620619316657,0.3904081371068524,0.4189394347114898,31.7624779087383,8.32265440937723,38.181788929036884,0.01331898152964095,0.0,0.0,0.08194221468867266,0.008291472203894125,0.0,0.1135073086614089,0.0,0.09746052831451604,0.2671048227552244,0.1696166174826888,0.030352790590930902,0.0,0.10071493004376099,0.0888833310816182,0.17841701422842002,0.0,0.03448020118920647,0.016262273117175714,0.04913492193660874,0.05044435598626897,0.08975554264627092,0.38897979814418854,0.09023378670040302
8.344024551572103,0.3332152952270991,0.4614999373178495,38.760867694124734,9.900736969724079,54.444434068699096,0.04344307199310317,0.060532275870545126,0.12848804348011122,0.011227855816286218,0.0,0.011500348681806636,0.0,0.013921303491726385,0.027611803539139813,0.0,0.11833316588768196,0.04083220866337023,0.05015194900458716,0.28589004583662475,0.02658249663357302,0.33652381959554156,0.0,0.05480060835551953,0.0,0.0023634649081708536,0.07621407942258737,0.09007832272606447,0.32939252629366883,0.0
7.156174752419269,0.27721747245831196,0.20583769015697387,27.66868495163682,9.529890333353599,51.30200741326448,0.10297301070627565,0.07645758863606342,0.05906190718069583,0.0,0.022596387272769768,0.0,0.4077620300077954,0.023517201654135515,0.0,0.11568828418795121,0.20754093538853613,0.0,0.06688507447428471,0.06699515224097193,0.029436789643714392,0.0005418440274901903,0.06790400074028297,0.0,0.0814311622192189,0.0,0.055514767814249806,0.0,0.1397470280203126,0.0
2.118744864121582,0.19838989561437198,0.21166483130897232,39.36054113932361,8.158209336889174,70.61136423657653,0.09999533129967082,0.0,0.07083973660838373,0.0017760922447270233,0.0,0.09833721878469281,0.08988656794038052,0.036794432292210084,0.020806844608757917,0.07680597449476909,0.11046627956073062,0.0,0.020274723767334794,0.222525132453832,0.04832433067611639,0.21373099071560228,0.05091190779886309,0.0,0.040086008920046476,0.0,0.005747555554449077,0.0767174163286506,0.32733170527347977,0.0
1.0798967062928284,0.3410990207444522,0.4770136568199244,15.698067305562574,8.064915554863564,35.38947580782733,0.032488735069394856,0.07218759618876125,0.020441894950855362,0.09767443923966106,0.026185434118373638,0.03620185575571084,0.1269986149798544,0.06408570234639241,0.11281744778108381,0.1607145531313024,0.11936813944887469,0.0017509489346557152,0.03611589023477378,0.04291263577694977,0.0,0.08739849997163432,0.0,0.008461869116119757,0.07756976132213335,0.0,0.0,0.0,0.3121990267872923,0.12386029602357834
-1.2887843082702837,0.3071396944458161,0.29954179641981193,31.496332672031894,6.752933125482075,63.33411667122492,0.26165639478144764,0.12095240642749461,0.0,0.09078409943654073,0.030176739256674776,0.0,0.18360897038669233,0.0,0.04852454551578224,0.0,0.03684706230343453,0.01166417371162096,0.07768209453600994,0.18925249666319804,0.00426833779282694,0.08802195808346393,0.10719945403231633,0.07250608279607558,0.1515255352045881,0.015589000731301853,0.0,0.0,0.0,0.12096084368283383
2.1771846060256235,0.44932356307029264,0.32097827326201867,39.58478927229467,7.404093572510264,33.464951108147275,0.021188131061287183,0.11737412825907488,0.03906389334753004,0.020254384699838097,0.020247690236380272,0.0689795228473409,0.026680686293074157,0.028947404205624777,0.08155880710100175,0.27055843586562317,0.12702834857588638,0.0,0.006953173425713603,0.05788843189428943,0.0,0.06584713107682996,0.047423534315245396,0.0,0.017171659333326032,0.027075991506922577,0.023428926320192885,0.11948471691881085,0.36535299095849094,0.04050212239535539
11.902577260339132,0.47011263587576746,0.41888395929452577,37.06477042602605,10.370958382801446,36.85488516902255,0.11016858998403035,0.04126157237336476,0.0,0.04065053612039207,0.03168325646519022,0.01635136003983018,0.0,0.03675654463332251,0.10594770191531389,0.24967542764064926,0.25578214133337956,0.019624650579696677,0.008777295407452368,0.0,0.04195456072724125,0.18925032033035466,0.05853445190072207,0.0009022971754224646,0.0466105374574008,0.007220722059288816,0.0,0.0008859412911885189,0.47568238406846564,0.07233395058141431
7.38376737528789,0.21015325502307558,0.3949513405788358,43.841495498354256,10.354577385751048,40.57751739906844,0.14283977049995303,0.030207134827840286,0.07047031611293819,0.02224536917200356,0.002071561491528713,0.09838176184172734,0.09513464901687352,0.06210098892200086,0.0,0.0,0.014644429600339307,0.024011264605928992,0.05802673168170938,0.2736463737978794,0.026874771160833935,0.13294111538596903,0.024982637723036584,0.03295557647810925,0.02714461706847856,0.03932473613266134,0.033891653905170877,0.17159796052861628,0.18343873445917847,0.024316872310239927
4.566597836007016,0.23605378621772322,0.3714262390431542,34.71536357859348,8.322634244861494,48.79419200109143,0.2036085692619146,0.0,0.052125114128904824,0.017656250759417586,0.045309376612916466,0.0,0.04950581459292163,0.031428842830088004,0.0,0.006048507129359115,0.13161111335553122,0.0,0.10744400314551292,0.17830197745128673,0.0,0.17996190813789872,0.09636066457652716,0.029765827836709186,0.05753540675175369,0.023972530408911532,0.06083733034875846,0.067071486238309,0.21743958624709475,0.06296534398258585
4.796829685896519,0.4905410413087604,0.2153959049029668,17.08735591166337,8.10287080541731,34.936737776638395,0.06541751597132262,0.11334112114723593,0.0,0.0,0.0,0.07252961648373395,0.07622069541198688,0.06795377369057912,0.013353927118045963,0.06497260720692141,0.11477370754882346,0.001919723755510268,0.012595767198080558,0.14198859558412955,0.0,0.2629883443564633,0.05990290551312062,0.0,0.09826860541302208,0.08187000832633468,0.0,0.1488836807824634,0.3959150698260242,0.0
2.651002847816612,0.45149017040170414,0.3610957957714931,41.26864673148361,8.641242966901126,47.43655424289976,0.3209928168166159,0.09809137937199752,0.0017942961064781777,0.0479720653319196,0.05866733704556321,0.006809127603348793,0.10581804061590111,0.0071255522597369475,0.09876767843349467,0.10728425484768349,0.054284123004308016,0.04243035752311458,0.10769150050198774,0.011076629046570252,0.04549244525524128,0.0,0.08395638472546993,0.0838526514168225,0.058637094919741416,0.04406122667439764,0.048409213904157936,0.09927998106083764,0.0021887667521235943,0.106639229063278
0.6760822547460359,0.49403192289141795,0.479706043046804,24.199856120901515,7.699159379888358,38.704933489150434,0.09625055721618771,0.08485909061352159,0.03147822637476552,0.05418797216373979,0.009855602151720072,0.07815596861960464,0.15146427082039698,0.0,0.038512967821656904,0.0,0.10370109369648581,0.011137810984334306,0.0007989092106207851,0.05444735550348062,0.06746507987575641,0.21306226892889565,0.05247824938808112,0.0,0.1105939257232193,0.057337891869087255,0.009733444395035318,0.14522727061909405,0.10828453022276874,0.06404345251714705
1.4503139426249203,0.49554543067597134,0.38844757892758197,20.91386385708502,7.907148266245849,43.67694713663171,-0.003150838146922047,0.165961091503595,0.0904853528737603,0.09792094872686562,0.047960742483392285,0.023278097444115266,0.13820680313001543,0.02745063462766323,0.043666395895800916,0.21552427339941702,0.2546879957891897,0.0,0.0,0.0,0.0,0.0007775891867518869,0.04001235783558461,0.011722600683982815,0.02803482084122805,0.0,0.016699195159081793,0.022708500746283604,0.2437526989943003,0.1458815409319796
7.8580851200674395,0.380441820478564,0.5386262550667753,45.231552383006246,9.547987143400956,38.43128561501922,0.2384434643616936,0.08465165971818356,0.0641838311175697,0.08291641381435326,0.0009441927905607349,0.006384704411041296,0.13643795454665492,0.04298088464684199,0.09401530626098432,0.14895009804964054,0.06536395402346559,0.03322013174030092,0.11537460615806079,0.0,0.02308367484929166,0.0,0.04463965797379098,0.05534542290102362,0.1109462759747106,0.013523295415759131,0.0,0.0,0.16066055958987857,0.08386055174557504
8.529520340574871,0.2963271752380294,0.6559628745074179,33.34918001524978,9.448620696364198,35.62541631565237,0.09872189927242268,0.2023209129952897,0.04874298571358715,0.006436383034097361,0.0,0.0,0.23363696988027946,0.04987493515877754,0.0,0.10906481485937874,0.13973246748376839,0.0,0.0022835969352864964,0.01162436458975373,0.0,0.15305592520556877,0.08312210311897511,0.02273992102650559,0.04020852027570208,0.0,0.0,0.0,0.3119958236744348,0.0
8.572956996695163,0.25899230948654295,0.23645073186288984,31.919420991772114,8.945043654558244,57.50137964353242,0.17674386021472643,0.08717958786587172,0.0,0.0,0.03520568619057592,0.031168892835748988,0.0209736732776242,0.023090137920508083,0.04985146456557259,0.045714421995451095,0.074208938735727,0.018673017507226334,0.05691896435844486,0.2032796899717203,0.04926397767063193,0.28459986220307276,0.08431210751060467,0.0,0.0,0.014385298956288374,0.0,0.043359522388919255,0.35340461215605123,0.0349120750054756
-0.4842070227661557,0.750901292506508,0.5381680312662482,29.22073188111791,6.201673065405602,52.750017316049,0.11172784303090338,0.140892324468473,0.0,0.08019441389207763,0.04217738464865295,0.15274872854961616,0.0,0.02083732238630627,0.0,0.18319414286773722,0.23412131320730373,0.02894003573235021,0.028076915365659743,0.0,0.029672675670690884,0.0,0.0018883522903313937,0.05209013702580853,0.08968243906600443,0.07684957191962534,0.04193377028766957,0.2715321256161157,0.16530630847868605,0.1223715983698789
0.7578381371552032,0.3793088678026406,0.28650574407935286,50.547571701195494,6.92671850968273,37.77028753665656,0.1344362287123995,0.04422802900879766,0.07448615662013311,0.04611365551727236,0.03253753087784542,0.0,0.09999081934593346,0.0,0.036006222992757936,0.0,0.09733936122421048,0.020481070938141766,0.07510665113428137,0.11233186009931896,0.030976054731071553,0.22045913558225577,0.0,0.062243604563133256,0.07567421662504578,0.10023650497736988,0.017550119207966976,0.10557999182311442,0.1207955993018833,0.07865103372252694
10.12251377059071,0.11942270974181604,0.27229143596812044,41.28157784863906,9.736362326861622,35.8021313126891,0.0032741225049922607,0.0025976173633753263,0.04727032689631391,0.01898314765818071,0.0,0.03300682038997429,0.045949102748614634,0.010061171520135054,0.012560314428526113,0.01019468406752333,0.0,0.0,0.008404320089919252,0.3804354065118443,0.004480502352713512,0.3961260831643658,0.0,0.0045902908325011725,0.048646294901067734,0.04984116297228284,0.030355886369196644,0.11320370712407249,0.41638202331778396,0.0
-1.0500983720145305,0.4379191806639886,0.4440448172158353,22.59596420264046,8.099126196879686,30.03904454105354,0.20312383121487157,0.009979973548804047,0.09275682403519667,0.0031425911476287427,0.0360319746338404,0.10317286504690773,0.1085055259741132,0.021167069487856207,0.0,0.015519133271978236,0.15568784281844975,0.020853982366114375,0.004169099154076376,0.038020984673285324,0.06533666282079613,0.04381274457907729,0.10046063668134031,0.03315758017136577,0.07939937955041892,0.04474127823690874,0.07860743963711767,0.22652162419676874,0.08049920594563742,0.03917449259515674
6.634184557507716,0.6775415906486433,0.4211132851991824,38.37192672706766,9.16738015827789,28.860283892699954,-0.031961695243362606,0.16032250337192322,0.0,0.031161349283267435,0.02981156284383468,0.02119413369575763,0.03608971714053092,0.030886446855832268,0.09576825972327496,0.18618342808904087,0.11750990994790278,0.010654477505140548,0.07991028870220185,0.10810450200904403,0.005696616182880445,0.013730246064468987,0.0,0.0,0.10576603544904639,0.15803656647698394,0.00828977326404841,0.18752041608269926,0.23080028740827482,0.06097289543540477
5.798983053019323,0.47042046577749963,0.6260420861902658,42.22042533194012,8.462687028460453,52.99641079322733,0.05281613508222992,0.06989589201697075,0.0,0.0,0.024358485017228197,0.03626467927549189,0.007472336418036643,0.00037361186958619584,0.16672540867842894,0.06263484145313525,0.12204822019448047,0.0,0.0,0.16270940221692076,0.00802271925017854,0.29651248447867773,0.0167810928676059,0.049761806958578875,0.041029664612865016,0.04645395585466269,0.006912336552038611,0.08963118021463197,0.35952101184590507,0.0
0.8171275938035452,0.3168840561174736,0.3541179540908951,48.14214920852931,8.212829055732136,56.53171771326558,0.2720359090725812,0.04611895724740819,0.054883260183358706,0.051701514867543416,0.053403134462509584,0.03741915021484087,0.0,0.1170428063005273,0.0,0.18575140456373132,0.19014760066948921,0.0,0.09232682128572613,0.1976393607330164,0.06155721925315194,0.0,0.04701886831352658,0.07113339315534473,0.0808465212179311,0.0,0.047366503684649675,0.010137867771333561,0.0748069754627054,0.10510463179321242
5.918989262062692,0.054506299896521226,0.3658322937790884,21.34827795362174,8.938507860183044,34.971333897106625,0.20359397672741128,0.08409489334681501,0.0,0.17918142732281384,0.013432008929289476,0.02922112720577345,0.018783354157425505,0.021742581075671202,0.0,0.15884221698154527,0.05335800588108692,0.0,0.07527900857939808,0.2862539646583072,0.002963575287807274,0.06734960455018174,0.04636906120049063,0.07898207189529814,0.012689927857914611,0.0,0.0,0.0,0.24793441928929374,0.19261362060845194
5.590945009638414,0.3809938828924572,0.3204127643816956,23.32205988915924,8.948250977291242,43.244915870226336,0.07207068223676716,0.12029410315916082,0.0035352624207829787,0.0,0.004033023657584478,0.05834663038983849,0.0,0.02186829694541232,0.16903093209549913,0.03314711076208651,0.03859084730183877,0.01931491502111198,0.008953465408474484,0.2536626994952375,0.015414642511056679,0.3257958560911865,0.02637743437288975,0.02132531288345628,0.007291128776079889,0.0,0.0,0.02647185558279143,0.38081117929097263,0.0
5.76188149053405,0.4166777254265568,0.5875068043777609,23.936575431450795,8.633856878592816,44.193739997774436,-0.028928633734450024,0.11978722443279696,0.0,0.0,0.0,0.09254106792434201,0.006036050379007674,0.007096259408737928,0.10523577318438687,0.0,0.008155953480924169,0.0,0.00916213761204673,0.2726886451564477,0.0,0.40982835664728745,0.0,0.0,0.057181182535231925,0.07712921370600254,0.0,0.15445911197797446,0.4029379131172841,0.0
2.147680581254817,0.34038780107723016,0.6156323554439338,20.752443416059904,8.340787079584821,23.320798738340756,0.11596695377234861,0.02777123510913862,0.058116297625686396,0.043974268602517935,0.0,0.03666296237066133,0.26277763711911173,0.0,0.06361394858895991,0.13235254197098978,0.12808660931596905,0.0,0.025096500395373877,0.03132374785179587,0.0,0.09285323863756234,0.04175389911538959,0.055531395326252404,0.010766653851869583,0.050959246226618495,0.028900205330290925,0.11652219272993518,0.17770226017694504,0.013725489479952467
1.3411028443393729,0.38790677720040484,0.6433781092817707,25.24649413414523,8.118844940237897,39.15704185409513,0.27004503699301163,0.11354740164003176,0.07442288960555182,0.09104052820959263,0.028711520213868427,0.012821888674663058,0.32255828788897456,0.01663305193807896,0.06464854945483237,0.07513705322910369,0.044771972133560795,0.029217723438150336,0.10720974629623532,0.0,0.07618047737970954,0.0,0.023152788714146458,0.06350173281551004,0.03296871675622062,0.07236158001373183,0.01756913516944212,0.10275247952204787,0.0,0.11975198345821245
-3.3374987321776546,0.4125075414009674,0.3832647824732804,40.46412083392654,6.795871799159896,29.432463057290366,0.14640889491986464,0.05228836154944625,0.0,0.018963729387773257,0.05537514210018284,0.08529753413650804,0.0,0.03187827863741355,0.16615276541158272,0.10734281321323116,0.010252979822151079,0.008586118480088526,0.024907478172448042,0.16958089072151458,0.0016134307760649544,0.10693919039370388,0.10483021140808457,0.01505764046565413,0.046549233552343444,0.00048215128641184227,0.04289829084582364,0.12867805063611942,0.24616043091566284,0.07433904633244384
2.9158830159826064,0.23217316380919123,0.6097449759553578,39.32435272229591,8.842391847272761,40.15648657673855,0.12330333052723588,0.08406452589848917,0.06616043108464728,0.05437054410433652,0.026025684236946903,0.019148533467968246,0.17044102252068347,0.0,0.09895947241377132,0.16097291983731535,0.023649357488285602,0.032278812250359605,0.04748369398527944,0.09706742619938231,0.0,0.08064859305490717,0.049212116012707384,0.045005907498293744,0.0,0.029431060712473547,0.016177682106712436,0.06475748322227945,0.23045778105601997,0.08039633361914342
0.9084080813400224,0.24910831967847702,0.482617244818783,39.5554565822745,7.612061721711699,39.1186449020586,0.24974162091098706,0.014633341189046863,0.0996553407145333,0.1133210692067373,0.02163469171222445,0.0,0.15472936757321992,0.0,0.03483979286068564,0.0469534153849709,0.1469471311379092,0.0,0.04824901985337693,0.048768370501686614,0.04180653938754639,0.02168396289112387,0.10203062651855592,0.05765540909190067,0.07200525008458097,0.0,0.025563324275413538,0.0,0.06304114677075368,0.13495590621409054
8.842951575048385,0.1392649965760589,0.27838764985373204,32.96480077099527,9.740151012133346,47.47627760869257,0.14657035408856378,0.05790182244243603,0.01941211049155298,0.05876041782950926,0.011396099983243223,0.0,0.07427741457536623,0.024514143620689877,0.037072379856947946,0.18988609961970154,0.0264063162792893,0.0,0.07244827700691538,0.15200384107207754,0.0,0.18391432542109065,0.0839098894996898,0.03230810898125493,0.0475802918272083,0.0,0.038301517435941915,0.0,0.39831473362354686,0.07015668982043194
11.326194110272183,0.3367457718519449,0.40589440339690164,37.95337713314181,10.208355166220642,48.43718528531434,0.19852120180411237,0.04535547312935004,0.08242320979770157,0.07017337023894463,0.015422311485124563,0.07076409491293625,0.10659850990599491,0.05802726699703731,0.0,0.3089302668590151,0.04046695553133694,0.021099488186995665,0.028445212050098475,0.0,0.008784439148700068,0.0,0.026621013715565543,0.13467089953708128,0.10525862583315337,0.10333032991927957,0.011720609018703702,0.18581530017207692,0.24993019090114588,0.0855959984083148
3.8583126247355404,0.4161249162638651,0.4063827854492511,34.42939586570991,8.403052563626915,40.799885242205136,0.16436875273581547,0.024814875488941443,0.0,0.0,0.0,0.0,0.08998999102157962,0.0,0.06723616888520557,0.147863733632042,0.12439263488465825,0.011127564391703766,0.01127796618299013,0.0,0.030871309226628098,0.27799764174021524,0.11134974356277362,0.010870032313419507,0.14007847779541535,0.027226745369381647,0.030766294088305918,0.04847527964714244,0.41118569481333,0.0
7.254519166946032,0.556338588300447,0.4274384266801649,28.305347174258287,9.966293133531458,39.752977050056764,0.1317080865145451,0.10505579625615946,0.0,0.0,0.0,0.05919496341238348,0.0,0.0,0.10624926872721266,0.2610383025227047,0.29179802251997633,0.0023440845880091203,0.018278549337922195,0.16359400861803394,0.01792577127677524,0.07026656990149512,0.04555093417932675,0.049952904326298675,0.061311369134766584,0.0,0.0,0.0,0.3182813355157762,0.0
8.37721073462771,0.5042921540063384,0.3138394310462087,40.964907173707644,9.61674892140388,22.713519079800825,0.0021454329493215685,0.08988677408656855,0.0,0.007197313325567053,0.0,0.0615246696040264,0.13400205336993784,0.018828255002878366,0.0860708794897127,0.16661986493267228,0.17223841634046289,0.0018281232248583091,0.0,0.03658011478183022,0.01579556737610881,0.18787713282366664,0.022079785343508372,0.0,0.05287225375382835,0.04339349193183912,0.0,0.10139617773157593,0.3733253132522366,0.0
10.620203614116896,0.18059508301595514,0.42717904226563636,29.661846953179666,10.354423844057902,34.75481035740341,0.15148743415444915,0.021342575202750146,0.0,0.03824674097953285,0.04990087247227288,0.03600848675255965,0.23408256177360506,0.027448881170810124,0.02230218422858727,0.20523794632778147,0.025607841777056155,0.0,0.0,0.09762310031582473,0.05934228638742059,0.03444662206947616,0.10191779129098637,0.008005679043343782,0.11294323855344568,0.0,0.05972852605078949,0.02454858846539759,0.2671333663104129,0.08814754467251398
7.2399084163077845,0.4081440208153402,0.27634759723318714,22.812358477826585,9.410226428547213,51.022052055108915,0.07545674662830378,0.07075149255846465,0.0,0.0,0.015103592256407814,0.059115531574136224,0.14447632087805715,0.010466067184991096,0.16990273937712855,0.18293578160305796,0.0,0.0,0.0,0.06176457659708301,0.006231783616665952,0.20004800060282957,0.09440094258808149,0.0,0.04375637220449684,0.106812587146347,0.008118381397280237,0.1740465401107293,0.39344966013908517,0.0
-5.941480270339411,0.6196076573915476,0.36731861001370614,27.46783890813802,4.803387195340295,58.88709607896761,0.07929986835277278,0.0889703096098167,0.05597476024043249,0.0,0.03775337937888015,0.0861768378775735,0.11520768571757452,0.05514877206203472,0.12005041576610868,0.012039937773492118,0.14018958878165777,0.0,0.0,0.025320877543110396,0.00464301617799941,0.018565786777579613,0.05720194904456542,0.020683088150599653,0.09302046412488879,0.05165247379533598,0.042343366225099176,0.1801726270386632,0.08575467908997766,0.01883466730437417
8.576487149696195,0.3159858429992899,0.5408738354642475,32.44566084934906,9.4148519127549,41.57189597361479,0.12697642200022358,0.0428263383746387,0.0,0.0,0.01886389700723407,0.01964387560446721,0.0,0.0,0.10652268509091589,0.28893085871929897,0.07527785681637848,0.034536533532689366,0.05216963577429912,0.22710871143551703,0.0,0.2121346843802634,0.04267834090516444,0.03420325977874279,0.0,0.03871271153732499,0.0028393787760470236,0.06119585395754454,0.49109132472587336,0.006251878636434699
8.143994895260342,0.16391943780888993,0.4048273074752482,26.89350890434693,9.025298718256687,30.32372707048941,-0.04751300751232008,0.1184656865225042,0.0,0.01699124899535226,0.03115986197128394,0.0,0.07607472083977582,0.023080929677112515,0.022184819832268284,0.05197600519543762,0.0013254653446335557,0.0234783591346052,0.0,0.3753764183439663,0.0,0.39194015253445014,0.0,0.0,0.0,0.04535225020801969,0.001751954467128166,0.0065820399548761205,0.4669967386182341,0.048150905632757146
1.6379915938454217,0.2583090094375833,0.33211126025975357,41.62475454709151,8.307910790524863,46.19400805686291,0.2252403809927676,0.0,0.10859079904622354,0.010718030306692317,0.026339570885000337,0.027050038043094284,0.09534393690024019,0.0,0.0033003755444896837,0.0,0.12044241961958056,0.050420146704698104,0.03860233055404429,0.11880828751886649,0.017542898324068506,0.2786872024504715,0.10243728763085662,0.0666573279145843,0.0007637122813016345,0.09944115725859558,0.012713381651964797,0.13920424773266676,0.15665065782641308,0.037057896076838695
12.432287473538977,0.3576835602065258,0.4361071261557242,32.98386003821714,9.82957371629831,44.874579555918544,0.22759375259497922,0.0,0.12191407672131341,0.0,0.05621411506199337,0.05809431226080898,0.0,0.0,0.14118439385838255,0.13379058588512732,0.1230115153758309,0.037604062250488735,0.0,0.11155287765915096,0.022259178497203498,0.14942967838757729,0.1836660257829701,0.021699362598340353,0.0,0.06889839887602689,0.081909706734515,0.20890218932205007,0.2639082157581292,0.0
6.468373027567753,0.2761179225680588,0.29241575873568787,38.37325685866434,8.607027693738443,64.85149867831834,0.16082308287436442,0.09654174587093722,0.06914335589073295,0.0,0.03788798338136843,0.0,0.20528098802497724,0.048578867786775976,0.06378655602535162,0.06028731306114247,0.08741740845014999,0.0,0.020076421686136364,0.12136200964676584,0.02060050998152976,0.06117619233006871,0.11538794708790583,0.004758403935347846,0.065025687688276,0.0,0.021417137411768133,0.0,0.1700421683085025,0.0
3.688900639515689,0.3238388397244737,0.5043034280521573,39.56128196430308,9.55984640279274,29.293394205655474,0.05260549684581156,0.039986216518366216,0.06890425537099029,0.07274840499306309,0.017221740716529627,0.0,0.1180984593574591,0.0,0.028253165919421078,0.03332746097900298,0.18774590529833898,0.01590932395580128,0.018300276340466763,0.14490976792242233,0.027476812265426174,0.17707433451400123,0.0,0.007525664577391601,0.09993287669964782,0.0,0.03061920290336416,0.0,0.2016735891875644,0.08996992221109751
3.640340638283566,0.5454179255263698,0.3583137372601136,38.002619457378216,8.241851154256235,54.545541577430924,0.038951150096644405,0.07887658339547651,0.03384908111005802,0.0,0.03013378178586844,0.12673365378896453,0.09574466565909844,0.0,0.0,0.32702300733430817,0.16934097149077867,0.0,0.0,0.0,0.01594343794622899,0.04635663195448385,0.04756596287080753,0.0,0.13008304589939734,0.039664110272359485,0.021461155636153584,0.18785883239692003,0.3390459849731524,0.0
2.724361726739059,0.4034992529339583,0.5022734512295401,20.646424377181418,6.886775501028344,56.97716134861146,0.19364110344709445,0.1547159079960738,0.01202061624541919,0.05738228520882306,0.051067917657158,0.05492178808343656,0.23702828852777041,0.03574827961443468,0.0,0.088424706577306,0.12050014187618907,0.0,0.008623573469407866,0.0,0.08437129891294766,0.022147992572694813,0.057244224887305364,0.043402136458860846,0.12379949274721752,0.0,0.0,0.013625691121012584,0.14632102495578808,0.10844986297513973
2.0283284215950843,0.48166875269463,0.45236796303412324,35.017006208800325,7.9052666312047934,39.87675660694806,0.10749218504549946,0.06098927737771065,0.022862353684927825,0.0,0.009891261395255828,0.14726268302124412,0.08417688063504845,0.0,0.10469983984720159,0.22925618698585526,0.15984648847196975,0.0,0.07333829847824094,0.09226197838064856,0.0,0.021658817018816584,0.019949815398087194,0.02980321852745535,0.0018009448627552202,0.0845226979510939,0.0,0.18487443798156633,0.22698562164806102,0.0
-5.11802767666721,0.6411497704422335,0.40066483508572287,36.303181687815524,5.481644556177564,59.899394393114804,0.21283529754414204,0.17018336374715046,0.13291878724068754,0.07043767899919683,0.05495130289783587,0.13439924563876063,0.07818338603026126,0.0,0.0498749761940295,0.2640951032659687,0.13720259331688137,0.009418333496197714,0.0006378411620374599,0.0,0.05022279857559665,0.0,0.10132399512902025,0.06065097582482194,0.1611197447895539,0.0,0.007924747259968713,0.11335019161869453,0.005903064471387387,0.1253891304975036
-2.1799414507704116,0.19165950968975948,0.24513609767873923,41.02338387512497,6.3524276499103625,35.523086151148576,0.08733416616436912,0.0648829276308885,0.12152115875778458,0.06589900712183888,0.08031475829935425,0.0,0.14881583086342415,0.017092990216060113,0.06625565535396107,0.0,0.0,0.011568369145563723,0.08799309367669111,0.20694626576014624,0.04926728040430609,0.10332098310160148,0.0,0.0,0.08510921255098541,0.0,0.045411983148341384,0.0,0.09750916482986122,0.1462138586385297
7.875312560662762,0.1277135104504482,0.39169219522179965,37.87159087607387,9.087746529754488,42.417322605554396,0.03379219258487545,0.0,0.05242734096935897,0.011231171581567249,0.03139317570592194,0.10335388634796319,0.06808027442975709,0.05004528441578866,0.01576989428075983,0.07386672283356818,0.032245923753812515,0.0,0.013626233907555622,0.3256798163907915,0.03206203573680659,0.2257708065220973,0.01916008091663476,0.0,0.0,0.0,0.04020658095954733,0.1435207702457066,0.3496825746931438,0.04262435182360495
10.992034777237553,0.28991329820227796,0.3744032776625713,30.96386829783186,10.76600807914575,43.511337059232794,0.021369126484161574,0.013212807783527604,0.08477357271890147,0.0,0.0,0.1230533967001145,0.07164906837659614,0.054105765860459704,0.0,0.0,0.03660590079903547,0.01324099398083079,0.03018505594038783,0.22702168539083722,0.025517309836674443,0.38313516368102507,0.018476792796868112,0.0,0.03458373049150937,0.06403811001719684,0.012965882463942334,0.2000574313961449,0.3794508383517653,0.0
7.229186604144184,0.2912229256116587,0.3981365339674147,34.27262622764071,8.755233573497781,37.188707428386984,0.13359571034517106,0.0,0.01024538602527069,0.08539133693009388,0.004417192783219925,0.01687058861913408,0.03568798736909159,0.023930658535829277,0.09515794865048938,0.2789217970189888,0.1601192815811644,0.0,0.011270811611306403,0.03671247586877799,0.04133421715534781,0.09987454594140874,0.021068901624979135,0.05992152457756014,0.0,0.051294817892344954,0.04238227453346147,0.11054764877889688,0.4027268587129136,0.08980846811526542
7.684407421214048,0.4893556408685108,0.49550052933253785,36.91598963094885,9.099353552969966,50.17063333987936,0.11959826419661032,0.032827979754084385,0.08885746940320105,0.0,0.04922459462348404,0.12481360136078337,0.0,0.0208667322239171,0.04971703954039581,0.11959527178950496,0.13638777647455935,0.016586948919430227,0.039946934610771014,0.028854472311067428,0.02528705522090918,0.2872332000416478,0.03998762958970669,0.014376384314230006,0.05564571291663355,0.08107484616971933,0.0,0.19818986472281652,0.4276954529974919,0.0
5.500227358279356,0.07376529669469617,0.529090783517538,34.22125898588844,9.098582680486446,19.346299124934337,0.13771029879559016,0.0,0.10208403287253404,0.05180182617309326,0.03713439027216053,0.012700502427698771,0.07559255778962545,0.08094971396067337,0.17389105277915334,0.08004699261391073,0.01507272284472301,0.014980787373929449,0.03308234956333195,0.1363040261105283,0.029278349993355286,0.2246109102164482,0.0,0.08155649094483153,0.0,0.0,0.0,0.0,0.3856076130983328,0.08893640196956432
9.71502714146627,0.29905603562984817,0.3352850075522317,27.674181537791043,9.882718612190418,41.2189073715661,0.17340388400429363,0.08007742419335243,0.028402241098602166,0.05416238768008522,0.06002893033974693,0.005322554448688871,0.15315045185753293,0.014033662239390541,0.028814441649449116,0.125108639432467,0.09453561203967217,0.03555323656095306,0.0727704723963957,0.07152231050029531,0.0,0.02113114979135608,0.084561647209063,0.021286203337551414,0.07711605766346316,0.0,0.04106694843507869,0.0,0.1602734046711691,0.11419136813049538
5.252195170311378,0.3836351634445381,0.36229423194178134,44.69594395510038,8.418681870710985,42.808136608782974,-0.0006305410183980731,0.06457591152374839,0.0,0.0,0.026508608846227754,0.04042447681487475,0.0,0.0,0.06754481264316892,0.03209978973807745,0.13000220607577526,0.03544998906285034,0.012855868396090984,0.35239149342453,0.0,0.2816055243904206,0.0,0.05473339939068515,0.0,0.01616413627526178,0.043616560351660616,0.1002052452613443,0.2877147405020012,0.01614301143923394
5.7900485121252165,0.34265358027629417,0.3090915686818202,49.91783392626286,9.442185787255926,27.06449022220103,0.2934398168959508,0.0755653688879823,0.0679570419991936,0.017811714692127383,0.01601004339569732,0.05153951600134735,0.26612292772643587,0.08852648293723923,0.0,0.049010068885191826,0.03623950427187554,0.004049044394163287,0.015214756575399882,0.0,0.06132640425877782,0.0,0.12233128581186223,0.09456747120076923,0.030440257059308775,0.15869434518449166,0.0575506767704982,0.2677844574708122,0.05339044100255158,0.033822018056613695
2.496853130266256,0.7403636283179222,0.4567057122273495,33.13065744501299,8.08761375931557,40.652366963755014,0.15171024516779688,0.16737614801077574,0.005582875988711648,0.08224386424978522,0.0,0.14414899011870322,0.34601409106410586,0.0,0.07870066037117951,0.3494847107151344,0.2119143275651167,0.0,0.0,0.0,0.029775255441257645,0.0,0.10280689890151724,0.06052692267651971,0.12205239398368939,0.05890323203078736,0.0,0.18141569701992158,0.05324629813717652,0.0721594112238421
5.088339753721677,0.3562597863340781,0.37846964705929703,41.43463756436225,8.959899172363375,40.86058929850878,0.09551086775421032,0.0,0.1132595438570051,0.03392626888634691,0.02363135164367514,0.044794577079786776,0.17755608485579089,0.03344163556370479,0.09570047964546358,0.08090690928292202,0.07897385317262426,0.009628003129690432,0.023930711450570272,0.0,0.0612306680417017,0.1500457513009448,0.025288643435698813,0.0,0.08001109936364129,0.11089488262297913,0.0344652465257768,0.19015501552761715,0.26439434892118796,0.0575572342846939
4.104052170959071,0.4325086527426063,0.5100864489085367,33.69753619098473,8.660366170605398,42.04002021026933,0.22008132520636328,0.05767436513591276,0.0,0.020329967081961026,0.02681628121726507,0.06867739214659947,0.07575063513660334,0.0,0.03581117336174007,0.25117320062607507,0.16808632704336496,0.031548140376768924,0.06839854455072886,0.023315191003557,0.020447117963081473,0.0,0.03426164473962041,0.09697403255007163,0.03776887611877941,0.0,0.04319378700597466,0.10162021490897058,0.21820436622260952,0.04714616896567299
5.589355910692111,0.11343406802409295,0.5009361669150776,42.94529918464494,8.542823075128014,43.54869816138535,0.1088314127835913,0.0,0.11364049782019167,0.035829464173162365,0.0386456444897868,0.05821301869896314,0.0805399639419246,0.056749464843403374,0.07664865890182491,0.08922825229102072,0.0,0.015600674539984684,0.04996221649651704,0.12743756613484916,0.0,0.23566373601121945,0.06884068283777355,0.021040313587499023,0.02243821960757909,0.04740688066999369,0.0,0.07355253058538559,0.38164123573236275,0.07447531170492139
5.901038576578159,0.41834986759838627,0.48492288509125514,37.40476891212023,8.347955038585445,25.1508355742471,0.0398968400336573,0.1061958426254038,0.05685251364053577,0.03847086044507707,0.037360423349668034,0.029301881253113088,0.0,0.017959591172356685,0.13221812270817784,0.035310417601292915,0.0,0.0,0.0,0.21478669401102646,0.04865416986735968,0.26235578757696876,0.0,0.014279551151224595,0.08432274383401328,0.07278026418605649,0.07129787440911915,0.1733801377588497,0.31562525710779094,0.07583130607975723
6.072028952433451,0.1134989636951022,0.40234589615204824,20.020978416326514,8.731282304116043,34.85661030637462,0.07048134196156988,0.03514211686874273,0.010263098585732277,0.004610822986311901,0.07186873355314602,0.0,0.15033188198738962,0.01368628248926454,0.030018397596771388,0.1425550053109005,0.044209231825131326,0.02983272134485249,0.03950272619659242,0.18302151492136207,0.0,0.23968223589804213,0.08839912291514551,0.004200677257238852,0.0,0.0,0.04989285592753888,0.0,0.39592358286755147,0.07647944976577933
4.12865891018625,0.4823389819762267,0.46283085753047326,35.862363265684955,8.159389473060745,53.08593806007742,0.20954819994431606,0.08803564598189662,0.015305399274947572,0.0,0.019986428530817512,0.019941610329717002,0.020598948359363697,0.0,0.03098031865564676,0.2964754163217762,0.16778701624394265,0.01507371427365491,0.058670653375695096,0.0,0.058168557789722325,0.029512629506176433,0.10358922116215048,0.0,0.1277547279243501,0.057643658020338766,0.0,0.0527076868046677,0.2918058954722873,0.017850737517923206
3.230169555627476,0.4597337897270473,0.41303767539159697,42.837613207215696,7.70390799297013,70.61136423657653,0.1082480880143432,0.06984810993490731,0.018526228482159977,0.04567302188965991,0.05641399492658527,0.0,0.034116109500964914,0.0,0.08643677211849958,0.19129577993202979,0.24665459670203793,0.0,0.0,0.03390665238664138,0.0,0.0913892727930066,0.0856272133974343,0.025636566867380594,0.1277148797447969,0.0,0.0,0.0,0.2433822964219386,0.10208691866037631
1.2023872582281285,0.2780326965235302,0.3092340301204109,36.61219883467817,7.1865517688274725,46.97491349202894,0.1043046147463216,0.0,0.15287619748258166,0.0,0.0,0.10179284148176726,0.004153343282365829,0.033258613255296714,0.0656961121323124,0.10482598156563508,0.09003945844575292,0.00018216048333040934,0.1198816011875613,0.2918898494553255,0.0,0.05154790804710681,0.05416133068959791,0.00762385902382625,0.08331240974080747,0.0,0.04393737964635176,0.1253990225377546,0.18963273290419802,0.0
7.845569813519951,0.39754019091626414,0.37555254346010347,26.129665093918426,9.177602858413804,54.23575390740076,0.16069931179784566,0.1400193429475623,0.0,0.09484109622524137,0.021804814121182847,0.03809659076077693,0.03322184241153065,0.035907903082459156,0.13671870905991604,0.19835758310590085,0.1116472342329868,0.0,0.045017044786157145,0.0,0.112539984771916,0.20271457573027654,0.0,0.013260404136249728,0.006611502581016095,0.0,0.0,0.013003857584474518,0.4369800407289674,0.11664601065030744
0.8603022772254167,0.41577335102849267,0.3048674726722055,38.27098470198021,6.468172742755575,48.806747751235676,-0.039644085304916934,0.004380645883945301,0.11127060881319012,0.0032721540096040877,0.0,0.033983735170152025,0.07903174756540957,0.0,0.13243949380503295,0.051746153633503204,0.04725785551747727,0.008207567670618244,0.0,0.23708423847412713,0.0,0.20362526086263003,0.007220787681115587,0.0,0.09694358914757706,0.03696881174748784,0.055591308817324346,0.12654405274980016,0.20674453224017186,0.0
3.774369188887877,0.46830274977845626,0.49187305689697436,31.109677567232534,7.878365367367322,58.191061430190494,0.16172981151289756,0.12588113097619663,0.17804614601259275,0.0,0.0455794076029016,0.0,0.0584957541066394,0.0,0.07783104191381994,0.08788728757684205,0.02500106104038087,0.0027154922436070173,0.03281829465768667,0.0,0.03177885822173173,0.1491400894387285,0.019224897301957398,0.07790755913853052,0.1082563892744288,0.09060122864958983,0.05657989145967029,0.12861728949439463,0.2105594168435582,0.022238333810016914
3.186533931435799,0.3134999303844938,0.34174801008633676,48.321758555041114,7.966604853407261,58.50259374622464,0.17852113907829012,0.04352832795185578,0.04492957135219575,0.0398451402955451,0.065688886490937,0.03751835682353057,0.29523607447191424,0.03704338954218951,0.07025459701674493,0.24430387070157766,0.08024711941566778,0.0,0.0,0.0,0.0478307461093396,0.0,0.050174911564455756,0.08661465802997613,0.0003028624804733149,0.05272220565327304,0.03221640144646705,0.12245722637117631,0.18615239231712666,0.10553413349385413
4.431651000606937,0.27088838752113925,0.4444700748878048,28.295836829772707,9.92262219271967,40.46414800465464,0.052905914786740685,0.037792400538500304,0.06171272325623913,0.02557140954630873,0.02869231262518575,0.016101678626662754,0.13238295406802253,0.003358845561883322,0.1043275558531074,0.025506904621943063,0.0,0.008780819053489689,1.652290432458889e-05,0.16525312731896905,0.028709645171994612,0.23372731983640765,0.0,0.06320404573909888,0.0,0.08496697041941906,0.07331643531657288,0.17438527195452078,0.26259320836801514,0.05426401621000968
9.880143924673892,0.2680308188522773,0.3044605490545393,15.698067305562574,10.142981644804047,22.656381768808437,0.04164275471668892,0.0015386944024130544,0.0,0.0,0.04925815269064676,0.06822228421809791,0.17654698196600477,0.04481018009856668,0.14721399827949952,0.13337643369169805,0.0,0.00806613426737271,0.0,0.17668117797344537,0.0,0.19358729622487245,0.0751975324510945,0.0043672598292071214,0.022138835713594564,0.021367685146598415,0.001453552051093536,0.09104371344691772,0.3717739129837214,0.0
1.3795594286502908,0.27750463848524093,0.23481690891279935,33.54800325583751,7.519627464622689,56.35572535783184,0.16454994344660037,0.0061861789604806955,0.1635632915144032,0.03800098422785812,0.030818099479085342,0.0033161847047814552,0.26912662194062364,0.0,0.01962255603515991,0.07435195226454207,0.11770958628033641,0.03705995438637501,0.01390804221580891,0.0,0.03682921995904992,0.04793880730543114,0.1179445622060912,0.0,0.12517320232210197,0.0,0.0,0.0,0.11277726312401518,0.0688193486119621
3.995865933754404,0.5670451787619575,0.5627803053862037,42.076254667945946,8.508513664717873,29.64220282510964,0.07143736567375464,0.13506152682990077,0.0,0.06432005230522245,0.0,0.0,0.0,0.02314841120797426,0.11833972874214002,0.18646784887895995,0.0997469483743956,0.0,0.05606890451416282,0.05354451717545406,0.04500239171077913,0.11273455140113026,0.0,0.0067687606305924936,0.16212914329504421,0.052243932400905524,0.004602443941781923,0.05252772643465721,0.3223507102229131,0.06251238254384932
11.896275640197896,0.1746472105024483,0.47337914134347747,15.698067305562574,9.973368026627265,24.3473060615643,0.013082270210011335,0.04148331628615122,0.0,0.047483854630764946,0.007787825834336629,0.006254474672455032,0.0,0.052416867153615654,0.10890765073385675,0.12338817239114326,0.07842624209989191,0.0,0.01339830269430038,0.191285576363921,0.021367868970729093,0.4033184110761663,0.0,0.0,0.0,0.05558053203508318,0.0,0.056555626039312634,0.5791232530423904,0.055271685966928594
11.993961315392013,0.2414204924669669,0.27158072049274706,34.67773892411563,11.054900355563937,37.96453388100517,0.09251492488991542,0.048227382715906306,0.04102944677866001,0.03418129721112828,0.0,0.0,0.197439519713967,0.0,0.026491097509103986,0.2106368257419946,0.08373628739452853,0.008276285926003095,0.032577010657328494,0.030418229783062398,0.0,0.18169482773111043,0.06725215708285491,0.003907260034855493,0.06570461902451272,0.004133533308605181,0.03779809019220651,0.008985351194440286,0.3801697094800699,0.01700753699058831
-2.6307809906864064,0.5621934328114268,0.4642412676021738,39.68632737188875,6.060691255148569,38.18758634372163,0.09986822981212057,0.13728537707389893,0.033829119309864764,0.06584919995440246,0.002325035252296409,0.10169809169956645,0.0,0.0,0.13053085476414408,0.1613771532392898,0.20419386450974364,0.0,0.06371573749734126,0.07931025548510394,0.026636760646894162,0.047776701811393124,0.03522500766187804,0.0,0.0,0.010021866888371115,0.0,0.11077981915961077,0.20534787919504843,0.06817410129490264
9.130992993477275,0.26116951361608026,0.47541575388667956,34.66380493712352,9.45229206727014,40.298114533341646,0.12758919400179536,0.07339079903241452,0.0,0.005769172051512015,0.0060520753738899195,0.0,0.1305745468569745,0.032428180988912265,0.043619888604354104,0.20132394127729486,0.17806394316526833,0.0,0.07557851773542665,0.18483732126763697,0.047020009749985006,0.08586990805482128,0.013778956757108156,0.0,0.0,0.018286759580035387,0.03563606218673554,0.019374340138040236,0.3196220875825687,0.011821085484681058
8.45797327828128,0.30919520394846295,0.29997766345706467,34.11954549887662,10.022887814024132,70.61136423657653,0.1900317875426042,0.11164009330688517,0.0,0.014482531580633264,0.023920459440810567,0.020887591058863827,0.11634269423164155,0.032914912940405466,0.03671797421789069,0.07151500710914735,0.13303373558103435,0.01229878190132636,0.03470898956398727,0.19530088624109865,0.11697944658097563,0.08076465850075465,0.0,0.0895159691936592,0.03716230845608445,0.0,0.03858839252924599,0.0,0.18519461419602157,0.038403620884451754
2.419553843434312,0.333764077047903,0.15492494810255178,20.26346051294111,7.264913444502217,48.22067694517639,0.017002706377815147,0.10498228040853758,0.004673669280574496,0.05198442876482692,0.015012489696775889,0.12434672328364008,0.010201510900343186,0.03074177321055467,0.06287642553784326,0.21853355637839747,0.07084364422087519,0.0,0.057665849073481476,0.2639845091697487,0.0,0.05410093172917431,0.017236702748695584,0.0,0.0,0.024211279181141465,0.0,0.12648749383117938,0.30337616863482936,0.06699711451907986
9.028271998231979,0.39567784706947945,0.4976530133879226,15.698067305562574,9.635491521463166,38.03174137313745,-0.002192643865734839,0.07078234181085803,0.0,0.025914686673697354,0.0,0.09429627349021757,0.1725031989758758,0.0,0.05720265888757614,0.08702525924518317,0.14176786855751916,0.02552715718369403,0.0,0.20219463411255964,0.023835205608089414,0.2269286291459056,0.0,0.0,0.04826271769863328,0.0,0.00931976840848481,0.052135571620426036,0.2803570833452663,0.0
10.811482557984842,0.4711503860988625,0.49736362994059036,38.11849595074359,9.821980606703875,48.75457155701236,-0.030087756756260645,0.057716635160985665,0.0,0.0,0.031685464676136525,0.08782461131975375,0.10055473665194277,0.0,0.12122074099579938,0.13451324467847053,0.1539215215624679,0.0,0.0,0.14178406758422596,0.025486085399017172,0.2349401983161672,0.0,0.0,0.04548191806007159,0.0767435088806124,0.0,0.11537744588875573,0.3677681306580459,0.00015832589546072723
6.774466868667933,0.5694325339853525,0.49203614992993244,46.22902336527395,8.000905565196412,41.56418535747431,0.1575998991654609,0.20771652262562784,0.0,0.05148681716906382,0.02981298722992725,0.0,0.17468930068015204,0.02007278668116846,0.07756350687757808,0.1750607643166739,0.029496348069202545,0.06238809441277314,0.06458574245001614,0.0,0.009674699454046136,0.06500391345958463,0.011287263485305146,0.07205212500027432,0.11357968683293126,0.09432745184717338,0.0,0.0786885378855541,0.2601373034988077,0.08129975303399603
8.470927730828103,0.11361872009071794,0.1991886689330763,46.25167873316701,9.736860274764878,56.776829170235374,0.11305133395615594,0.007004085288363819,0.0,0.006075500610661188,0.0082524437836968,0.0,0.12069031710669545,0.0,0.027073891899296695,0.0,0.0,0.022002734160688348,0.0,0.2988898800208187,0.0,0.43064780117309465,0.092806332777049,0.030066317515554584,0.0,0.07142268584778522,0.011225610071373543,0.05886917438645727,0.40161340928249667,0.014327969847383791
-1.3023325415966092,0.34025287841692653,0.41786844007431245,26.947657893210277,7.29679011595975,57.52118942597011,0.19609836112250784,0.012329115437967698,0.13519230667306112,0.0,0.039282672121130915,0.01673778767106817,0.015183934484589295,0.007538280751030985,0.12569636672553752,0.13519904414372885,0.10150971120819041,0.03051100796811797,0.07568224486146982,0.06584724531954121,0.056937314953391244,0.09658143928485767,0.05420328730745072,0.009275776320324777,0.04818051314053019,0.0,0.03416920794275838,0.02202612901165825,0.23931859511317155,0.008106782936649508
4.748958299079366,0.2122106394679015,0.5913945750916282,34.692110496580014,8.41043349872677,20.486503669114555,0.14261360747800114,0.0,0.027059745083383435,0.015903857884215618,0.007783134698133404,0.08077730761857073,0.0,0.03753453776039957,0.048289485890061115,0.06908375407625184,0.010519523124899774,0.013825057034389403,0.0510095152734127,0.2436620024729198,0.015446691154403665,0.2881167689276496,0.029822290097319206,0.04633506603003615,0.01831479857145544,0.01958891586501633,0.02669901924166484,0.1270654626264866,0.3947348232413989,0.023687174426136135
8.279187824118717,0.2532741885755465,0.42890892227241595,35.69259156760492,8.613293323974357,34.40783029625314,0.07658112999638765,0.0,0.08385981800191727,0.0,0.04064414607804122,0.041891934806197864,0.0,0.0,0.10375922307827648,0.08563686876118769,0.04697299301002875,0.03742760924022537,0.01883705044991487,0.2780523493562577,0.007316540392607443,0.4469579452835367,0.0,0.07560618740454779,0.0,0.10885857079672835,0.0,0.13128942974853103,0.5009261259221891,0.0
10.19466201069522,0.3142502525624985,0.3644402082066605,48.57321659751671,9.691362872192943,38.10699594751622,0.07852142162141947,0.0,0.03305663386121638,0.0,0.0,0.04601184423998632,0.02919419033026075,0.017803367284295102,0.06442437132180782,0.20046743240238057,0.15509826623066333,0.016688933717596843,0.0,0.18371534206081366,0.037503388373518916,0.22680877061305932,0.015289771683402714,0.04024775939081224,0.02961927864894517,0.0,0.04747137198367151,0.08828183441456985,0.4450795505787088,0.0
-0.5077898476765279,0.5283370831196639,0.2973139732822101,28.375878213654538,5.972797489942975,34.753541545993954,0.06888302056181539,0.11762983050692885,0.03759483794004504,0.009760596880909163,0.0,0.10284156905361083,0.0,0.03248652795487804,0.17262918637731797,0.10243909856300669,0.08042008121194423,0.0,0.022599322108882023,0.12726885146755262,0.03313329769539767,0.2088540360756404,0.026455439001041713,0.0,0.012465869326913542,0.060005124617658424,0.0,0.14733741961107794,0.3437797063148124,0.0
7.857584905629332,0.3204539588298699,0.5297591243076285,36.685815109334456,8.865652634581037,70.61136423657653,0.17312091953614345,0.05532902110382839,0.0,0.0,0.025643868221065205,0.0,0.0,0.023018205855480135,0.07724490284027123,0.0518385756723879,0.041235350789420665,0.00027292261893636406,0.03370064058780466,0.23596392331817012,0.018254901437628326,0.276557836589924,0.015427256859703368,0.10573784735343227,0.0627467142383454,0.0556766607838856,0.04338293153710875,0.08362494384100778,0.3514145390432827,0.0
2.79997125933609,0.3333513393941968,0.49286582134940565,24.825080180145026,6.958972348834786,53.65890985154993,0.019026952891603707,0.0,0.0,0.006213545880738018,0.0,0.027478775107269565,0.21676271433598182,0.006019535090099847,0.035500927234129,0.14514040315927518,0.2114901285698525,0.013698655535272027,0.021619451619495255,0.19302786024825636,0.006107230695839495,0.21447610706546166,0.0,0.037815721031155575,0.07397199425743517,0.0,0.019786514339536845,0.0419166739711225,0.3656363229722803,0.0008986515776263429
5.560356475777544,0.23235802869306588,0.3906955714685436,24.371386034941146,8.357966567180545,32.843278071143814,0.0733534440336274,0.0,0.08111082254013378,0.0035706607746624243,0.02663238235708052,0.08054093978310486,0.1271259619253749,0.028789412815530893,0.0,0.044791273956691136,0.08152763556384028,0.0,0.0,0.1949881097210685,0.0,0.18727994450993543,0.04888200578593819,0.057323259808686605,0.10523468396617289,0.0,0.05065762255893178,0.1118589959083166,0.26086048306040593,0.030203158828628764
9.080451861158608,0.08649127134404,0.2575840491138346,26.622832996810942,10.242188417781742,47.67478010465826,0.13577333409711922,0.0724017205936948,0.0,0.06736249722604638,0.0,0.0,0.2807456360058501,0.05632611959287165,0.0,0.0,0.07154483127260379,0.019862131955508233,0.03313911552955377,0.18646841642229947,0.027502068021909992,0.24383259514666306,0.07606058195897562,0.0,0.06438854347221479,0.0,0.0,0.0,0.2794288595803065,0.04357571222270127
0.1869806325398118,0.18241290836162066,0.6044493703151347,25.562962255583024,8.536113406069143,34.72085133420701,0.1283252579060262,0.013492698242183299,0.005330817299615459,0.050066311665315444,0.0289373797282757,0.0,0.0,0.0,0.06438776633284626,0.0,0.04084800395535673,0.00794979194134498,0.03660417070521702,0.30282311980393856,0.02468766151330175,0.3769161127074183,0.042717709433487905,0.024315999047803852,0.05443770870540365,0.0,0.04130798093004627,0.001296604220769701,0.33378542925652954,0.07900345613534215
9.50372778015898,0.054239650233537495,0.35809940497656934,38.93495544625247,9.855108567033106,68.91361369880114,0.11648576444889817,0.0,0.03102598768137945,0.020084914671944717,0.03311173646968936,0.045363891971901,0.07295539157214509,0.06548027667030239,0.026856792515553833,0.0005802959737743751,0.0,0.034794874656987274,0.036518811709575556,0.2972374099115676,0.03236818615012922,0.3087989284792529,0.020995160548712782,0.026603822750115858,0.0,0.0070837851856420005,0.05198925534055391,0.10443694693373581,0.3748595395283695,0.05319671313074037
10.733762550100977,0.26433490120520464,0.38340677229864417,45.97907657625497,10.36260853664567,26.73154423801835,0.14937136170063536,0.025949049409887327,0.13809536174752504,0.0,0.012709774630049239,0.0,0.17668621572543589,0.018972546631946308,0.0735654049228136,0.0,0.12619461006101923,0.011077246133586408,0.02827082418914193,0.07428856203805498,0.0058020245233296654,0.22652346708040033,0.10167242997731446,0.013626059849546344,0.032271539914694045,0.06709109804372178,0.013898521878180536,0.0,0.2062900502668717,0.0
9.071517953784607,0.5161297848828346,0.35675957400534786,22.766207948131253,9.828189525831139,51.53554130380389,0.042689952519125274,0.14828938928063,0.0,0.0,0.0,0.08029733944931333,0.0015337755548188864,0.04999306133952115,0.02980724820412045,0.19539621362309273,0.17852805592820575,0.0,0.011678471494259244,0.23740644778732056,0.010351109750261378,0.09877725840190599,0.0033947233991545936,0.0172655658101426,0.05157530670734378,0.08024109796754192,0.0,0.1319858726487944,0.34416632368270494,0.0
4.013380229204641,0.5639215818970225,0.4612692849689052,54.29426994048862,8.127491973674763,33.34288439999758,0.11036251158260538,0.08786150411284409,0.11114144368223766,0.0,0.015602229937964694,0.0552487871884791,0.0,0.006556671880932632,0.08494888400126435,0.19619534435087144,0.17599888579822476,0.027054104073458776,0.0,0.0,0.06252404694932219,0.08519267225685313,0.0,0.06199720493623839,0.09416492314153205,0.0604053352252392,0.0,0.09389304336961453,0.2879445715558987,0.0
0.5213332717678414,0.27996571229832035,0.3394324947869786,34.82498314209171,6.849239339573709,49.07556336129751,0.07806451122971778,0.00879189475471634,0.1554291643358761,0.0,0.0013872581049479,0.051347434438515874,0.13394680277999044,0.041254036681171946,0.07989168342141112,0.0,0.05574304881402223,0.0008800182546171761,0.06377507170953528,0.11584211180341067,0.0,0.2615228013055244,0.014905051274099641,0.041924963897037267,0.04889154280153308,0.0,0.04117470872445084,0.08576785430395031,0.25120239031411973,0.0
11.964266448812928,0.26069011855595614,0.41745229372122106,35.77655276684238,11.45959695666144,41.79489907188345,0.0057390512794224385,0.02468452632992548,0.005353363777685034,0.0,0.0,0.042175999080093514,0.34470730822517653,0.03926736299948381,0.07678223072626471,0.18544352584489224,0.09508695765934208,0.0,0.0,0.07932269674873156,0.0,0.15134032737583297,0.06776219250298639,0.020010691558429723,0.0,0.04872583328617709,0.000627093999771268,0.09152871306595002,0.3760515088201634,0.0
4.524788392055013,0.3756474901683089,0.5670713121970912,24.7011492336474,9.472172397059927,31.94735649896634,0.07775471525708219,0.0,0.09259752946694985,0.047570717962769675,0.041365231437392166,0.054307685289086235,0.05183951892473457,0.031521112355868096,0.06202739612320637,0.27051583747762353,0.14856136851460544,0.040351858513250835,0.05059764396569398,0.06084487886118969,0.007828212636174923,0.0,0.0,0.07134488438543643,0.0,0.1239291613953206,0.019680781493482985,0.1979177065101464,0.25238028831643144,0.08893578990585305
1.9763355579423547,0.2140153908126456,0.31009524340068545,33.61893950120202,7.164180929265606,39.05543077999697,0.08561373138644654,0.023653980231706638,0.04668001428653663,0.06681495602786625,0.0,0.0,0.17492976081922906,0.0305197245483642,0.0985019520785402,0.031135399415901807,0.10198425706925116,0.0,0.06022049779237865,0.08232917926557043,0.0,0.2841223427936319,0.01892786212331752,0.015538969435676356,0.0367620407146791,0.0002994821876693074,0.0,0.0,0.34577770530588275,0.050654810991873585
2.7596621219398476,0.4315947556643321,0.34202098737634196,45.673301214361,8.205289414929794,50.36046404259461,0.1485294909111752,0.15331678482679703,0.09102237834524704,0.056043632063653176,0.03002779369657314,0.0,0.09800983571244602,0.01616699476552956,0.032969437539500324,0.10087486395362068,0.19356834135191403,0.03145231578764562,0.04460846817968969,0.0,0.01544241528915315,0.07461835461084855,0.03791531645612411,0.05056375355624252,0.0,0.08127802428670772,0.0,0.031146919545600837,0.19165984782264306,0.08607150783711069
6.99724175911262,0.35121167674881626,0.5217020196320438,42.508465743253616,9.269088325314433,42.51809421391243,0.2185081865681009,0.04796495345616436,0.09895295415880792,0.0,0.0657802706553921,0.0,0.0,0.0,0.12946910754978178,0.15363458170492061,0.06672162316793852,0.0176221310356892,0.006854907966512308,0.0401178191512466,0.03899744171349036,0.2067130081984134,0.12561329130875748,0.04704256881591569,0.013635405494470058,0.041312472821153495,0.049629948879921934,0.07579775544422948,0.31691125311690227,0.0
0.08007786532842331,0.5232456737859899,0.35004283292705685,35.61848882506845,6.735267078725839,66.17959972316133,0.18697355485504413,0.017004631262429327,0.0,0.0,0.015773657694067134,0.1354603163639458,0.29937246654903277,0.007711039980323594,0.10641090233532627,0.06295523670469773,0.08489763560837947,0.01043825866300261,0.0749703402003794,0.0,0.006577413093485928,0.0,0.05685576818681239,0.048570072050282756,0.06933460729750845,0.12109595788509457,0.0,0.23516010057026288,0.06002344903487497,0.009432975387016054
-0.09579920713001755,0.26605288275083866,0.32621666215341827,49.1389580991694,6.952647520381897,54.46901519670808,0.03940241745545378,0.0,0.0,0.0035022926504280974,0.01635402704961626,0.0015283889610001947,0.06451212866049906,0.026803799000664794,0.09076791610096871,0.0,0.13687442829678736,0.00021145978795965303,0.03619493613440836,0.3537300805422119,0.016082431651287914,0.34352442104294234,0.04451177243727107,0.0,0.0,0.021830213998420504,0.03617139941752272,0.05952983676018121,0.2620934890081271,0.019856329620984478
2.1922772479180592,0.4017275191772017,0.3259026039362743,37.35705881647862,8.001610890946468,50.17542540030026,0.08473164686212514,0.0,0.0289609381482864,0.09321165900274637,0.0,0.02252969986609493,0.01965526629292602,0.025043295752848763,0.08879036684198616,0.10367118866126915,0.22580621101446763,0.015689036580798767,0.0016463609565666344,0.07017878574207159,0.02834154500781603,0.19347138295629523,0.04344193359349375,0.011301973349490423,0.050449598783729156,0.02102312308872384,0.015399976570673355,0.05895289163923941,0.3221858428195876,0.07256001212373378
11.47759334022538,0.29291264168188175,0.2826534213727097,31.502982758289956,10.675584109118216,48.564512645623964,0.12567493623578466,0.05596730460818088,0.03328207139925234,0.024212471841949648,0.022353165358216104,0.0,0.10467901953249319,0.051909011287633255,0.0816176588367918,0.07113597673030522,0.08646253762379592,0.03885595760805073,0.0629496479278985,0.09647429731369742,0.02506970604127383,0.17736666819780786,0.02187733431140567,0.015778211557295453,0.033770032399380076,0.0,0.06283408548666752,0.0,0.30041145723222873,0.04656568980427574
4.433972031830571,0.5086594167760291,0.38862290384018766,40.35591827727085,7.94320028338405,58.76584868295224,0.11234678523157962,0.14446275459685556,0.09569121398778985,0.018424706306028205,0.062334791599645445,0.05145179010964924,0.1981668448999735,0.04423087592112066,0.053256801019933964,0.0979703286091945,0.05093989067162841,0.0,0.029809369013821797,0.0,0.0,0.0,0.031948503732796264,0.05896587477193813,0.2013253214278032,0.009689611132079676,0.006684385886832289,0.06782613579183301,0.07601938794413621,0.08075954624541068
3.737084996802695,0.08096301101528425,0.38482177881960017,39.014972449862874,7.9295949604309355,46.873494236392375,0.11650122824213081,0.0,0.024248001270064583,0.026117148291489815,0.037625473116283406,0.04808124259315162,0.0,0.028807917931048,0.0,0.0033813500961525633,0.041458438627515456,0.057548287439940685,0.04075063465512651,0.2395946832762837,0.029653718555451652,0.47596062708594056,0.05274469699328337,0.0,0.0,0.11505251253304223,0.012623271043683862,0.17575664139228803,0.508149782196258,0.0637421742357413
0.9839665795614687,0.4559211928502073,0.5888508367725864,28.89404890426225,7.374551579043616,44.23382318316649,0.04459385181341166,0.030380642457279124,0.08266088722289464,0.0,0.03190086245143603,0.06389968751440689,0.15201729329608826,0.011137448397744228,0.14926812745864,0.214982989188049,0.22720952568606373,0.007181130389905198,0.0,0.010427376165934435,0.048757198715502804,0.001170090125106854,0.0,0.029413383655999138,0.01710283170369003,0.0,0.039159308842754884,0.024779294039493402,0.22729050909535484,0.027088516030682568
5.884804775152263,0.2503081655445113,0.331005636900541,33.997214378063084,9.0767550214113,47.81107495083835,0.12100123708581555,0.0894439694659987,0.0030671273598945788,0.0,0.049042237424812785,0.0,0.1385728062513248,0.04080495702958581,0.06640702864653965,0.011093371582400022,0.03489899742177227,0.004360082310544581,0.021051015549099092,0.15355988963030295,0.02882364734869724,0.23302110876073487,0.03236228350617066,0.03876432274717649,0.06100708541170133,0.01605227711238192,0.0,0.0,0.2849193350347435,0.048571509409669145
8.485104618339477,0.25874158440852896,0.49960271903259185,40.529543147292465,9.007794588223947,52.132404304215626,0.07353552941747526,0.04582012726578943,0.04085045411336556,0.08806716478265315,0.020412549692883114,0.03923472744709974,0.19013961347691666,0.06230009181913726,0.0,0.017937679765257286,0.09729036023716468,0.0,0.07320319119574631,0.07188204868334741,0.0,0.17613384926482648,0.018288682678347882,0.010860329172742107,0.08697229961682094,0.0,0.02770017495355364,0.06081679996768227,0.25637133159878844,0.10847975333888968
6.715167092430082,0.2825081650399812,0.3834250857752389,18.047727998674585,8.762996556456745,31.71804628733481,0.06748367944283712,0.05122757872277882,0.0,0.0445122340094473,0.0,0.17449866654449733,0.04387151540991943,0.026421332272281467,0.0,0.051522670733759456,0.0900684968320872,0.0,0.0,0.24738352034277034,0.01626176158095629,0.2927474036643175,0.04887893431690968,0.014081401368564428,0.0,0.06961318034694981,0.0,0.23127804661915663,0.37069129795934413,0.010824189600843477
4.009234983678214,0.41896836792227543,0.2830996369366279,40.328880918940975,9.107822568475942,33.71484279400681,0.1288212879817824,0.07827837988314462,0.08627202523613965,0.024503805397419573,0.0,0.04985812349041695,0.16482183984890567,0.03593675431630076,0.0,0.11552164130252027,0.1566040388697822,0.04376008057286132,0.02649947836370951,0.0,0.0,0.09181277593989026,0.0568444998567341,0.058297815783060064,0.16929961614908828,0.0,0.03047062771440429,0.06462058955770345,0.2432710021573115,0.011327565579333447
5.245227456156671,0.14420097447586577,0.49398252043781354,41.23203343511305,9.702745255421613,20.642036030802917,0.043112382876530964,0.0,0.08148561169526167,0.09859971346152993,0.0,0.00013704822742489214,0.005264333232110133,0.0533394451194118,0.10681755874392987,0.0,0.0022139000593922736,0.01182906278920379,0.026150016827554776,0.30150595257481144,0.0,0.4649974385670066,0.025056773945527317,0.0,0.02831734516420297,0.0,0.05001231769063101,0.009063001931477965,0.3485034201479303,0.07592744560653926
5.614124717324883,0.23711771920583566,0.4810513893750429,42.28619681173893,7.994456408599645,48.83419297496775,0.21854644392176467,0.015421180668380989,0.005518544745086763,0.0,0.057984685060129194,0.06167766771119412,0.09036468607251039,0.05464207362778936,0.06737344626954443,0.06502550715754908,0.008217093047769783,0.027287292671951388,0.0778972390201263,0.14604262346933786,0.016866097083359736,0.13812658042097498,0.08876379078666141,0.03501974000750325,0.0,0.005931433802879943,0.07469084003456783,0.14230005854725603,0.257794047277076,0.04461575579322525
8.403430110761978,0.3556869542752173,0.4487735807074487,47.833945116007044,9.301145341993646,60.11598913026037,0.0076288781569863046,0.09225773125001993,0.09071332371458533,0.025872707857272328,0.0,0.011380455899780813,0.025987062897353162,0.0,0.074386987366606,0.0,0.04763913911420755,0.006121171316221005,0.027048652187210455,0.18569435952264535,0.0,0.4137454530531576,0.0,0.036131398137295295,0.019189031375050153,0.09378086990356244,0.010931937743957273,0.11609323688248879,0.31752992982967776,0.01675972889043658
10.364301250220404,0.22671896108774328,0.24427867737002798,29.66236130690379,9.675889406059193,46.61138955598402,0.12907779639441463,0.006256737235938677,0.055938569042751074,0.016093947989172186,0.0,0.06732375694274538,0.12350810602010236,0.02965415968959148,0.1620519134952078,0.2225400435044344,0.0,0.006538360021594223,0.07325981715973842,0.01540058942745555,0.0,0.20017246641065622,0.0006220861720088941,0.05575296126472108,0.0,0.010687257193114,0.026785542698693494,0.10479685370663536,0.4523667029347384,0.0
6.955167916462507,0.4425028768502063,0.33419922743500613,25.583100521761306,8.95967589499328,51.06224805180513,-0.04751300751232008,0.1037571053532147,0.05057035582846994,0.0037111850454361606,0.011662632362499262,0.024834442671951486,0.127435185901892,0.040872395942245184,0.07239686703640758,0.2704243116640032,0.15009817066127873,0.011503592613561065,0.0,0.054347299473915214,0.0,0.05141088492247538,0.0020614908343308397,0.0,0.08072280238650353,0.0,0.02755500036967461,0.024024580234195264,0.36270760046315603,0.015374176791580776
2.740263049054281,0.3857858142449269,0.4838570843314865,45.121803560089944,8.056514808773617,32.884159862263516,0.1398414472224522,0.0,0.0,0.0,0.05488785270329791,0.056397790012544996,0.08840629230368802,0.01388457454564375,0.057635985182512776,0.0,0.15105331678341355,0.0,0.03930033147370096,0.163308294969133,0.05098135554502617,0.24071966050427634,0.04098947910560432,0.008570499629102644,0.028041010374593868,0.07943565114624945,0.057079344471767476,0.19291287326469875,0.22544600339074777,0.023891780576344834
4.684493226669438,0.3758818487677392,0.24610967552848959,39.15818024136223,8.767503249303253,27.750583218949874,0.12017167197503784,0.13878212833851714,0.0,0.058100400857256776,0.029391272112921904,0.0,0.10755030511998052,0.0034861097567186784,0.06221328547296007,0.11758707937960325,0.07887734405365228,0.01805849739119145,0.0253339021378974,0.0031094880432885885,0.0,0.23097230411081632,0.0748121067051354,0.027564230699157536,0.0608752228419274,0.0167873715706033,0.004556738676148789,0.017075508853941518,0.35204534677625093,0.08749181277476957
9.060833703362785,0.3261754160092807,0.29976708390695006,32.244726210129485,8.39014465062397,42.08822083703611,-0.04751300751232008,0.15284078001842624,0.0,0.011849565494730404,0.005033783743980627,0.008666152475318122,0.0,0.0,0.229951424796326,0.0,0.0,0.003912185559938421,0.010777982885009349,0.34713054890862005,0.0,0.4443735787958395,0.0,0.0,0.0,0.018180788842435867,0.0,0.02054362505263528,0.41160107985973027,0.016883512985163256
8.056182336646268,0.4125043748561499,0.34510642239779543,25.35210474379545,9.377943213510544,31.112956052147155,0.12998955361512982,0.09047225010256568,0.04349467595544526,0.013531106072213694,0.0,0.07332987347894863,0.1012497794388467,0.05476742299864583,0.044455230420125676,0.0882843016039622,0.08621621135646175,0.0,0.03016123218985508,0.08597445647054792,0.03690659144584137,0.10974631237276358,0.03342700136612352,0.029494878278839384,0.07109219134384673,0.08275377758014892,0.0,0.13512832094931154,0.2527984319882621,0.0
7.472562469677103,0.41949341742931495,0.507308267659386,25.280946299949896,9.698558194785312,44.39403037293096,0.1591567300250332,0.16106618330107292,0.08104597397324872,0.06374094069705279,0.00537791435540309,0.04670629990846915,0.37151033320143967,0.0,0.021668916145761795,0.12469601114380131,0.12047993081349416,0.015292439331122716,0.008651382155799456,0.0,0.00622952467779931,0.0,0.08678775995604054,0.05748803249996505,0.049180357162291674,0.004967268009994072,0.0001323166465780519,0.05180541556364186,0.008211142456040599,0.06911877825252213
5.664158757086592,0.38551863221585975,0.5619540328267889,35.250370191558005,8.305049419506563,48.09677770266117,0.2647205521293706,0.0,0.015339764176873976,0.0,0.017268023932267486,0.05618764813428516,0.1856757914758173,0.0,0.1515932545298283,0.21234555345182898,0.12232170019633813,0.003225905747715899,0.0634175051344481,0.0,0.031924895875854245,0.012771847073910075,0.09422917291295169,0.07514884226219887,0.07503634039208187,0.0,0.008937316583895542,0.04199651397240892,0.22478336319387587,0.0
5.1944190299333375,0.3971332539794623,0.289415610333393,37.33262899839187,9.478038805361749,56.751392268880664,0.034206871729660665,0.06367155787442051,0.051145470284481756,0.0,0.013052937723292437,0.0,0.03011713093617279,0.0,0.007629210636229046,0.18154561004283679,0.21899644307308974,0.0,0.023053279298503825,0.05823402809458271,0.002504673633425141,0.24476976190734828,0.026843623485354864,0.0,0.08909720997053595,0.05248241487035587,0.0,0.03784506636593249,0.42422724491164915,0.004936016656752515
2.8116314989093336,0.31988281172675936,0.3241682950810187,33.93877066450891,7.735562076076857,39.38481369126809,0.2043932752988682,0.11463630525810076,0.012680848393806125,0.0,0.06844172473853474,0.0,0.11513303200538896,0.03887901547966573,0.16262149773831805,0.17996658365360246,0.0020522306754609254,0.007099091808203286,0.046656408325933964,0.11421728678016421,0.0417660786356807,0.0,0.07573969568393543,0.04023081145901675,0.07627856827973156,0.0,0.008213726696388255,0.0,0.20116377467979368,0.03252881827095615
11.234056100414694,0.41550797122001565,0.5691562525208432,29.902668795500144,9.003941701408603,42.351658510857135,0.14547987366725923,0.020577137784823944,0.010553482829680421,0.0,0.012654183389990671,0.0,0.0,0.07931327302167772,0.10248036480343747,0.16138277812655888,0.10828873743191272,0.0,0.02074924914748383,0.030648450702772084,0.0,0.2109019355707603,0.045741065463338275,0.07965220654101145,0.09391333788236325,0.12733667610218807,0.02016048055537589,0.09809612849232026,0.45159807181188155,0.009823204084027017
9.093278688945986,0.4669984516038218,0.2736241659367663,25.88602848523632,9.328730281641235,41.878161669580486,0.0617226318326901,0.11856406664866459,0.10412117243380192,0.027739869575808356,0.003066947877041813,0.054763563050512144,0.0,0.0,0.0460504985830014,0.2732166889124939,0.2078944687430947,0.02275568282234943,0.060763787289624505,0.07380694532917907,0.011904516677747458,0.050080046703645034,0.0,0.023119049682969035,0.05950359957390071,0.0,0.0,0.012229939008126148,0.30275410538855624,0.030806618252564595
5.350974983846045,0.4728552099845153,0.5286727139092176,30.618991040788675,8.630352766015259,49.65772686358216,0.028937878471045328,0.11046776862637958,0.11197503077050552,0.001162707535393468,0.03969999351583342,0.08224500881333685,0.14930986183982706,0.0,0.021720645069582524,0.14124321461487438,0.08721291203334422,0.0,0.0,0.022225819468319807,0.010288634698579636,0.038267928473934024,0.0,0.058729208867896204,0.1352680734151984,0.011409763952734976,0.0326951131623466,0.1263496281190426,0.17383347670342975,0.040862588206821586
5.882483162752978,0.2819449202562424,0.29969079213706284,29.55439410922998,8.774214809399684,65.62591025342803,0.1623269040671051,0.0630643746974163,0.036559719404080725,0.07447666334636606,0.0,0.09269514835407329,0.08684130360127143,0.0,0.0,0.023192447944830788,0.05802720630156953,0.0,0.003188453936052927,0.11685116302289543,0.05074867770729578,0.2280770773722507,0.07742925318705474,0.030960416621105557,0.023011441673633858,0.02661228762997467,0.07151390045343187,0.1908214932987785,0.2449322176918083,0.07054393188998942
4.178933038196978,0.3604549107343242,0.22392316446561575,18.134910357644525,8.169589566602525,47.938783174787744,0.004573241785213775,0.09884348883241034,0.048349942861246734,0.02785360634053801,0.010483830791487828,0.044511950065905456,0.1615683738667898,0.0,0.03903540017761821,0.10748117778838458,0.0,0.023212270419272256,0.005558803964392234,0.11933504599963775,0.0,0.17406401999368493,0.009261468414519813,0.007639010438238593,0.0821812802507621,0.08056696598335542,0.006284470975024841,0.13136345231937938,0.26738153867180564,0.038337549969474326
12.261117520289952,0.4433187972432094,0.4144063361071535,32.000888634483594,10.024345389407694,40.24808057470344,0.1956367268329125,0.0339847090706855,0.035274653973891026,0.0,0.0,0.12191358607040587,0.0,0.0,0.1247020583878915,0.2824537514643786,0.11861032837338585,0.015180782054079134,0.0663803025768463,0.1171809199024831,0.0,0.17402006579102844,0.13402161450813477,0.0007828492191395871,0.01811013798024609,0.0217210860534317,0.0,0.13273056682847015,0.41729845213579486,0.0
7.802760586267317,-0.015206498759086473,0.34998556541374515,16.79913488104807,9.405346999945884,58.74124270443842,0.31072028702147586,0.025396390355462914,0.14946161909746328,0.01288146267705241,0.03722896857571624,0.0,0.08534516431178632,0.011876641323512852,0.06648095550302585,0.07637685873745158,0.0,0.03416441890824027,0.08217726800752018,0.1684114356179321,0.07812175413822044,0.16290431582133247,0.0729293840730577,0.07749163834940319,0.0,0.0,0.02433990810428981,0.0,0.251157888368208,0.050110298476223246
-2.356608502255888,0.4542868404556615,0.3472294610348585,31.475886805898885,5.793446022169768,57.465048123724145,0.16732640344896715,0.19825055223935897,0.0,0.051987594724828515,0.03776920141647075,0.01520512322453205,0.019005401248454026,0.0,0.09158131900645243,0.05782211658081467,0.1263522500826821,0.0,0.05560399892721576,0.1553748497348762,0.05599052487122068,0.16754530062757658,0.0013387363691764048,0.054393310856009444,0.0,0.07784515656061078,0.0,0.04787442657718076,0.19155544670944455,0.08975666499159232
-0.3719226712311956,0.33811363392161486,0.5452717360041199,33.43076325390208,6.955568265942502,42.008605704076395,0.09012832791620076,0.0286824372559115,0.09865757567825037,0.07628616920343842,0.0,0.06337077557262895,0.021277374405235208,0.02484885591820786,0.19446013800401607,0.056296404821100356,0.0,0.02679333134495388,0.06217819832612371,0.21123864723872365,0.02275355543891823,0.12712997079893368,0.0,0.05502518726923627,0.0,0.03184091524580214,0.05379346411358675,0.14900487120958547,0.20827530991276913,0.03230954607258039
5.504200057557027,0.20789838697690918,0.6559628745074179,33.263036284476,8.63957715295612,62.46654643605889,0.15670244537823758,0.1625169273909633,0.06797579871074673,0.0,0.040207656594945414,0.0,0.14027167220355968,0.047553637609162855,0.014601788003800388,0.0,0.05998176430582843,0.003575729745635246,0.04671123462894913,0.12491972995987471,0.04354913853825868,0.2568097041272225,0.062124705404903044,0.004317276503654148,0.06305686111992763,0.0,0.0,0.0,0.30154541388824674,0.0006863777368546417
4.339954683277446,0.28074446837925904,0.5252664303824418,22.996905717405802,8.043425217786915,49.681491896456095,-0.00318603201270215,0.0,0.10266981787530965,0.013361383679070369,0.0,0.0,0.02735428961465962,0.009881157252058154,0.03149953993966938,0.10398446791635346,0.18579318520246035,0.0,0.05921202922308261,0.2408763776115987,0.0,0.2617140797908272,0.011051166314741685,0.0,0.024387019231999138,0.035993789528833836,0.06896647586324532,0.10311232622935403,0.37557989940849723,0.0
2.5434489460048635,0.23570669332482386,0.29778485013796774,35.77545396321067,8.416309317866139,39.67782409632753,0.22238338153358028,0.02712880503408327,0.019244031296461697,0.0,0.033249553802690485,0.0,0.1809744294555925,0.03957702316112191,0.0005071488172773073,0.0,0.09402811605618087,0.0,0.05369133401832386,0.08854907488092159,0.027536239900630408,0.21479274859301112,0.14129465529660568,0.0,0.0712206326846618,0.029247287253598677,0.02661306386936904,0.047062279491404055,0.22051004728253892,0.03263199210805168
1.2774600689773075,0.367819962680043,0.4811127014703685,41.46479534849154,7.6519890079048665,45.842398972131086,0.12276796081674621,0.0,0.03405917930935812,0.031487380396679455,0.0,0.11665779061274148,0.2045144075892017,0.07914967660062304,0.0,0.3583901408280487,0.19286223138667363,0.002140664735872543,0.020351913772171222,0.0,0.03592171445566589,0.0,0.009789720491332424,0.056704400076328626,0.0,0.07269712001747494,0.029221012269590802,0.21857598519785532,0.3101732945423874,0.000710285512315445
-1.859494208388612,0.48687486082446507,0.4572850772098105,34.05702141488361,6.756003443758457,38.86226536781627,0.17901846911376812,0.017813782386597456,0.0733151724025966,0.08379346522364266,0.051837365598466516,0.05974636419915388,0.14965895677554272,0.05192603816692494,0.11943298839817024,0.0,0.034077329119641696,0.03139112741058807,0.08041502994975597,0.0,0.009717332312505154,0.0,0.07409058708309017,0.01479548757964687,0.1124544299549547,0.05308573568456352,0.058872530053102286,0.17170482641613127,0.0,0.1356308008032992
5.22965955851086,0.2255655163615801,0.6433228531376819,42.8423333973822,8.817147423576726,49.30530552633611,0.08392553444362477,0.050833901957881095,0.06971676086267026,0.01294195978220738,0.0,0.021017680191150162,0.08242358498659687,0.019739834369932815,0.07137592717189192,0.02484937542462734,0.048866311840733416,0.0,0.0,0.16600669811324847,0.013019637105058804,0.3295233741870259,0.01515404063971142,0.05721414342908106,0.0,0.05414617433212147,0.017715172921227644,0.09287890191973353,0.3741126258904238,0.0
7.1747538707930785,0.38252204343781515,0.3407724631580797,32.565419599371964,9.032591282668076,43.68112098231602,0.21420664649435073,0.0,0.09365211541516238,0.0,0.08090147871342836,0.07962544409002192,0.0,0.03345234854080631,0.14203413887232846,0.19234660786262886,0.0687935852976713,0.03178691476302023,0.03109019865251084,0.0,0.04833699499206449,0.18242203252132844,0.08166446820663882,0.053115074808195606,0.06507147974231682,0.0,0.013021275665067084,0.07727994697171003,0.408221098900055,0.07615025862233307
3.7785272429153736,0.23745282782397883,0.3905236227931872,18.493411981847906,7.0678296101448295,35.76437398871343,0.27304143473088316,0.07750171480935207,0.10784260944509935,0.013965917730196412,0.0355811104539701,0.0,0.22229962808968753,0.03512227772630204,0.04389565063339029,0.0,0.008291839622523584,0.05222827195790075,0.14721610193888712,0.07734055614201515,0.017310702953584733,0.017647605112966397,0.029752692391181508,0.07876253212269411,0.06839672582013553,0.0,0.059481688945866334,0.0,0.032475552743720326,0.04954704170430632
3.0705670242224796,0.3516928886002133,0.3392634702970432,35.94732395784324,7.231103514208077,49.05257281879596,-0.00361971994999917,0.06380015851081763,0.06284500727798262,0.0680777370250368,0.011044432183216518,0.06320717058914752,0.07313331451614244,0.015418922650572134,0.042265613809740574,0.1332221122511406,0.09341235878081934,0.0,0.0048783429755467345,0.14214878768233563,0.0,0.1460362675828731,0.046025037139437036,0.0,0.02705313109404985,0.10027033994452324,0.0,0.13528532966372608,0.2946772233704732,0.07912194987005
2.5683230543099786,0.08167353484221912,0.5085696317327696,45.40990443972108,8.439240669296503,39.86921775110192,0.20299218849792072,0.011151999919228328,0.08117987530281354,0.029054324745781596,0.033863590891067025,0.03935225651692428,0.21077238213161475,0.08379484432293251,0.06207180174068149,0.007074214218250205,0.0,0.009278023564133112,0.052724245539946604,0.07271774685075064,0.02173731245448301,0.19687732356038423,0.041044964618732534,0.08748568876768585,0.0,0.0,0.04462982308136385,0.016967299985169576,0.2877468108088999,0.06291764588031193
3.739143552962177,0.37636038605098526,0.4126270316203601,27.56860756604047,8.569897326299007,28.616085813856625,0.04970039692430668,0.11053239921863361,0.11310079609958182,0.0,0.05117013891737258,0.11554251353349718,0.0,0.0,0.09982010617822619,0.16250997666765682,0.007163041353394045,0.0,0.068883627412429,0.17315292756150855,0.0,0.10039209337299154,0.0,0.005828539485676059,0.025285859663720954,0.0,0.0439492880919638,0.1562668017059996,0.2613746343372859,0.045208104275693474
10.24693126931243,0.11348069452210319,0.43507116838613125,36.516382688885805,9.61645312927281,34.33538466363073,0.04091390003782569,0.012121260516555245,0.08998134802123212,0.026114005151882246,0.05384307953108433,0.02262431528170981,0.024031417731717672,0.007533233803240462,0.0,0.0055957238003122994,0.0062975102260055815,0.0018653464003212557,0.0,0.23497318722389082,0.02103399559076958,0.403533486190104,0.042534069257069464,0.03817538533629432,0.10120614569135716,0.04961422314093868,0.0,0.017085570665981403,0.4166623544777979,0.07995741529454467
4.059618756105933,0.4599436207629213,0.3270991113273679,31.893977709392228,8.111326754496298,47.34229200212822,0.04988178387112237,0.1368131390382076,0.018758969946572383,0.04413807389407933,0.018015217411759234,0.07552000047159982,0.14848937943035068,0.002342201876947307,0.10236977812036797,0.11978870169632154,0.11801770110335905,0.0,0.0,0.04679006725048753,0.0,0.09185222443174382,0.03236313415709317,0.0690793756632733,0.04094746929294567,0.012487822108127898,0.0,0.06691520385944053,0.21398292085565673,0.06215293048594681
6.5267072403576565,0.501227327390696,0.20726550720443554,38.12539866857456,8.855431299910839,45.11409415056121,0.2102362916017827,0.15581077990258912,0.021119757791454002,0.0,0.008987378485717427,0.051599767503431995,0.0,0.0,0.0,0.21699903176108426,0.2457958949295827,0.0,0.021403922047108375,0.06487153224372666,0.0,0.1462185369732653,0.08921111373094989,0.12733151388674846,0.0801467705588049,0.024677691290256862,0.0,0.05666266511558103,0.3511331840280435,0.0
3.16130866597698,0.3353434116145951,0.5464777027074352,48.68574896340128,7.371401520316717,66.44572602793096,0.08252115196717881,0.01552417959316111,0.06047895047867859,0.0040710079851513405,0.0610997054453293,0.024611389506966726,0.21477826219338017,0.01637034186606354,0.07799964363206607,0.17596401123609834,0.13476276059913495,0.039946054108267334,0.0450032937348527,0.038148944294597975,0.021463083600471188,0.011224087196641114,0.017631931382762603,0.0,0.03418748336824519,0.0,0.0741123873363835,0.03292307658037622,0.20355852230706875,0.06517087079626083
5.377658984678468,0.5642590923036855,0.34305009333460107,33.651631244017054,7.818601849766798,59.730015782047886,0.1628515761887665,0.10744816297268728,0.0,0.022294498882592703,0.0,0.11549828420495964,0.0,0.02875646811938807,0.03880010139735708,0.1501769661835201,0.16724921112639424,0.0008681447955947649,0.059738375574352215,0.022995934282867378,0.051199432841521994,0.1457259351795516,0.045051452642737945,0.006862342388404913,0.0,0.09334469692592624,0.06821464463980745,0.27705814861633005,0.32465957971639575,0.005152858487573082
6.534876541643698,0.5188140383091661,0.38944382707953423,15.698067305562574,7.668669449661945,37.71903627117466,0.06081768311413274,0.1366665055465778,0.0,0.013231418762470106,0.05805969950148915,0.09958041747848519,0.09033502114268258,0.06710637847734244,0.045412435231101264,0.2840685397313118,0.11262206878315249,0.026280810139098863,0.0,0.0,0.043823439914983796,0.0,0.0,0.04143278981830718,0.07658632927970216,0.03205573696258076,0.0,0.12124587295590344,0.33122842859693663,0.07129119457526581
1.9148635626547752,0.23372778909457947,0.2599035711795702,33.81438447023164,7.101514402363642,32.263577792017365,0.22585014032823597,0.0,0.08508270276788768,0.06548035942617869,0.0,0.0,0.09906626497120845,0.027868651797793277,0.050096095475509014,0.11470584865201466,0.09561449988979703,0.011844580158896646,0.12092007431022171,0.04028896109854854,0.010374658119326212,0.11891765187730644,0.07388988327869915,0.020665518129942606,0.050159395953763494,0.0,0.06879779268456648,0.03553526510721114,0.26149220085594516,0.05449209128857471
4.74572503330331,0.5678098870599084,0.1468759064318606,39.77992573091119,8.248670301875055,47.38966635633288,0.02871176401098216,0.14057566141315728,0.05575970413542299,0.024583541211254032,0.0,0.0,0.0,0.0,0.05665343913871315,0.055759963005369485,0.18135343721580793,0.026015257297554748,0.020348309305412843,0.12436107252300593,0.026121556806562394,0.18398675498954695,0.0008269416799296589,0.0,0.10751138956702239,0.041606438227089024,0.033936754825410524,0.05570100353481608,0.21971349740443918,0.018559148640188892
7.197502421811134,0.3701483961028045,0.40066272360852623,29.84658055399511,10.277014491547462,58.295271331194776,0.22318033618322874,0.07507803873916531,0.05135373880027032,0.03828235664825537,0.01889765410452971,0.02749449390889133,0.2482984682457663,0.029379918577807328,0.027303743925149587,0.018426106841389872,0.14186728535169926,0.03561638815917538,0.03678720954176225,0.016190399636090716,0.0,0.0,0.14698232787066523,0.053653624123990655,0.14070645589959663,0.0,0.0,0.0,0.033648587617543885,0.05718016135062263
2.4380510752320874,0.15736417693265098,0.32514923111139027,30.449893995606736,7.206756604745154,52.75938960739488,0.2063753143450347,0.1290332955147429,0.026174345166898812,0.14228979155018323,0.0339593471129288,0.0,0.0,0.021872803580444626,0.10742413344973865,0.0748738560356407,0.04412255968648329,0.0,0.07515043248207777,0.29066813117892526,0.07751310031057075,0.133345565402389,0.053380208375120496,0.0003314297220803515,0.0,0.0,0.0,0.0,0.23009228011811397,0.17624896644892854
4.861081729155991,0.6019778982589528,0.34555435910780835,36.45121471675247,8.851653846365389,40.01107233895965,0.17189602320397868,0.06775974459580295,0.08725091745809893,0.0,0.031652069589121506,0.1507720297118205,0.0,0.010421451759775505,0.11865099949670023,0.2194288625533723,0.04539393895623237,0.03464655778532062,0.05866637567860858,0.0,0.03806166122050768,0.0,0.06398300155760353,0.011185043313485365,0.07342627228996808,0.09109267656282596,0.0202356954878761,0.2621002646922368,0.20832480423046035,0.018146429903507677
5.281581720444126,0.45478048102696467,0.6559628745074179,24.00153794213969,9.606742242301934,48.7033945095805,-0.012855429079957417,0.11703093052719543,0.01474514185646783,0.03914073018305481,0.0,0.08648437850125179,0.0,0.0058324215530042006,0.1127077522415906,0.18163746362591363,0.16984061367670494,0.0198433967797012,0.030453790596799007,0.17694963125606386,0.004733383159915894,0.20116417058860742,0.0,0.0,0.04323910374884807,0.0,0.0,0.0,0.3886338400510252,0.03097948092972236
8.147443572711692,0.32491072149302436,0.40256861560405865,41.56105217322961,10.028671278872151,38.68518824660241,0.010153890475379027,0.0,0.0,0.0007203163218040924,0.009055277646613288,0.14835574714304006,0.15966639460980053,0.027207505812579726,0.056244282805331225,0.011394552303633065,0.0051247352661356466,0.0,0.014414126605234215,0.24616515062191396,0.02863741531551709,0.26137727027888424,0.00444965986777969,0.0,0.08925368775361356,0.020234060510954062,0.04901256141871152,0.21760251024743482,0.2999794231961238,0.009775684765481931
10.869986530193852,0.41560788906320734,0.37386279011044254,50.2024005265376,10.236823193177512,40.80615709483211,0.2267675436949534,0.028692287824786306,0.08791850760842759,0.06461401154682547,0.02754814720532723,0.06891132341781969,0.07842557069257636,0.036775847616211096,0.0,0.23834374028847283,0.11026726114066525,0.0,0.0,0.0,0.04627311945652811,0.0,0.0987184016646104,0.0908862732316658,0.11546034090445026,0.10146752218611753,0.018685131515101774,0.1890638297679489,0.25601344808722853,0.09216220504059244
0.6942772437329445,0.28768781355527334,0.35121454596693574,42.15326531556595,6.6139290102105095,56.77057259167074,0.1840829636633275,0.05772717629572684,0.04189803884208378,0.06683761987661659,0.011343492228124091,0.03345961756256731,0.14250153556998518,0.04965121598948208,0.06621190831621222,0.0,0.0,0.0,0.05107527676031957,0.13304882240889296,0.02555298197666169,0.08387110705986862,0.05907476146367045,0.04837955970042831,0.1273869358689973,0.0,0.07260672048690837,0.0889141236921713,0.13259972618462837,0.07818115600564086
9.25049338034988,0.2581176220226877,0.6123103703241292,45.95916854110011,9.406665990461793,39.9511855932352,0.15420985849825744,0.02069967835086249,0.0,0.027885558779097493,0.0,0.0,0.09438288201354564,0.025253055150064638,0.06428283267192617,0.03525457513669307,0.08335618854358158,0.0,0.02479192283294974,0.089612188162758,0.00349613182101342,0.3897052000622858,0.09739584203008309,0.028525513653480362,0.0,0.17679009254937972,0.005704054745465727,0.15143598942306416,0.4502124218360448,0.010050444534180702
-4.041294063148984,0.46375709854779384,0.5671713992996551,39.43282073122503,7.1143968130879145,33.64078867796039,0.32784389729604135,0.1392354462668028,0.06862605449062573,0.0,0.04866597859295366,0.0,0.10215807283356651,0.025578208355252034,0.06534839009477529,0.0,0.08517758187790522,0.021473593301190683,0.05290659533351737,0.029260821650814117,0.11165921919194365,0.0,0.11968145272083962,0.04359679218539054,0.08542398140434451,0.047417230245578756,0.03480838862690231,0.06709822250001891,0.0,0.04444895579896271
2.069078561976249,0.4713848843231025,0.5676345242837277,31.779956770281412,7.6485842767305465,38.964781723798005,0.185499522561264,0.06921310640941782,0.03612001149805727,0.0,0.05152167519555566,0.004068426243981932,0.015682537547087094,0.0,0.07508531929650043,0.09291909435341601,0.1708011149583163,0.0,0.024248633494138052,0.023775932907569616,0.018319099920628124,0.1567425335120423,0.10731023133421427,0.03562199525920556,0.09766591910855685,0.0,0.0694858420233297,0.06860339841186268,0.2380518671523617,0.02948480684392589
3.815071618930311,0.4198711128931242,0.5124667508613677,52.170866814662496,7.544348849095284,27.643371159807916,0.17785802741680046,0.10947988002092152,0.03265440248966828,0.07927466160611607,0.08221302288432204,0.041721916506744026,0.006324626891106813,0.0,0.08523943739762722,0.16751430674563222,0.014995384861937716,0.0,0.0,0.0,0.06521059576371474,0.09913568572928289,0.13631730578689458,0.0,0.1458450985294291,0.005256753554790515,0.028170140394194094,0.0751487126930796,0.2519227576528241,0.1614879339615343
7.004537676398762,0.325336581708855,0.4472354428782164,42.293759798202494,9.75053186758283,29.446737510704203,0.1076391857101199,0.05292845865013105,0.07137677985860419,0.0,0.043255717969263384,0.009728501141811959,0.15890725756651336,0.06076647097599136,0.07071456936843477,0.11904822007872769,0.09849594056991812,0.0,0.0284423833546831,0.0,0.0,0.1745931154077514,0.06481989647884452,0.017621664646372763,0.08418048253994175,0.0,0.05044889903033241,0.052196033674648507,0.3544079835360385,0.02000937993715201
4.7412551439199575,0.4896224261639368,0.48241962280892847,31.223768965179815,9.653006305577758,34.57432497391177,0.16450714118223161,0.14702939980672844,0.05188127433519375,0.0,0.0,0.00615774525957468,0.11814124698123943,0.0,0.08379807123195476,0.05618150686843442,0.12493658584773988,0.0,0.034997629901365006,0.06057232553434869,0.05443813504263825,0.11655191102581859,0.09523059888975177,0.0,0.1517017268551553,0.0,0.05971685954887945,0.001919065892748567,0.17171371806249264,0.0
4.623165240702672,0.2054985159882149,0.4462992273013212,33.61412948061904,8.109659775863006,53.05262000935299,0.3361031186158583,0.08543966915444567,0.14473959763411104,0.12848298420074572,0.04623936796257025,0.0,0.06616421581499658,0.008344159052131778,0.13728557085402252,0.00020973142168460857,0.00041815292610715427,0.025641343739537973,0.10520104181011422,0.04810821929932922,0.033174356024535626,0.01611011442195845,0.15513442986162407,0.04259325819852548,0.0,0.0,0.022328334700336183,0.0,0.02466392937551093,0.17472213275820347
6.035931436486836,0.48914430762662253,0.44829352749858853,29.630264956327874,8.950557225604944,43.16433307664769,-0.04751300751232008,0.004935203628345153,0.009192427971761962,0.0,0.0,0.10088563004120532,0.0,0.0,0.19359599248553702,0.22088284020117555,0.1765497514989576,0.0,0.03909951677474538,0.3099070202935631,0.0,0.21753161838221302,0.0,0.0,0.0,0.04353264885674228,0.0,0.13312370220087566,0.41039806035288007,0.0
10.25902374202218,0.32481952056386304,0.5708771649810636,39.71410340770354,10.233836662341123,42.5411386630889,0.023070756709519302,0.0,0.016345003914787486,0.034635641688284854,0.02702517061203666,0.08215784538327853,0.08550391655324523,0.00536743919789405,0.08402708841640097,0.0,0.011854028628839705,0.0,0.0,0.06404703758891164,0.05327685298069186,0.4574699476558023,0.0014527535240194886,0.025537288331986895,0.05402158155252768,0.09644022571755521,0.012545187804060231,0.19114321506010734,0.42455252654887443,0.06166063459891298
0.39777815258324356,0.32320850990599076,0.2959907137362979,17.716170213186192,6.929244482260483,48.51691974737729,0.039820343729740415,0.009681372906326834,0.009958237868865672,0.040153605607445436,0.0,0.026289183985300012,0.19693152863130506,0.05632816167997466,0.1972675971638235,0.04772393849789409,0.0,0.015020522325517326,0.04701668991634366,0.2405515125032,0.019132017544919437,0.053876035390584096,0.0,0.0,0.08474621091955445,0.003020999970271422,0.016289460059860622,0.045599606745230885,0.15792808031407624,0.03160192777711881
9.810186055127389,0.3949404804984116,0.4147174093940355,19.389438671680054,9.75043874648047,61.57936195130567,-0.014021931236608706,0.13995148593881832,0.05231512468233038,0.018355721250501163,0.0,0.05739384400442285,0.022461810834981263,0.0029350240249183743,0.0972710479603272,0.11232245342347541,0.05668262669444402,0.007684125404864113,0.04592553073245281,0.17795501911965605,0.0,0.23820823863102875,0.0,0.0,0.07028559650021732,0.0,0.009056557104596706,0.02306631787687096,0.3534659069348687,0.012883553734047027
9.55160560136884,0.28778652270202865,0.6417945181207092,23.046107879360022,9.897889380358151,29.35020278098296,0.11339782371982304,0.09875238109677743,0.11073250432960252,0.0,0.030908993570515506,0.03215796918610221,0.09855097438105252,0.0417029379621478,0.013996782392189142,0.3281108306776844,0.18327414601941538,0.0,0.0,0.01688334549508641,0.008610839009532446,0.0,0.05425186814038957,0.06440799296033821,0.03648715482987688,0.0,0.023292680902500335,0.0,0.3601883899522746,0.01246048854247565
0.6319119661763803,0.17756073587308918,0.317718384770778,47.10689039308245,7.052741496149262,39.340547220740966,0.3587262002703217,0.011628887346121969,0.0,0.10190812964186115,0.0,0.004029433411416983,0.29713705480306346,0.0,0.0,0.0,0.16472747252407477,0.06521109671472483,0.0779928028027734,0.16291584459523673,0.03466752426828556,0.03610232596997827,0.11285163806630538,0.1332142119154028,0.07425970047954068,0.0,0.02893180311037365,0.0,0.0,0.09224020147594258
-0.13901545651449876,0.48418283380928484,0.33619354902582427,22.760172319980143,6.610883879413417,43.70256278264996,0.04303315330667777,0.07959393308662613,0.1056641182909748,0.03196881892233283,0.03771132564476462,0.04521768854092213,0.12045613503594274,0.04550432186176466,0.0537425254673283,0.061265741842149536,0.16880621493947037,0.0,0.0369173444776014,0.0,0.0,0.1293469069906655,0.032099258067584374,0.0,0.07443115929735789,0.03311710849932987,0.02983681433694694,0.10817110543000447,0.23611699100478298,0.0696802893263305
8.299007283711955,0.49620709380211625,0.40766584313621734,40.460439183695016,9.067406851368167,53.56290441412163,-0.04751300751232008,0.0718353171179098,0.0,0.014442696847459158,0.0,0.03465158663483045,0.060879515562522454,0.0,0.16095798349796855,0.09570095427082775,0.1719027539546953,0.0,0.0,0.14734854099886532,0.0,0.3859669109502789,0.006971623560618388,0.0,0.06554986562582142,0.1080248503940137,0.0,0.05172015458814622,0.4592272718779983,0.011596685918256383
5.06359177089145,0.3881290177364477,0.51414825815418,29.010891227502718,6.880072186971093,28.813970654422263,0.19687661964964953,0.14451452109237384,0.09505447242541243,0.015209386987058392,0.05279704022768138,0.1007401575645038,0.082418285280025,0.020944959583153764,0.025618810536337834,0.2087631979590503,0.06061889700293477,0.0,0.0027891517584693673,0.0,0.04970739752981148,0.057575332115415434,0.11789542761164488,0.026484753188739465,0.0902867049286277,0.0013618048508688592,0.0,0.0751735512684133,0.28728334383716203,0.06800643321670781
12.069311888497205,0.4894263101030962,0.2977077503009246,36.18071558263783,11.216729213253132,35.52260474094267,0.10595702241665325,0.03407825232115959,0.07953780987970585,0.0,0.0,0.1469677732446127,0.1755562847564062,0.012030164408837033,0.08611173560647034,0.25221458103304645,0.13340571357017467,0.02004407816072931,0.0,0.046232572669719134,0.04528926102480904,0.0,0.11064020724561557,0.0,0.0,0.0241682252492528,0.05360438615807377,0.2247404556464614,0.13798167455123334,0.0
2.224813340743471,0.3150765698871382,0.43536605226261754,43.762419878272695,8.286371355632612,41.11753061139578,0.10524564909770455,0.01165587857989061,0.11772046723832852,0.0,0.02409396245317761,0.09425578606956281,0.1627958300307985,0.0,0.04777583102762499,0.0,0.010720619974471851,0.007868721541209957,0.05403626941670324,0.11143140398550835,0.0,0.214585527255229,0.04409619140548746,0.01686204761252295,0.04582877876658543,0.042076823477865,0.05489400553386683,0.19122635111462777,0.19550883707153321,0.0
1.0572271235731447,0.49454372762832255,0.3658161682301675,31.492739798755625,8.054044530845365,26.944461521237173,0.18299497948323512,0.18427064535525833,0.03377236802758147,0.03363512990929106,0.03880537257404432,0.0811566381300042,0.3056458041991593,0.0,0.026202695793913496,0.21398941137315686,0.09024619461719875,0.016538301608005165,0.10111772706679613,0.0,0.001123908263419196,0.0,0.03055424525836057,0.050198966962104644,0.08176552730331164,0.024346418591100843,0.0,0.09551990732655277,0.0,0.07244060363726353
7.465459888012461,0.43519096729841966,0.30711785128614943,38.31220675062164,8.842273318683686,33.8213303637107,0.2705828633977022,0.10505385066948134,5.5293097089161025e-05,0.0,0.01665656068368001,0.11502688165409847,0.1346594809508549,0.034351959823185854,0.0,0.09431427744761993,0.1425861397376207,0.02992058148365125,0.05440308545219426,0.0,0.0677585564582902,0.03348598095390112,0.10577631544245994,0.042644459923132476,0.059054697752521264,0.0,0.03078999806023549,0.13308783048641684,0.1621521867845686,0.0052577520814688986
6.319582736105289,0.10825900195123722,0.4746257582798154,39.94546475709684,9.1176391415799,42.68824525283696,0.03128793818331488,0.0,0.0008174851417472942,0.05681885203947297,0.0,0.0,0.0,0.019337852130756974,0.1682812972814081,0.07298121950610763,0.0,0.03425182690292525,0.0,0.28339876721802393,0.030471453714901203,0.5019024971762064,0.03074159348938259,0.0,0.0295828097344614,0.0256057387018928,0.04401963306103626,0.04672054444333433,0.5942218461359031,0.051649222755402575
2.4952869239888957,0.26904211684147344,0.29643100590322863,23.832486536830977,8.635969036634265,66.16472516309294,0.1541622010928058,0.03051777987787274,0.03769288481586324,0.0,0.018752307336280805,0.0,0.09107350708607143,0.0,0.029559471387988548,0.23089745264589162,0.21713294982912856,0.0,0.04046666221733007,0.20317152651866976,0.047355602902994995,0.1424305812980755,0.07461826064189939,0.0,0.03688231731318561,0.0,0.03411501223848594,0.0,0.3480847099244976,0.0
6.736525737175049,0.2557030499766996,0.31973867592680894,32.290562180973566,8.891307610530209,61.364975096118734,0.11329929216999411,0.11018626633780522,0.0,0.04840325333894796,0.054823637893138925,0.0,0.2691607848262339,0.05705106547238081,0.04503996238140806,0.024606986496674865,0.09420001336493053,0.0,0.04362743565551165,0.08309648378589993,0.021422501646402515,0.11082108660695006,0.013702968938777572,0.03454669934068328,0.08901353631608214,0.0,0.01700078320188975,0.0,0.1924788511218335,0.10322700174847224
3.411926325532197,0.2968160027017163,0.4894903874750455,34.48301255566335,7.953408363790995,64.52006782298889,0.042171859139039536,0.0017579341154592837,0.003878908536494228,0.0,0.0,0.012388879640902486,0.0,0.0,0.09597988133913102,0.16419125155223974,0.1229138932794469,0.0,0.0,0.26154980488053947,0.0,0.3103941599026592,0.07204747935036654,0.0,0.018627529478407956,0.0,0.053804340637663935,0.061266622192423806,0.45328954693744367,0.0
10.415707727147378,0.3495779565622597,0.29039511444843624,46.489878180290326,10.520332272462785,30.897028375565345,0.0955208577692544,0.020958220313651618,0.0,0.0,0.01741805487755606,0.0,0.061239814230888104,0.008814226253231914,0.08969673402806214,0.09729994612371877,0.20564249916221833,0.014037614378842506,0.033732929205489134,0.18299180154173386,0.026638191592244252,0.21269073961981036,0.022808855550020084,0.012341202205793888,0.08821685822987992,0.0,0.018421471030440645,0.0,0.31880461430353213,0.01615880461709586
7.620055311103268,0.2717701858084928,0.5640186627185189,15.698067305562574,9.664464529339519,39.803101211365835,0.02513777974637936,0.007418169408400559,0.0,0.023055664657101405,0.0018377849651772422,0.071187726383067,0.0517436313921972,0.007016790867034687,0.09170433341617687,0.0,0.11900235276388577,0.000763917470661464,0.0,0.29342028548696586,0.08035888198915529,0.3595979097306101,0.025260206517250562,0.0,0.0,0.0,0.04562786222215347,0.08257326364958506,0.3545703319067918,0.02489345001220348
9.667341346589858,0.17690423451251916,0.5642340773328125,35.09712247484707,10.541549618730434,49.40338397224451,-0.04751300751232008,0.07547738283041854,0.0,0.0,0.0,0.028304437706035378,0.08477179648036959,0.0,0.0,0.009414441464499823,0.0922658178462336,0.0,0.0,0.40794783822263714,0.0,0.5574628151450532,0.0,0.007562813054371315,0.0,0.06588108641778953,0.0,0.06940751529615431,0.5272447987263529,0.0
1.4438621582162505,0.4777852039836684,0.4717656640452441,33.52333996988127,6.917512327308936,35.2108463256684,0.31487211739120463,0.12134419268770992,0.04661748771618233,0.03469921781814723,0.04545808776484289,0.07937509113898253,0.16873552941028905,0.02509624515574784,0.08791745029710664,0.1756155012376678,0.07647398725641893,0.004649657230075595,0.022973428582477414,0.0,0.11083747165383585,0.0,0.07885780776058651,0.10220330911331915,0.10936669044748443,0.0,0.06268135567062541,0.07803346572640216,0.06503662620741615,0.08015719521067273
2.679241648334731,0.13652534040580774,0.3396231484060331,32.81699179612779,8.356302794383812,41.967248421793734,0.32790391370946603,0.0,0.1593228948429486,0.07108506945388106,0.053290194234621314,0.00934628014050904,0.1127985655613849,0.06373865126489434,0.019283264945791703,0.16921778096636603,0.04645168403683983,0.022278823588020902,0.10949524166811633,0.05288852844388222,0.0775117822961535,0.0,0.12871163696622323,0.012185272632750762,0.08209169094728337,0.0,0.045203984172541706,0.008883554373116262,0.08618563812405786,0.12437484933148962
0.5542218497693279,0.2827558822218519,0.27875064594894866,39.29699610387105,6.85943410901206,40.748159720026614,0.13984783294086617,0.15342092754134926,0.03925807460566878,0.09374580589371592,0.013180369175419605,0.0,0.058330421985924155,0.0,0.047201588028990285,0.05467194618864053,0.1740829924361441,0.013176300139537949,0.03671459566853115,0.11308404859580262,0.0,0.20786851745298768,0.05618494956441592,0.05517941693969218,0.0,0.0,0.0,0.0,0.25979789440367784,0.10692613634271161
2.537262729815323,0.33753712546887643,0.375710119168027,24.189793545919592,8.355117276166837,50.85629121768057,0.12042326169219285,0.08941536441126854,0.0008138232421402783,0.11419436618475572,0.042025589144560054,0.04226497798772015,0.1425139012315279,0.0478575936603963,0.0,0.10983185770029062,0.13629554551905343,0.029390459322658602,0.06117122567307829,0.08282256745160577,0.0,0.00197986405066905,0.026665997385635028,0.04832392550737972,0.05388817261699686,0.0,0.025936736499610303,0.05601275133169779,0.1596692062141099,0.15621977411941912
-0.1234208433489421,0.4788033713429049,0.23903384451813903,43.95386900958934,7.26727404743213,55.279804859528234,0.17739634343731242,0.15410931053698917,0.0,0.05735956941574308,0.035165127497095494,0.047753740660241316,0.10348248924920558,0.00039428971373161974,0.06427720624479494,0.19947230800707416,0.1711825041286893,0.0,0.040116879667095345,0.0,0.05387872893515193,0.0,0.028438743709809665,0.05496227637544582,0.05106785674597943,0.0,0.05375492226906676,0.046734482615970824,0.17256526147866896,0.09252460482021901
7.945971200165635,0.13057512142028674,0.37308517813241404,54.29426994048862,9.633605392351631,43.541327386635224,0.08448190000002347,0.0,0.03320546675634928,0.0,0.004882745814943083,0.0,0.0,0.0,0.04640620373645069,0.06164028391204261,0.02221900661752814,0.020361059071035994,0.0,0.2885881464358619,0.02033666783249467,0.48048216928270193,0.06150590024628037,0.010567767814293458,0.0,0.06329892898084485,0.05973867775118021,0.12292993317440283,0.5289313620543002,0.0
11.914349201643478,0.3061273453075312,0.2909706405081556,31.403375737380156,10.421228485715986,43.97557630355492,0.16738767112184003,0.035739397550497036,0.0,0.0,0.0,0.030848575700014397,0.13345089466996168,0.02484778494547816,0.0002234063073333556,0.13014385897136843,0.153146994118353,0.006882036324580618,0.03792149864283039,0.19476204342425815,0.005550547265599181,0.20340194220730703,0.0,0.14278876350540998,0.0,0.10150716062104931,0.0,0.11343745488893893,0.35839355379972915,0.0
-3.0072852191024344,0.48365355777486546,0.3839457662693376,28.631026972972222,5.942874835343117,29.484042154450318,0.32217017388064223,0.05796755686868802,0.07709504044724996,0.082966414991557,0.05752792135173323,0.023757336596787495,0.0,0.032431503601778044,0.13136701830251177,0.2345844463020943,0.05073395024267645,0.009112682850705326,0.04894054692599907,0.0,0.07906983646139297,0.0,0.11950845664332829,0.07465100465744517,0.0744114281378928,0.08193575505605702,0.05436777831291663,0.16006085591696237,0.13746466216144723,0.14049416699723366
8.93191457940007,0.24078331777803402,0.5030483258356767,37.24281586433399,10.611949025682861,38.71414271003756,0.19239221102558232,0.08184968349146238,0.10877457785193784,0.0,0.0,0.0,0.1674091555115652,0.038405823458442054,0.03755593687118522,0.12282190263578097,0.0,0.022569953347517477,0.0330384572859966,0.0893513844941235,0.048009436454750726,0.06651722648494053,0.07530467143677896,0.036039678818253984,0.05503347649908347,0.0,0.06572073593575302,0.049954679632639255,0.2277447837795788,0.0
10.463768437192257,0.1988889574936511,0.4937176562444975,25.288394666003697,10.099334326088687,64.51805834640722,0.179388253966359,0.0,0.06003972615891158,0.0,0.00475536769883309,0.11629284693472053,0.02787661666211342,0.02576988336467054,0.048681353466975996,0.13569210090465098,0.026677934242919865,0.031879283926652374,0.05036924371418747,0.06568339503318746,0.020180731552115513,0.31246332790259523,0.028708493742211856,0.08013003284117079,0.0,0.11431831129951091,0.0,0.2232649011955597,0.47392527990316247,0.0
9.960258815776623,0.29708973047544396,0.18912103162762484,33.82845437391615,9.879131854661404,50.34607507799748,0.12153986069724351,0.05429260239583452,0.03236168324928219,0.008656060843153287,0.020183991779819773,0.01951408085895277,0.20829632407129126,0.00500431352907332,0.035389189523200935,0.16631539361201464,0.11298252457294675,0.02550530652791532,0.0,0.0,0.0019403956829039636,0.15476381268440234,0.027058542043949883,0.09510702927997246,0.08325767326484373,0.0,0.03666259178688354,0.0,0.3260836333818651,0.028840298489084475
4.400032154828174,0.12736542582519605,0.49501618686286275,21.64633971437253,8.859451316018093,32.19215436094571,0.026512147882515893,0.05469163591166278,0.018785006801349424,0.0,0.06598748938167023,0.0,0.09182106885292006,0.08338192980113768,0.12871736496825087,0.0,0.0,0.0,0.01042368163723078,0.4257472813903904,0.037110410050773535,0.20012727293941385,0.0,0.016413230515657955,0.0,0.0,0.07861731526633517,0.0,0.2673994688926065,0.04236933825276954
7.860856120521741,0.24920821097951695,0.4687768404952134,38.694953100659994,8.838840614579464,27.64092564401185,0.09978546504224868,0.17647402583367244,0.07923324361300088,0.027609266307610493,0.01233828811334016,0.0,0.0,0.0,0.0,0.1575310763712655,0.06981491258199521,0.009676128654127186,0.026575353189825363,0.18843558326581794,0.05722561740292931,0.2616544634537476,0.00837473477439717,0.007609985753478259,0.10268612693252535,0.0,0.0,0.0,0.3827556473828249,0.03994749406223375
0.027599176754637078,0.2904461843263196,0.3548694000000151,36.36511921092115,6.8911301528318285,60.82735970256699,0.3157480001021998,0.09642369376498723,0.04611530850154812,0.0,0.0,0.0872889953204124,0.16194578037081792,0.004968602310057501,0.0,0.03632286271780223,0.010868996548063128,0.0,0.06491494323548576,0.1453626407142737,0.08326834176166963,0.001689907658014106,0.09267003696735646,0.07489500542847376,0.012791699429691869,0.09997572949097522,0.022580621000925984,0.209845426300587,0.042981349282139425,0.0
3.6980680229951823,0.575857016960368,0.5742348400130972,47.46388900381581,9.000268532042496,27.126954657630726,0.159189342962639,0.16458010114039195,0.0,0.06297722799428132,0.054580758878964825,0.04242666704672121,0.07133339009437327,0.010625741793699628,0.00737357388044791,0.21746597312725785,0.14474786831610045,0.03063481309996182,0.03670478142886965,0.0,0.023422655344265925,0.0,0.04975583266494421,0.049306191111636796,0.043916692164436166,0.08270296456641454,0.05947447077097011,0.18460409939131528,0.2205095427650643,0.11755777747611457
7.941154928353029,0.3984945695370883,0.44461879514817215,38.6466097491353,8.648146170409722,44.908957065541635,0.19045802788659594,0.11417017833994977,0.08836289707559944,0.018043931636224073,0.020571803848042844,0.043095212778270456,0.14601835234657048,0.0,0.002260659021952806,0.0,0.013991182667998592,0.030721256102407894,0.0,0.0,0.05092400454363871,0.19733020817723612,0.07737422963773007,0.06564833363565747,0.12433916793842598,0.05136257959333016,0.018554115705014734,0.11301208767056119,0.15254568993608686,0.03861568400671855
4.746027741524555,0.3925223494823317,0.33134091269880084,32.65415387127688,8.42080239280272,42.13101083580915,0.09442017664217886,0.029373939982579006,0.024127492414629234,0.0,0.015653955272528358,0.04101893452456088,0.17496462701230592,0.0,0.026822673272553124,0.19208479402336281,0.22305649905483538,0.0,0.039876394689982275,0.14043620938392298,0.006515935705793056,0.04030804839019944,0.051367589498857315,0.0,0.0,0.04992476997111796,0.03024423389668828,0.12118801445141654,0.19160085990941245,0.0
3.6189633283579665,0.25957120690897606,0.44209526489792084,37.399733980820784,8.935887079027331,62.860801319274984,0.07732109680971674,0.10716847180649314,0.0,0.03339296422755842,0.05306182003095173,0.05625336891747547,0.12466238495937934,0.05240357610561787,0.0,0.08076622370772464,0.045145293900300594,0.0,0.010721172620129366,0.14000456915928056,0.0,0.20531811214370652,0.07368542427893834,0.0,0.052166950207017206,0.03515727591218726,0.0,0.08293849893606814,0.3384879962188303,0.0864547590424917
2.8610571313175823,0.3601363511334467,0.5282708921300685,36.18659348799477,7.727534816228666,54.312199148695015,-0.012757006499036674,0.07177173570839818,0.0,0.00232865165386854,0.0005964475614491094,0.01896595451915996,0.005958342943226447,0.0,0.052907699355618946,0.05721421065216561,0.10498882977492148,0.0,0.0,0.21488519708237858,0.03760166278598008,0.4549624795105949,0.0,0.02768592200843742,0.045711595935963086,0.12382740798287503,0.0,0.09937812916949593,0.476205937290022,0.002924767803789627
11.6781092554506,0.4995440962122156,0.3951223954538481,35.769679039240486,10.13764575634289,37.229999257249986,-0.04399571419306593,0.10297566316836787,0.0,0.0,0.0069623497565494945,0.03375144479465209,0.0,0.04064096516583425,0.13073113063211586,0.2567923410350245,0.19570639261113898,0.0,0.0,0.04751733169285719,0.04828181570255614,0.2887994385791674,0.0,0.022549333965791576,0.15690881834468057,0.0,0.016371956044106756,0.0,0.5862331515026269,0.0
0.7639649153697663,0.3982912856009149,0.2314173211339596,36.69290688017051,7.995316388159447,36.714639733160816,0.007709535747494223,0.07880127763760733,0.0,0.07554785398979608,0.024069111892318654,0.05286796392585327,0.06668146670669144,0.01647978258860583,0.06206665580414844,0.0,0.13504815334892112,0.0,0.0,0.13408059550249013,0.0,0.43263815732165534,0.0038083087344090855,0.017353159252707726,0.0,0.057266048214372346,0.02986311760504772,0.1399972584532414,0.3551524331986254,0.09961721134692123
7.252883048299283,0.31417781877174894,0.527929477443171,20.799901873088267,9.344559257060299,56.08168431852065,-0.04751300751232008,0.09837765504568895,0.0,0.0,0.0,0.04486482366316883,0.037234419119521994,0.0,0.01601180718623297,0.09044303904762856,0.14962423986514756,0.030698850570927236,0.0,0.3265670808063466,0.0,0.4113127073358509,0.0,0.0015048806389513607,0.006752003381265276,0.0015482352401060967,0.0,0.012713628518827236,0.4850927334594316,0.0
5.561282934968304,0.35811637485571374,0.5787842515181072,35.21968962459099,9.070806850697942,60.073957099449,0.16361749020603622,0.027362820091169367,0.010834720375069835,0.0,0.0,0.0,0.22947952808050723,0.04811640981961059,0.01870018651095868,0.010630462532736223,0.12008548175335822,0.011169370479628958,0.08290527507780131,0.17182659316107768,0.000226831725195914,0.04961931558522946,0.102064073225492,0.0,0.13424012678443917,0.018715654221377095,0.05264510007685572,0.04655814407613688,0.10836635113184317,0.0
6.733136232744937,0.5272544632399164,0.4929433955417754,36.79904024220776,9.651726653132291,36.80620663936516,0.0847544331997265,0.05229067319858242,0.0,0.0,0.009412534056951097,0.19948470181082492,0.02264924133444872,0.02633914664828438,0.018785640224619725,0.1329055132417102,0.09175099970802103,0.0,0.0,0.11584597731533544,0.029951778270856377,0.1541438385645979,0.0956036344243729,0.0,0.054138948971158014,0.11564865768274697,0.015481038734708684,0.3306144089796797,0.31338869864117624,0.0
3.9547964527527317,0.4846015138037544,0.5885122822013895,35.230194866656646,9.034722486241245,37.9760411828318,0.27270645482675665,0.02397750674624987,0.04069175306813335,0.03891393682125269,0.05904580468530213,0.02465530859949636,0.16968418175630134,0.013684920235638285,0.0673468812738056,0.2338731960601642,0.22522051486762018,0.030821872662656468,0.0031810198733399596,0.0,0.08993826430575197,0.0,0.11767934600317914,0.06190779129930961,0.02430603400953407,0.034518772463516825,0.053754848440291415,0.11292884090897143,0.07791633443318727,0.09795968504099584
10.529584703220465,0.2498725012731878,0.43492932155686614,37.3155858170186,10.58875273049148,38.045154864854744,0.0478705540414569,0.0,0.06171827195400756,0.0,0.023233188630390193,0.05893866079077478,0.0,0.005895557379063176,0.0801665429866823,0.19315041988705595,0.04141526998046157,0.0,0.01727453803246716,0.2699215833209557,0.00897445120520628,0.2931693053189318,0.0,0.03778308876364411,0.010519088683492349,0.07737063367680552,0.02003176454787086,0.15634112629856606,0.4922151561795467,0.0
11.060843237475265,0.05901059826136773,0.4036591121138878,35.49650204223698,9.770677356343887,33.64753103516527,0.11960123323621982,0.0,0.10998857819244925,0.08928363766983893,0.03819922694796217,0.0036309442202239195,0.10393536655242834,0.0,0.018093000492736315,0.008035458523099073,0.0,0.03841897949033641,0.025329055932307734,0.14917407355080595,0.0,0.3335586479847369,0.007937580352346353,0.0874278280689773,0.08637553261663808,0.04361678567392112,0.015072819554816336,0.06232069344112591,0.3308072361457042,0.12748272723343348
-1.4104414656567048,0.6622870571119522,0.2904257539906097,37.09675032555938,5.911796477303033,41.807558165947185,0.21854798464213623,0.1433931553657126,0.08974190927648898,0.059435877605575185,0.017029739728429548,0.11637765552976176,0.328830718178316,0.05905412339290107,0.0413479001262223,0.2279587750050781,0.17704599636726337,0.01044238447343804,0.08356742709719367,0.0,0.0,0.0,0.021668879919233303,0.11851420894894792,0.12559685625613565,0.035976127102694114,0.012106880545294307,0.1644605578667735,0.0,0.07646585777931439
0.4729163019973601,0.24412670009468077,0.319150922772403,45.17484765481619,6.630243401744618,59.595944489156544,0.037045957285800415,0.0,0.11988822254986103,0.031131146802849473,0.012904796641749119,0.01185205244352363,0.0,0.0,0.11264953176093737,0.0,0.0,0.033153098440451806,0.03231385773895918,0.19617501053016306,6.0734633281059325e-05,0.525460188191771,0.0245983976506072,0.0,0.02635892075278479,0.09666776488170019,0.0,0.08220308662007635,0.4672217716513992,0.04403617198991483
11.463399034052042,0.2811476472622659,0.5043044791258969,37.7220082121717,10.739635675246303,41.912739278776144,-0.039090144257415735,0.06715986616534426,0.036938890188257086,0.0,0.014937020096651425,0.0,0.21482932939954463,0.0,0.06050793841625698,0.2303181648899409,0.13739651664735927,0.0,0.0,0.13480251594322437,0.022539301397869308,0.16638136857528765,0.0,0.0,0.0676556856495697,0.0,0.06341127327007684,0.0,0.38464507420128813,0.0
5.9825074828497655,0.44205067155149086,0.5636305191472076,43.127535310630904,9.077573590037854,40.34414367595391,0.27308203896093347,0.14808069489294107,0.0,0.03161032368398385,0.03795244158737023,0.0,0.0,0.06417220255920701,0.065157799607691,0.023202095305126652,0.1672941667415631,0.025849642992557122,0.045100554631599246,0.10346604334665022,0.08598836487450576,0.07815669100218849,0.09151169385110736,0.05048168787756367,0.03209347988364092,0.0,0.014387386869511607,0.003574632204771541,0.1655311744775705,0.06956315203697885
5.7035407421921045,0.3937569981106707,0.4121384281691559,41.497873445456676,8.19840065000505,58.16778366600088,0.1902398148146806,0.0,0.0,0.0,0.0,0.0912611269722983,0.212800508311413,0.0,0.17859923287465992,0.1504662295567076,0.03386235021111002,0.005328315456222379,0.025946514721676462,0.05943495035609075,0.050817880244296176,0.025818528644651645,0.0981776230451039,0.015297927210964988,0.0,0.06345385209739285,0.06894153461002424,0.22365662121072288,0.16436854510309262,0.0
8.610486641252837,0.30818297099336645,0.49188711172164845,48.162299601234615,10.004106327007323,35.08663442253615,-0.02949127670396591,0.0,0.0,0.0,0.0,0.016966054605288373,0.17613016718965324,0.0,0.0,0.013353511885424593,0.14859293569576787,0.0,0.0,0.1985076365297646,0.0,0.46608281059369827,0.04704626666115945,0.0,0.05989368345088516,0.036825286973079456,0.07720933382198589,0.13100057452456554,0.45644249875180865,0.0
8.079976662667546,0.31904030451082405,0.5497006137974318,28.92913574120609,9.676219026248589,50.950754028799096,0.33456688148708535,0.10151953824477222,0.0,0.052246363181677066,0.04316579536188775,0.0,0.06347103981982677,0.06181501251083711,0.042593907296987504,0.06409480199870254,0.02170056264727692,0.02231153976716026,0.09584825824026422,0.0,0.07947394694995626,0.0767111964835339,0.029583151799867986,0.12966161985592148,0.049241671934675886,0.0739997903416163,0.03800043802429877,0.08167280748261248,0.2026212614154529,0.09541222273023935
1.0316601337453015,0.3359109808046387,0.23706798679067448,39.156546386840944,6.754946463523936,27.68650682558538,0.04254790105983196,0.16005718911734437,0.0719225046016863,0.06903359259027331,0.09582510154898642,0.0,0.19307345219100303,0.015582620015337223,0.06961013444945473,0.13231600616367412,0.0034401953687708264,0.015642377421599386,0.0,0.025083598806492066,0.01820874444605309,0.01870407668291199,0.07227999308291899,0.0,0.10600292926235327,0.011108184777012836,0.0,0.0,0.1666028093097447,0.16485872165956547
-4.065000616622998,0.48470846888974806,0.35421466882247177,15.698067305562574,5.060455653477086,48.582680345192045,0.12831563310808458,0.08871702782247487,0.04823709539040482,0.001569693861665604,0.05126525157538411,0.11250334320729183,0.0,0.0,0.1708542741568081,0.0010021649689861273,0.0,0.03532509395499617,0.0008695963416766074,0.1131983121403671,0.008789251123785851,0.22138802046185713,0.09617664997410437,0.02247990490698459,0.09224028457345457,0.03244219484347539,0.029008565095123832,0.17395411993466048,0.20046778354495576,0.052834955406573174
2.662809118272209,0.5141622831922112,0.24685798351040444,39.91073248620484,7.924090269672014,44.68527903804121,0.1773908253055262,0.1297195816013145,0.047228635182584106,0.026424585996793384,0.04866560289040037,0.07373358817441601,0.0,0.05105938818885941,0.06550281106511903,0.2971357368466857,0.11014506563006146,0.03172404071273485,0.023698078271714888,0.012077810952776089,0.026600228748068253,0.0,0.06690047577429833,0.06019184741815116,0.0,0.06730833675237471,0.038218915166823575,0.17926055424703696,0.23656755972260834,0.07509020254429231
-1.616244929106598,0.29019759387935085,0.46622119111536575,35.80152660659177,6.522893639498982,35.812628731475044,0.06059710932123137,0.0,0.0,0.07963519741472483,0.021083510560729234,0.17760897326704633,0.01882857343661995,0.0,0.0814366833435027,0.14456469757802265,0.0,0.0,0.007361536570324977,0.23928442574718234,0.0589749858984531,0.17415441561467718,0.012951419924700756,0.0,0.0,0.09532220201410366,0.00993772937539715,0.2828690639918588,0.317426701526109,0.1007185977262377
5.32347143751124,0.3626175023215441,0.43220908084375376,40.45534957825312,7.833361867015752,39.470491953941,0.05687838502287583,0.19802114445948688,0.022467269205096507,0.04427834234004741,0.03638455273193855,0.0,0.0,0.05789871513643251,0.1253169797345151,0.12273497795770828,0.11179634903436465,0.004674034685650497,0.05274599008116535,0.08195280147558202,0.04159650113606496,0.21738258637350039,0.0,0.0,0.03184399111482872,0.0,0.0,0.0,0.39801590439223633,0.08066311008443433
8.850381961725025,0.19530583349828168,0.4472646213689585,18.83389129556412,9.532502744314707,44.536686417935535,0.1125526902408669,0.03176244219263871,0.08320497201108842,0.0,0.04061903419826528,0.01521224609876002,0.05787873337531861,0.0,0.11724413291647018,0.1551224134351242,0.0,0.0,0.02533567613168614,0.21780682024609216,0.0,0.2535921574057439,0.05517677938211013,0.03512743007917522,0.025082629297762178,0.06426836892258625,0.0,0.05968841662020933,0.40502363356562343,0.0
3.471230188331538,0.5300190722982303,0.3797525851157014,44.137757372318546,8.248336483487902,20.019700089471574,0.17330655204028098,0.027674153759115888,0.0,0.010382697378556812,0.02020623207746903,0.05279382318322785,0.18495708253004092,0.058013902463221786,0.06421341346729786,0.1457885658720659,0.12992854035970847,0.00602269309417266,0.044647205161018055,0.0,0.0747941373650527,0.0,0.023168627919605014,0.030696715625523875,0.12604665913368204,0.09904485821525055,0.024295214114337372,0.1761335989337757,0.12330081938373641,0.030588946512222152
4.077632532965066,0.13444157050053,0.4252817072686392,32.81452719117749,8.261438713407895,40.460207902647106,0.23904955067070588,0.0034441499365475622,0.06895508132834088,0.0641415031718353,0.0010255403851608634,0.09214046741775143,0.05800963397140656,0.04069957221723621,0.02080177693518294,0.06224025965888715,0.0,0.0,0.018751870905763232,0.2170925606232179,0.032628711221763564,0.11434508435872007,0.06258306232253048,0.12508590509742498,0.0,0.008066774309191404,0.09495344335819197,0.1951606914231462,0.21728479860480515,0.0651670078937896
2.213541924181314,0.002135811895671025,0.18376143761492822,44.574231852941125,8.90708821386918,41.67180176482378,0.053790497959052816,0.0,0.140563418188072,0.02947474902810564,0.07361416636955771,0.02254861931082216,0.11672228612435306,0.029730478542059655,0.06100271251891029,0.135086834345915,0.0944491204791581,0.0,0.0,0.11548725915112862,0.06689014118754247,0.30339411190527377,0.0451234676364862,0.0,0.0,0.0,0.02406308996213862,0.014046847612153066,0.46821185059774184,0.10308882432833291
2.7812065015087564,0.3352895245657771,0.1936011492926264,39.97445983089888,8.16846128085094,42.07337619752973,0.10761576574981517,0.026002632428057067,0.0,0.07426755227009724,0.0,0.06826925603796324,0.052619995907626484,0.024262171463502687,0.0825721841690425,0.19580753700228926,0.19941487343356745,0.0,0.04820939974666657,0.21931369459891265,0.0,0.021800036126818967,0.051282954385862854,0.014077661767428532,0.04921366346684406,0.0,0.02943487057262336,0.0016697995025613255,0.24186965301664448,0.06409864480373574
5.750605345157183,0.4209347401410114,0.4518114756147409,46.46496488370411,8.264905349990055,42.784417615065806,0.09552268023683552,0.1543491870302123,0.0,0.1318057151149024,0.036642137595958094,0.014899182116372998,0.2597906523183191,0.10781803826532182,0.045779812343032016,0.0829614937003062,0.07313209043638591,0.05395279551073444,0.043693876209387264,0.0,0.040300554980222655,0.0,0.023604998479583895,0.0,0.031819596539773315,0.0027288097997453,0.04427272896232795,0.0619007804959052,0.1482908165498592,0.16844783773666747
2.8759101210953606,0.56587883864503,0.3407160867601589,30.20725234298181,8.131271689102748,43.92462330323961,0.04785160341318795,0.18407312457266534,0.0,0.007171770229205135,0.0,0.09755615704595125,0.10581591673622048,0.017634853055883325,0.04109443253456012,0.1615660726610833,0.17547677754179206,0.0,0.0,0.06403733362014943,0.0,0.09329447928237639,0.0662793095432624,0.00748535738891622,0.0,0.04711823365615009,0.06765301380071316,0.21232744019716426,0.27249545000168635,0.0032477846616797007
3.841057565612899,0.3291722265401605,0.3900262251466018,22.41530600168021,8.11592968253135,54.1167662793024,0.08363266676330167,0.09975899373331276,0.10820255346981827,0.008125137856497142,0.050082568445584834,0.043129247307615984,0.11009221964465263,0.0,0.0,0.3248052196146071,0.06285672326697975,0.04251419535845789,0.07099293512818451,0.0022871816886468888,0.027456890863547266,0.012806717394220624,0.0,0.01610816963900756,0.05236909244895252,0.00682555967088324,0.03264445653258077,0.08259896394456741,0.3084052008214476,0.05820752793715342
8.85208455084306,0.35762029151454555,0.43263930618009183,40.21709469585565,9.214852650596267,41.51227170626031,0.007883501938266702,0.020223905368597132,0.0,0.0,0.008036177136104656,0.00011981081284393597,0.14804429196511823,0.039293659939357344,0.03225360274412664,0.21932932901350377,0.14932174034418108,0.0,0.016025762032345042,0.16223134819951696,0.01863316624480884,0.1639393817007837,0.005631690446776451,0.0,0.01886984891944548,0.08653264092629803,0.07678143917157136,0.16343429548713245,0.42256257342760994,0.0
6.859727772857258,0.4369920764702343,0.4587007781040163,54.22682452709725,9.56338370538806,57.5212010311038,0.1250935071592443,0.13255511701212563,0.0316763958689627,0.041250500405329946,0.009656872589935429,0.0,0.0,0.0,0.03692032744211938,0.23815395490360708,0.29512693843539656,0.0,0.05657202464494972,0.12423778753544229,0.030752793781646966,0.05702946669760692,0.0,0.10471146553131173,0.065067513402086,0.0,0.0,0.0,0.26813542782165994,0.05090745649296209
6.667640879922565,0.22233863911998436,0.23894180936677814,38.219233515042596,9.32044121485068,52.09315748512482,0.02970252508438162,0.10054326252719857,0.00684016356387801,0.03557728713415023,0.030697183951507466,0.022978579687433498,0.12196018912298556,0.019354921536690727,0.10817959824248209,0.0,0.04385432296468824,0.030472288176262397,0.0,0.2002662519345465,0.03769719258380066,0.43378747782965343,0.030226530923060466,0.0,0.0,0.0,0.026290667812511007,0.0,0.3526177278891502,0.06627428354476099
-2.090189966625343,0.5441312385465151,0.2825016336420807,30.240737401740155,5.551029428568594,37.3339838928235,0.30169508537854073,0.1277334133793749,0.1338131548903134,0.04192816950207559,0.038439731498787356,0.0883427234225248,0.0,0.0,0.0,0.21026202127629737,0.14054565571568456,0.0,0.06581034888734014,0.0,0.057128293046590686,0.0,0.09330678161585818,0.08544993627807662,0.15588141373443398,0.005722191847738707,0.03963811446187973,0.13370306195889164,0.15697272823974168,0.08036806029640889
10.239060008575084,0.028296706965855678,0.3224874569333648,38.56729037206827,10.401034428018985,47.78198219668846,0.1971476701198675,0.0,0.013053572485095442,0.041295391138199605,0.02785457418874933,0.0,0.0,0.0,0.038532314499474724,0.0,0.016247425202101123,0.022253917691264228,0.0,0.4020200102913753,0.09764434179870148,0.4588628510768622,0.10250760379372416,0.01314274539318936,0.01118606635425165,0.0,0.02433974155238484,0.0,0.30938709516666235,0.06915001778161999
0.06246626651917797,0.6043875018824233,0.2750605331630466,31.554248079885596,6.973137662071945,46.978702622453795,0.2387770403271234,0.15510445096528955,0.0,0.018886207996188127,0.028372677377480643,0.07186359144211985,0.07273023017801619,0.0,0.13008898912319802,0.20270841620871072,0.14378211158111334,0.04066131489024928,0.0488648796500632,0.0,0.021046352660911524,0.0,0.08123981432582873,0.08762601717501184,0.10508540188076723,0.0,0.04133796294357354,0.02966515923622643,0.14141714155726123,0.047259092188884785
-3.6192849484518197,0.41873508860734526,0.29153417567284845,28.693036258241094,5.779058228864303,42.6037940081558,0.22571280512874903,0.019836976847629674,0.08050110893578166,0.07635637590348658,0.057953536649105235,0.07606327868800686,0.11445192635956973,0.019073962690398214,0.02920352827094102,0.05045250667651174,0.10588709680246185,0.009995898460501125,0.016732968510244486,0.0,0.012417921593296936,0.0,0.1019479713910604,0.09461396280078335,0.091590884546321,0.09562653820026697,0.0,0.1622209721287926,0.06357529103599521,0.13431010894285014
2.7222028344663642,0.2868032192238624,0.5392080096085134,31.75728415449644,7.972412654543707,44.519946593498666,0.09030565835245306,0.0,0.0693365136401748,0.10222355313370937,0.0,0.04012391844574518,0.26196321717126897,0.0,0.0809267139226836,0.0,0.06563656914161485,0.01702041498388989,0.0,0.04117387045913824,0.007650668337774788,0.25140167284507087,0.08792382358914072,0.0,0.032987952203900356,0.0121580958313799,0.0478981290941942,0.10018035709594712,0.15100585401635558,0.09941195723329421
2.0966045244840705,0.35128679713973504,0.16593792855663772,39.96250633944341,6.651584373092389,39.42979087515652,0.0239425269958283,0.00936769229026102,0.0,0.1201289448409462,0.007028448627253171,0.0,0.14774655506124743,0.04666980629302169,0.1681424347481546,0.11087852192605925,0.16038154873461047,0.013744868611838816,0.0,0.05164485365308391,0.0,0.2211639920492779,0.10194962194710458,0.0,0.0,0.023239440639931507,0.017144721365362478,0.029878394391369065,0.3787122417757872,0.12715719268320239
4.962615780231137,0.3788220485797789,0.32965699806290094,18.66230334179783,8.502567079128559,53.358644842491,0.2860556938028465,0.08973190308776663,0.00021669634080642708,0.04041476728077378,0.0716943062693848,0.0402722500334284,0.3612919589893709,0.09229010600331168,0.15905355047236444,0.056670129009604275,0.0,0.0007117519583637114,0.05224776437645838,0.0,0.11394235777217178,0.0,0.10929224322720534,0.010573783239971796,0.13043759715290534,0.0009896532997047298,0.0,0.03711387967984437,0.03822307105838635,0.11210901978207546
5.259536001130343,0.3367610065198834,0.40156703080540607,27.44320395467219,9.34673579322325,28.921172949993387,0.12014826248157073,0.0065386973862135295,0.0,0.011334167668229518,0.03795995909511061,0.017062214492219865,0.0,0.008514840117176178,0.07894325753246464,0.11762334904045209,0.06042841911932341,0.004473345096005849,0.034971761992913006,0.19879800992831084,0.02076582391251608,0.19718269164112426,0.04092627714202528,0.023484551148255838,0.04597864949489975,0.06602632464045469,0.057310396993373404,0.14039885553167994,0.3233202810172591,0.049294179201875926
5.998147798996623,0.33249030819927045,0.5355814929192092,24.237901616554264,8.307329328048478,32.828562623160224,0.037947982770829586,0.0,0.06960842706900605,0.058584589381138336,0.0,0.0737872326930143,0.014152601286600203,0.057004968975641473,0.0,0.16341492121731918,0.041578461355882,0.024254203313541563,0.05233051023063755,0.13050000540223744,0.0,0.1608114895855468,0.0,0.013788069075362269,0.05773009927156062,0.09164039324223557,0.06432189613283236,0.22974944842897127,0.38123138114376887,0.03406902238686473
4.602386716380221,0.38081401520718217,0.38710287587999914,22.032594329826743,7.78622614282537,30.336374513967925,0.01912993351404177,0.002922228798112221,0.0,0.007476120532879818,0.0791565971538917,0.0,0.0,0.0,0.0442108150224597,0.22594183180296218,0.19998112101628224,0.01672028568320096,0.0,0.31990795659438204,0.0,0.09957629978243568,0.013536133475237102,0.044948403062433834,0.10006044551221455,0.000645917579973055,0.02211914818433608,0.01691919973928646,0.2879852995688937,0.0866327994614168
3.6817507331368207,0.4268236197879759,0.592257677138583,33.84106402810135,8.049126094371102,54.369537947013555,0.19371358988751552,0.0,0.110861792138365,0.09905007599812685,0.016596930749373694,0.0,0.0,0.0,0.04606179560862151,0.012390197491953733,0.16689258483296165,0.030414727341411048,0.04868806033441413,0.07893193965376641,0.03162281468121027,0.09600689659185316,0.08077884013879669,0.03262370265634683,0.1372524961720352,0.02480699027524242,0.05316267907969085,0.060188794090158454,0.10473788463824585,0.11564664905583191
2.2594647815090743,0.33469101355608455,0.36335243319925287,32.399032179822264,7.457907335277292,48.473438814576824,0.2330356880413778,0.16431855078671836,0.00210468378469476,0.028901439345761226,0.0,0.060537418983788574,0.10348599559173763,0.03932892793289802,0.0,0.04788106950799361,0.07799045235916852,0.026726150395120524,0.044215433462444,0.11006177266256024,0.034996242628928156,0.11040481669680305,0.1111864772841734,0.04263745763674311,0.0,0.0,0.03939976240003196,0.08521286299870934,0.19761455811934625,0.019005885519298774
4.570627519104135,0.16638570043615872,0.3469132613969996,34.60160371750159,7.249668504782503,55.43332508870256,0.15401104895042383,0.0006697334586348996,0.08317275060976317,0.010465620423692007,0.0347168814124328,0.03180518083242387,0.07672452842541,0.026102690274376148,0.0,0.0,0.011243128704869501,0.0010411198675326205,0.012004993686029891,0.1664490864940165,0.0869579087233764,0.351060977982219,0.021517595778482116,0.03353054974642369,0.014248004745403907,0.01481119999202584,0.09690140557318891,0.1435176093724075,0.30807428181511065,0.04518263903695747
4.980768015591393,0.30295052300463626,0.2599479364049916,48.113580195450076,9.207925359512418,60.05898785393469,0.12330010218809749,0.1525305939716844,0.12097754268821806,0.0,0.007860155286305633,0.029228624043363634,0.050820246954246535,0.032910712133134824,0.016505599099383136,0.0060888933328238914,0.09662703048982076,0.0,0.023336933649854705,0.07932844520915779,0.0,0.28919844230059216,0.08771491959947803,0.04070957681426705,0.026601664901009726,0.0,0.0354963453641285,0.013816112910935416,0.3281977308940781,0.0
9.379806759111759,0.4650934734833686,0.4699972506775162,31.37243427634876,9.618870049117596,33.14449813760086,0.10641400805237751,0.011957316640877617,0.006431997177819563,0.0,0.02423336956991867,0.1982814455038593,0.0,0.0,0.07915750191344043,0.10672665543791746,0.0027044784892486934,0.0,0.07782999203615926,0.1743244432231728,0.019824431263198397,0.18171467590386672,0.04544608785097773,0.0,0.11981016999870633,0.08830306811568053,0.0,0.257325289130022,0.2771832093873534,0.0
9.500908371267244,0.5198866812585372,0.5049767341042692,40.9852988154959,10.697347372309766,28.72012646775802,0.22268347433369162,0.12478915311282993,0.023998939020081028,0.0,0.01435856027493277,0.10225342733190251,0.11712441671273639,0.025513539850246618,0.02603972402397592,0.28632692942143173,0.18700073342241025,0.0,0.0,0.0,0.017619261836352942,0.0,0.12723676026023467,0.08235730882314711,0.1060951573807844,0.0,0.031109524810146373,0.10310557342706307,0.23194273097790147,0.0
3.95374978316959,0.25034327505525644,0.3065807625470986,39.54655043587395,8.334185186014755,47.95635681374325,0.05251295518879104,0.013240023704479999,0.0,0.000421134395966017,0.0021496733682521384,0.05851454935364733,0.12159097592078055,0.0,0.0027512931089185774,0.0698138836237854,0.056593956143615134,0.008017112477053128,0.0,0.32306855318328453,0.041466636179371894,0.27298448004066317,0.0,0.026130000183080267,0.05368276016447796,0.03203159717626144,0.02551230852814148,0.11605850314356192,0.31478132862431935,0.0025711715440290064
11.962211346646463,0.08717559628521993,0.36040679939302467,39.76444764523881,10.730028825199582,47.96069415878828,0.05024397699400175,0.0,0.0,0.0,0.057851684326379015,0.027352411664068203,0.0,0.027480963342810975,0.09772792348112155,0.0367919199505566,0.0,0.010288714754226012,0.03138732724400266,0.3500145080581031,0.028483392164451542,0.4806319987401704,0.01793005312176945,0.0,0.0,0.051913691316111156,0.03114770081552505,0.11041361502523647,0.5449047630159272,0.0023184690492228377
4.294400753862702,0.3886458650928609,0.5046445848897322,29.51302987890044,9.911388807052052,44.73066855049678,0.15481546275262514,0.17652478568642765,0.0,0.058351347979935894,0.01756708896492706,0.01966339052408624,0.20970958803004974,0.02980892758864026,0.14040133849301362,0.22712879864886357,0.14490977107475767,0.007464915922425392,0.053490888344613866,0.0,0.0,0.0,0.09221936149653354,0.02682014083048972,0.012391605872501855,0.0,0.0,0.0,0.21451991333014725,0.07591828460063367
4.5606023989768705,0.3862344319814668,0.5251412220531768,42.19192929517829,8.836264549493693,50.54760280098998,-0.027098130582656435,0.0029824872268292488,0.017510634018089458,0.04363996020266985,0.09662948457964655,0.09850589336750581,0.0,0.0,0.07337878303202813,0.15090509361188106,0.07089463457875111,0.0,0.0,0.12074551247086705,0.012757566733334953,0.23018195800734692,0.0,0.04108023669830276,0.03864483427147547,0.09872167637506388,0.02468149643665367,0.22190906639756464,0.368410098632463,0.14026946274299007
