label,count,mean_length,std_length,min_length,max_length,median_length
Gram- only,769,30.36410923276983,25.324732315650042,0,179,22.0
Gram+ only,878,29.8246013667426,19.87108190088568,0,149,25.0
Gram+/-,3756,28.601970181043665,21.15030611427516,2,183,23.0
