ID,Sequence,Probability,Prediction,Label,Expected_Activity,Design_Rationale,Length,Charge,Hydrophobicity,Hydrophobic_Moment
Candidate_001,KWKLFKKIEKVGQNIRDGIIKAGPAVAVVGQATQIAK,0.9979623556137085,1,Anti-Gram-Negative,High,基于已知抗菌肽LL-37的结构特征设计,37,5.990597860146554,0.03702702702702703,0.7952928034524408
Candidate_002,GIGKFLHSAKKFGKAFVGEIMNS,0.9604002237319946,1,Anti-Gram-Negative,Medium,优化的疏水-亲水平衡设计,23,3.030937168596005,0.17347826086956517,0.6862389166068508
Candidate_003,FLPIIAKIIEKFKSKGKDWKK,0.89602130651474,1,Anti-Gram-Negative,High,增强膜穿透能力的设计,21,4.990606177715083,-0.06333333333333334,0.6446089473068843
Candidate_004,AAAAAAAAAAAAAAAAAA,0.5774958729743958,0,Non-Anti-Gram-Negative,Low,缺乏功能性氨基酸的对照序列,18,-0.005093735807939481,0.6199999999999999,0.012776599098319947
Candidate_005,KRWWKWWRR,0.9984046816825867,1,Anti-Gram-Negative,Medium,基于色氨酸-精氨酸模式的短肽设计,9,4.993399789271464,-0.8166666666666664,0.9939228744810978
